1,1.000000000000000000000000000000,0.000000000000000000000000000000,1.0000000000000000000000000000,1.000000000000000000000000000000,1,0,1,C1,unknown
2,0.500000000000000000000000000000,2.000000000000000000000000000000,2.0000000000000000000000000000,0.500000000000000000000000000000,3,0,2,D2,Udo Pirl
3,0.464101615137754587054892683012,1.732050807568877293527446341508,2.1547005383792515290182975610,0.646170927520417433011931705789,6,0,3,D3,Udo Pirl
4,0.414213562373095048801688724210,1.414213562373095048801688724211,2.4142135623730950488016887242,0.686291501015239609586490206323,8,0,4,D4,Udo Pirl
5,0.370191908158750137702237641058,1.175570504584946258337411909280,2.7013016167040798643630809941,0.685210244331082483838548913229,10,0,5,D5,Udo Pirl
6,0.333333333333333333333333333333,1.000000000000000000000000000000,3.0000000000000000000000000000,0.666666666666666666666666666667,12,0,6,D6,Udo Pirl
7,0.333333333333333333333333333333,1.000000000000000000000000000000,3.0000000000000000000000000000,0.777777777777777777777777777778,18,0,6,D6,Udo Pirl
8,0.302593388348611302909204224934,0.867767478235116240951536665699,3.3047648709624865052411502235,0.732502069378347956850484529036,14,1,8,D7,Udo Pirl
9,0.276768653914155215717770973808,0.765366864730179543456919968060,3.6131259297527530557132863469,0.689407990105080826889492036316,16,1,9,D8,Udo Pirl
10,0.262258924190165855095630653709,0.710978235561246550830725976904,3.8130256313981243982516251560,0.687797433173831611140030771305,20,0,8,D1,Udo Pirl
11,0.254854701717148909608835737700,0.684040286651337466088199229364,3.9238044001630872522327544134,0.714460108860706377135717039657,24,0,8,D1,Hans Melissen
12,0.248163470571686841544054487132,0.660152734957922721675778563975,4.0296019301161834974827410413,0.739021297514213772343815403033,24,0,9,D3,Ferenc Fodor
13,0.236067977499789696409173668731,0.618033988749894848204586834365,4.2360679774997896964091736687,0.724465170010935786722969225972,26,0,9,D1,Ferenc Fodor
14,0.231030727971008638446179972284,0.600884161109362022629266500691,4.3284285548608366814039093675,0.747252761735398705778039925469,29,0,10,D1,Michael Goldberg
15,0.221172539086390937264316484926,0.567962867736951456830766814089,4.5213569647061642409073640084,0.733759380688816903352108642740,30,0,10,D5,Sidney Kravitz
16,0.216664742924422421010647936933,0.553185219144344529899886970209,4.6154255948731939855392441620,0.751097773224096888786106263744,32,0,11,D1,Michael Goldberg
17,0.208679665570499743200080125264,0.527421466354574721643738409876,4.7920337483105791701491239533,0.740302447984465470514666718304,35,0,10,D1,George E. Reis
18,0.205604646759568224693193969093,0.517638090205041524697797675249,4.8637033051562731469989727989,0.760918873844282912617123749834,42,0,12,D6,Sidney Kravitz
19,0.205604646759568224693193969093,0.517638090205041524697797675249,4.8637033051562731469989727989,0.803192144613409741095852847046,48,0,12,D6,Ferenc Fodor
20,0.195224011018748878291305694833,0.485163607492511844822024507427,5.1223207369915283214476857922,0.762248289564971668878211375641,38,1,13,D1,Michael Goldberg
21,0.190392146849053511968808973057,0.470331768912710997642393806653,5.2523174750102422915460321681,0.761232561217622700067014658582,38,2,14,D1,George E. Reis
22,0.183833026581681677264411480513,0.450478964645534302465138554635,5.4397189590722134554857208822,0.743480796567988207055753861794,44,0,13,C1,George E. Reis
23,0.180336009254436500349252193252,0.440024232589267455702324446521,5.5452042225748582685233836876,0.747984753377772763266889798945,46,0,13,C1,George E. Reis
24,0.176939130595961682695732682453,0.429953937001232286949050075276,5.6516610917654367675791591314,0.751378942465314807700999639995,44,2,16,C1,George E. Reis
25,0.173827661421222233359259594413,0.420802424153413593799114721521,5.7528243308571153542293693448,0.755401396879276808737517646335,48,1,13,C1,"Ronald L. Graham, Boris D. Lubachevsky, Kari J. Nurmela, Patric R. J. &Ouml;sterg&aring;rd"
26,0.171580252187166848283936226172,0.414235060523768160213886774470,5.8281765369429493922062904714,0.765434356455906124630201508913,48,2,15,C1,"Ronald L. Graham, Boris D. Lubachevsky, Kari J. Nurmela, Patric R. J. &Ouml;sterg&aring;rd"
27,0.169307931134573046568970317658,0.407631028344393935098817008051,5.9063978473941545445249130172,0.773959739716871887968754148584,54,0,15,C3,"Ronald L. Graham, Boris D. Lubachevsky, Kari J. Nurmela, Patric R. J. &Ouml;sterg&aring;rd"
28,0.166252750038606935814942389058,0.398808511923260492016206089319,6.0149380973715121761530340729,0.773919353071186517946963017062,52,2,14,C2,"Ronald L. Graham, Boris D. Lubachevsky, Kari J. Nurmela, Patric R. J. &Ouml;sterg&aring;rd"
29,0.162903649276644353945069772319,0.389211227921075714480725095515,6.1385979039781456873652132661,0.769590369481790565727596723802,50,4,17,C1,"Ronald L. Graham, Boris D. Lubachevsky, Kari J. Nurmela, Patric R. J. &Ouml;sterg&aring;rd"
30,0.161349109064689865167358846536,0.384782537784570553592550494241,6.1977410708792260252433165923,0.781006049879075556490552505972,60,0,16,D2,"Ronald L. Graham, Boris D. Lubachevsky, Kari J. Nurmela, Patric R. J. &Ouml;sterg&aring;rd"
31,0.158944541560340043740860426196,0.377964473009227227214516536236,6.2915026221291811810032315073,0.783164386046626566224690873186,84,0,12,D6,"Ronald L. Graham, Boris D. Lubachevsky, Kari J. Nurmela, Patric R. J. &Ouml;sterg&aring;rd"
32,0.155533985422770861614341265770,0.368360556228273831682910131413,6.4294629709501135719882575974,0.774106259887702364040296379534,62,1,16,C1,"Ronald L. Graham, Boris D. Lubachevsky, Kari J. Nurmela, Patric R. J. &Ouml;sterg&aring;rd"
33,0.154161517947058164731937622494,0.364517626516333052494698927769,6.4867031235604333384960709573,0.784270529319457508510885071100,66,0,17,C1,"Ronald L. Graham, Boris D. Lubachevsky, Kari J. Nurmela, Patric R. J. &Ouml;sterg&aring;rd"
34,0.151264028246755464100569487881,0.356445427744242923582241717245,6.6109570900010028498504099889,0.777947412208797987368785380651,66,2,16,C1,"Ronald L. Graham, Boris D. Lubachevsky, Kari J. Nurmela, Patric R. J. &Ouml;sterg&aring;rd"
35,0.149316776635116022601721177537,0.351051419691791672862212952289,6.6971710917902442087214203194,0.780342492464539555776282355442,66,2,19,C1,"Ronald L. Graham, Boris D. Lubachevsky, Kari J. Nurmela, Patric R. J. &Ouml;sterg&aring;rd"
36,0.148219429761119335369545525679,0.348022565763742191164389046650,6.7467537934241754287626593644,0.790883976913609973686910146248,66,3,19,C1,"Boris D. Lubachevsky, Ronald L. Graham"
37,0.147955904479076327030170123453,0.347296355333860697703433253537,6.7587704831436335362164371093,0.809965137798197658247408439273,90,0,18,C6,"Boris D. Lubachevsky, Ronald L. Graham"
38,0.143639218073289832432495924488,0.335464260168754183187070633561,6.9618869652281487003392861751,0.784024548810832272768674363448,70,3,21,C1,"Boris D. Lubachevsky, Ronald L. Graham"
39,0.141685521745403170506570588310,0.330148273936900359737469243019,7.0578841626240042418445508455,0.782916695818417472994882020231,74,2,19,C1,"Ronald L. Graham, Boris D. Lubachevsky, Kari J. Nurmela, Patric R. J. &Ouml;sterg&aring;rd"
40,0.140373604202714704755923179430,0.326592121621675324895438444963,7.1238464359431248414143006495,0.788189950274416136874520224469,72,4,22,C1,"Ronald L. Graham, Boris D. Lubachevsky, Kari J. Nurmela, Patric R. J. &Ouml;sterg&aring;rd"
41,0.137740812925344543668333160976,0.319488188679441174592234255421,7.2600123286770460209996879266,0.777873793358725262727708303275,76,3,22,C1,"Ronald L. Graham, Boris D. Lubachevsky, Kari J. Nurmela, Patric R. J. &Ouml;sterg&aring;rd"
42,0.136113748715697869103282520606,0.315119608659921318712143392458,7.3467964069427686820835173680,0.778132008756486019051323843773,78,3,20,C1,"Ronald L. Graham, Boris D. Lubachevsky, Kari J. Nurmela, Patric R. J. &Ouml;sterg&aring;rd"
43,0.134771891080212409936044364810,0.311529155585273899379203437985,7.4199448563412109538502726317,0.781028892889475405788981697492,82,2,20,C1,"Ronald L. Graham, Boris D. Lubachevsky, Kari J. Nurmela, Patric R. J. &Ouml;sterg&aring;rd"
44,0.133368245886005585125775990829,0.307785273855688154315506438120,7.4980366829952483920611117219,0.782631916471242010001470100539,86,1,18,C1,"Ronald L. Graham, Boris D. Lubachevsky, Kari J. Nurmela, Patric R. J. &Ouml;sterg&aring;rd"
45,0.132049594251630179295715088299,0.304279123270352118408815944896,7.5729123263675215353211135129,0.784669290390907294122473122418,84,6,18,C3,Eckard Specht
46,0.130715880038233387098796307589,0.300743743125050100013369180605,7.6501799146936677467655841557,0.785985499531811797347224605323,88,2,21,C1,"Ronald L. Graham, Boris D. Lubachevsky, Kari J. Nurmela, Patric R. J. &Ouml;sterg&aring;rd"
47,0.129463747326957253958643624106,0.297434476575627307747608374517,7.7241700525980185827076359726,0.787760507981096881418108299816,86,4,22,C1,"Ronald L. Graham, Boris D. Lubachevsky, Kari J. Nurmela, Patric R. J. &Ouml;sterg&aring;rd"
48,0.128348756542845242582550782087,0.294495665568689369277429142016,7.7912714305586675904508387393,0.790723358692538854399593492955,94,1,22,C1,"Ronald L. Graham, Boris D. Lubachevsky, Kari J. Nurmela, Patric R. J. &Ouml;sterg&aring;rd"
49,0.126792996262206930030641666747,0.290407648402876024121331295841,7.8868709588028646183617076263,0.787746731156253005962519249119,87,6,22,C1,"Ronald L. Graham, Boris D. Lubachevsky, Kari J. Nurmela, Patric R. J. &Ouml;sterg&aring;rd"
50,0.125825489530404188680567705027,0.287872702814938589236646241499,7.9475152747835107452038821496,0.791602690778292704904499796758,94,3,21,C1,"Ronald L. Graham, Boris D. Lubachevsky, Kari J. Nurmela, Patric R. J. &Ouml;sterg&aring;rd"
51,0.124571676602365016800421876010,0.284595947544599523746821821010,8.0275069524191890919129301062,0.791423233187735004577888768080,92,5,24,C1,"Ronald L. Graham, Boris D. Lubachevsky, Kari J. Nurmela, Patric R. J. &Ouml;sterg&aring;rd"
52,0.123690164592469592698028160669,0.282297789194496775658322795786,8.0847171906898829801310519896,0.795561354479435363179611139788,100,2,24,C1,"Ronald L. Graham, Boris D. Lubachevsky, Kari J. Nurmela, Patric R. J. &Ouml;sterg&aring;rd"
53,0.122255623687619917741756548918,0.278567717405939641139614156579,8.1795828268410683199877039635,0.792161188732193413716604217828,101,6,18,C1,Eckard Specht
54,0.121892021856964967683082110027,0.277624221373626952618380973743,8.2039823834693371921171485911,0.802313909588456572062784732362,103,6,18,D1,"Ronald L. Graham, Boris D. Lubachevsky, Kari J. Nurmela, Patric R. J. &Ouml;sterg&aring;rd"
55,0.121786324527999580122322402646,0.277350098112614561009170866729,8.2111025509279785862384425349,0.815754986312157768363618347236,126,6,18,D6,"Ronald L. Graham, Boris D. Lubachevsky, Kari J. Nurmela, Patric R. J. &Ouml;sterg&aring;rd"
56,0.119281497082362427277580294513,0.270873148882889570200703233373,8.3835299225789572914412054485,0.796772230587739630068902039443,108,2,25,C1,Eckard Specht
57,0.118382637651500196288774808577,0.268557863552383204817645222578,8.4471846534104282557549363563,0.798823587147604338859629217157,101,7,25,C1,"Ronald L. Graham, Boris D. Lubachevsky, Kari J. Nurmela, Patric R. J. &Ouml;sterg&aring;rd"
58,0.117308193128286521431023410865,0.265796492535781687954456377210,8.5245537701396069588854198515,0.798150306151355404732710166126,107,5,26,C1,"Ronald L. Graham, Boris D. Lubachevsky, Kari J. Nurmela, Patric R. J. &Ouml;sterg&aring;rd"
59,0.116380564996047018242806338051,0.263417847968738657879421856161,8.5924999593700717605905863678,0.799121718619148345461168777160,112,3,25,C1,"Ronald L. Graham, Boris D. Lubachevsky, Kari J. Nurmela, Patric R. J. &Ouml;sterg&aring;rd"
60,0.115657480132814989492225867360,0.261567158729821131322131049208,8.6462198454579193847041425608,0.802599162640349639966068095190,115,3,25,C1,"Boris D. Lubachevsky, Ronald L. Graham"
61,0.115456141678356872441258327524,0.261052384440103183096812455791,8.6612975755403886690909628653,0.813137359726421708043676982650,144,0,24,C6,"Boris D. Lubachevsky, Ronald L. Graham"
62,0.113253291982580375079587821923,0.255435494620083957110708347285,8.8297654089720517930686110274,0.795231104983279464431215758257,120,2,25,C1,"Boris D. Lubachevsky, Ronald L. Graham"
63,0.112456192917835928601006733985,0.253409898239367319735985125946,8.8923515375505536332378887958,0.796722905511132494890527073804,116,5,28,C1,"Ronald L. Graham, Boris D. Lubachevsky, Kari J. Nurmela, Patric R. J. &Ouml;sterg&aring;rd"
64,0.111582595825726250416836436490,0.251194079047640951893093373504,8.9619711084857383021613006266,0.796843244237272399621422283242,116,6,28,C1,James Buddenhagen
65,0.110896743722961708414948565804,0.249457513376617454993308354889,9.0173973232087350460475542013,0.799375704943156059975139569051,116,7,31,C1,"Ronald L. Graham, Boris D. Lubachevsky, Kari J. Nurmela, Patric R. J. &Ouml;sterg&aring;rd"
66,0.109935057298270566763797746509,0.247027047182805435913903057545,9.0962794269242756647629057074,0.797657310329486152006966071301,124,4,23,C1,"Andrea Grosso, Armju R. M. J. U. Jamali, Marco Locatelli, Fabio Schoen"
67,0.109063482023183282669061521591,0.244828851040588395544180130922,9.1689718817837957262351968737,0.796954488438421945334475958955,124,5,25,C1,"Andrea Grosso, Armju R. M. J. U. Jamali, Marco Locatelli, Fabio Schoen"
68,0.108345017704475043813745804917,0.243020046667704929599817635194,9.2297737467506672260419962729,0.798227714574044727085726573402,130,5,25,C1,Eckard Specht
69,0.107877643364849125222196097586,0.241844949994830326720992374490,9.2697612666410936587426229785,0.802993429718796777967293556313,129,6,21,C3,Eckard Specht
70,0.107001616605762985305856949352,0.239645711785178854700425557341,9.3456531940484826092717512253,0.801454216937268513385948304036,132,4,26,C1,"Andrea Grosso, Armju R. M. J. U. Jamali, Marco Locatelli, Fabio Schoen"
71,0.106204499837112319528232240253,0.237648320712640257561793213780,9.4157968968708229531192841998,0.800837100781234540069532164225,136,3,25,C1,"Andrea Grosso, Armju R. M. J. U. Jamali, Marco Locatelli, Fabio Schoen"
72,0.105553253159066966103790581384,0.236019088966150348839054287398,9.4738908567130273495618118642,0.802187226177269793083565314195,137,3,28,C1,Eckard Specht
73,0.104817999688188429991340483266,0.234182545340898312132405891702,9.5403461521378991406456140615,0.802037353280214095903050938109,138,4,26,C1,"Andrea Grosso, Armju R. M. J. U. Jamali, Marco Locatelli, Fabio Schoen"
74,0.104283629835208560624956037293,0.232849668285112941784469997264,9.5892327643391725982091723484,0.804755583418903277348291823937,142,3,22,C1,"Andrea Grosso, Armju R. M. J. U. Jamali, Marco Locatelli, Fabio Schoen"
75,0.103390915666444882543582730100,0.230626518229613553313633562007,9.6720296319471139991260731919,0.801726108175943838798440486625,141,5,31,C1,"Andrea Grosso, Armju R. M. J. U. Jamali, Marco Locatelli, Fabio Schoen"
76,0.102779181946967004822085630679,0.229105655773787284666289465103,9.7295968021616445662321924714,0.802830578368268868977560423475,142,5,28,C1,Eckard Specht
77,0.102052146983690080204725628923,0.227300831870993851657704451981,9.7989119245067863939174480968,0.801927334206512693814628334785,142,6,30,C1,"Andrea Grosso, Armju R. M. J. U. Jamali, Marco Locatelli, Fabio Schoen"
78,0.101443439719369725871565738408,0.225791996193734740476745627686,9.8577098998848208566592136212,0.802680174043597147528667122756,149,4,29,C1,"Andrea Grosso, Armju R. M. J. U. Jamali, Marco Locatelli, Fabio Schoen"
79,0.100958464654456228989394032478,0.224591324616950344495907971710,9.9050634676610127017578531932,0.805216315245421928008959519318,162,6,30,D6,Eckard Specht
80,0.100319499416176579706634470175,0.223011389823558348816165354303,9.9681518131533798071034975412,0.805120157048980249328737563559,151,6,29,C1,Eckard Specht
81,0.099891475491636197647565339548,0.221954292780854575118555269528,10.0108642412007307859864247798,0.808242856947588565896104989891,151,6,27,C1,Eckard Specht
82,0.099494327805157122344380823339,0.220974350028590343449953361845,10.0508242234505218680194880060,0.811727943762805057932171805245,160,4,27,C1,Eckard Specht
83,0.098844919276866715495742548545,0.219373826750326830670757935649,10.1168578751020959305277543283,0.810936399548574668479850817660,156,8,28,C1,"Andrea Grosso, Armju R. M. J. U. Jamali, Marco Locatelli, Fabio Schoen"
84,0.098526721390454986844991372393,0.218590442397638390788944823519,10.1495308672361587954446565027,0.815431245547996581531330839967,157,6,24,C1,Eckard Specht
85,0.098395063692606173555669611507,0.218266470668610649119178947984,10.1631114658767610748858834751,0.822935027521122179578619213372,180,6,24,C6,Jerry Donovan
86,0.097099624005301283457852264325,0.215083804563331787925723544964,10.2987010531101919248398041752,0.810836980449495788444095360865,158,7,31,C1,"Andrea Grosso, Armju R. M. J. U. Jamali, Marco Locatelli, Fabio Schoen"
87,0.096495211836180559104982863224,0.213601993260680937420709890962,10.3632085050778998566306887322,0.810085353935914378208612587630,160,8,33,C1,"Andrea Grosso, Armju R. M. J. U. Jamali, Marco Locatelli, Fabio Schoen"
88,0.095855792771800837413466921999,0.212036513656736972239096016544,10.4323376927323602163663622221,0.808573304696117458849009047854,168,5,31,C1,"Andrea Grosso, Armju R. M. J. U. Jamali, Marco Locatelli, Fabio Schoen"
89,0.095233634543869852947685381095,0.210515417415762662212514437495,10.5004918145736102113826359314,0.807180618210747158752860058138,170,4,32,C1,"Andrea Grosso, Armju R. M. J. U. Jamali, Marco Locatelli, Fabio Schoen"
90,0.094822059586947684161477476866,0.209510319139413236043238512215,10.5460691779537198089458029723,0.809210068587959149750819465768,172,4,32,C1,"Boris D. Lubachevsky, Ronald L. Graham"
91,0.094636278506046740904429941957,0.209056926535306942799668309605,10.5667722335056261337227772794,0.814998294062138036990640484359,210,0,30,C6,"Boris D. Lubachevsky, Ronald L. Graham"
92,0.093592245754694587527484095059,0.206512456047160593733851872136,10.6846458479156644755133509374,0.805874778817457527832388041921,170,7,33,C1,"Andrea Grosso, Armju R. M. J. U. Jamali, Marco Locatelli, Fabio Schoen"
93,0.093167534622482290793569838070,0.205479045313394909290662162580,10.7333526002596364254447481500,0.807257624209723582530882524475,172,7,35,C1,"Andrea Grosso, Armju R. M. J. U. Jamali, Marco Locatelli, Fabio Schoen"
94,0.092781315283866927207328715190,0.204540133149700321155136630071,10.7780321602520198094572385731,0.809187011785605954339944978567,179,10,30,C1,"Andrea Grosso, Armju R. M. J. U. Jamali, Marco Locatelli, Fabio Schoen"
95,0.092249177760720922779845638651,0.203247797745105098971988547364,10.8402050215974201357665666039,0.808441525765263330069199970720,173,9,35,C1,Eckard Specht
96,0.091884716482624623441391537005,0.202363550422211459226542352634,10.8832027597222846752088691255,0.810508907816861678588633778908,189,12,30,C3,"Andrea Grosso, Armju R. M. J. U. Jamali, Marco Locatelli, Fabio Schoen"
97,0.091419459906364399990762380889,0.201235786751371503450568180428,10.9385901100732978319039055308,0.810679212008422698864083040884,184,5,33,C1,"Andrea Grosso, Armju R. M. J. U. Jamali, Marco Locatelli, Fabio Schoen"
98,0.091079798229366290362012569015,0.200413189302948962833221657470,10.9793831282069775936470182421,0.812961905259203334415236250366,181,8,33,C1,Eckard Specht
99,0.090636019812819429591243809954,0.199339366386962460155125064572,11.0331411514449735781402495310,0.813273920663469822679092053122,186,9,36,C3,"Andrea Grosso, Armju R. M. J. U. Jamali, Marco Locatelli, Fabio Schoen"
100,0.090235200288473715727578780782,0.198370392692893894911756979374,11.0821497243103699086257335782,0.814239137110096695005951826492,195,10,32,C1,"Andrea Grosso, Armju R. M. J. U. Jamali, Marco Locatelli, Fabio Schoen"
101,0.089710770521186578901395583644,0.197103882185996044188608244878,11.1469335754265382471061272191,0.812850257098004887430990733148,195,7,31,C1,"Wenqi Huang, Tao Ye"
102,0.089310725493077718804886178995,0.196138744560121323869473766262,11.1968634727696600948764015011,0.813593380186187998552160662205,192,6,30,C3,Eckard Specht
103,0.088769396870677263021498957475,0.194834099218853876745044854052,11.2651435658263984646467821994,0.811640599540732044448555402044,190,8,34,C1,James Buddenhagen
104,0.088357498517843071900972931118,0.193842429185104077997349631071,11.3176585663304875527944341841,0.811932944610386627368037467584,195,8,33,C1,"Wenqi Huang, Tao Ye"
105,0.088007564607859635466296569482,0.193000646041582491019902719823,11.3626596129066573160796587562,0.813259799961691730773321013218,198,6,32,C1,"Wenqi Huang, Tao Ye"
106,0.087551611059319716667800814156,0.191904796195572187560862721930,11.4218343660456461684025658586,0.812520167502733819138852629840,204,6,36,C2,"Wenqi Huang, Tao Ye"
107,0.087168364837556393216523833349,0.190984539710971529774508109128,11.4720518374247524050529309749,0.813020649644507145707543353001,206,5,34,C1,"Wenqi Huang, Tao Ye"
108,0.086775303710880891299237501842,0.190041517850955213700513839967,11.5240161340352466333679140104,0.813234960084486850288679238876,221,5,32,C1,"Wenqi Huang, Tao Ye"
109,0.086489335895334841227481993905,0.189355941411156545385052747149,11.5621190710742770452156969698,0.815364169374150086757887393082,252,6,24,D6,Jerry Donovan
110,0.086081769647551899933256492352,0.188379587557532113283815376181,11.6168615502950367091649046633,0.815107817221960630550035116123,221,8,25,C1,David W. Cantrell
111,0.085742621069746730575523439318,0.187567796652780093917987288163,11.6628111844931478192386377737,0.816049474538029533371191739044,220,9,31,C1,"Wenqi Huang, Tao Ye"
112,0.085431571702315622335046543123,0.186823793734782981049011877580,11.7052745264300809400741383847,0.817437985675124284923050194411,215,8,35,C1,"Wenqi Huang, Tao Ye"
113,0.085124290793257480302517599794,0.186089301391695808535858492077,11.7475281224804981254839799158,0.818814371785221805440709468579,220,11,38,D1,"Wenqi Huang, Tao Ye"
114,0.084780441044598247267792383137,0.185267983436375753713197813910,11.7951733640304600650106436911,0.819400442943692302458176618412,215,9,37,C1,"Wenqi Huang, Tao Ye"
115,0.084463211728034257462108659831,0.184510798058600676048367667423,11.8394740093465938781728059434,0.820413925572695529701490099670,226,12,32,D1,Eckard Specht
116,0.084056891551102368170500986686,0.183541730432250043425269857026,11.8967045003329706358261958380,0.819605077999119023577526781519,215,10,41,C1,"Wenqi Huang, Tao Ye"
117,0.083727722048957617442352374029,0.182757296196254228130952624147,11.9434755362778876721716233023,0.820208778422377917501408811864,221,12,42,C1,Eckard Specht
118,0.083433794252409315419044354050,0.182057321618915976872645109941,11.9855510463150610827982323538,0.821421366755697626537277170007,217,11,37,C1,"Wenqi Huang, Tao Ye"
119,0.083040377649437541702370667924,0.181121121640164017770611809771,12.0423344438724781128302537706,0.820588814099183516809028877958,233,10,38,C1,"Wenqi Huang, Tao Ye"
120,0.082745752572886010199923920053,0.180420538373055779826173166557,12.0852124599284667980680472996,0.821623148262392613209175707752,231,10,38,C1,"Wenqi Huang, Tao Ye"
121,0.082475566262400958293028521600,0.179778463068130082708600884431,12.1248030819023424730975444392,0.823068502666746632438066736376,252,6,30,C6,Jerry Donovan
122,0.081937830936556106717541189316,0.178501704345675276762045013801,12.2043748116092193498124653150,0.819084592907693421085590114764,232,7,36,C1,Eckard Specht
123,0.081457105292458718354757288238,0.177361570726414877303632630131,12.2763999090031473203286629900,0.816136980323084855700915891499,230,8,38,C1,Eckard Specht
124,0.081157577700553840877353936618,0.176651786489033026805996982508,12.3217083152689478835464571738,0.816732499859457823201285529531,243,3,32,C1,"Wenqi Huang, Tao Ye"
125,0.080852343328705946557160723544,0.175928954922245737464628376333,12.3682253207490942929251433460,0.817137677717867622800756894282,229,8,37,C1,"Wenqi Huang, Tao Ye"
126,0.080533814252973230057400729655,0.175175151628970381786478268474,12.4171443917805119117063709701,0.817197600004681666281751106577,247,7,28,C1,"Xiangjing Lai, Jin-Kao Hao, Dong Yue, Zhipeng Lu, Zhang-Hua Fu"
127,0.080246842401966631917112929101,0.174496476014355826304346053218,12.4615495148191989045474694885,0.817823575866730859904379445900,259,7,33,C1,"Wenqi Huang, Tao Ye"
128,0.079985780457,0.173879443943,12.5022221986,0.818908809640,242,13,27,C1,"Jianrong Zhou, Kun He, Jiongzhi Zheng, Chu-Min Li"
129,0.079657677067103360876003143471,0.173104452728533937380050408432,12.5537178187810239918347846675,0.818549571528773285919843701298,267,7,33,C1,"Wenqi Huang, Tao Ye"
130,0.079362938013739723146095393501,0.172408740188050668169104942936,12.6003399701114242678867196832,0.818801870922450167031532149678,263,10,26,C1,"Xiangjing Lai, Jin-Kao Hao, Dong Yue, Zhipeng Lu, Zhang-Hua Fu"
131,0.079053755252482429722582079133,0.171679412785173899827900364279,12.6496204614972823341873656230,0.818684004757040528317461501346,247,12,39,C1,"Wenqi Huang, Tao Ye"
132,0.078818126663851405825095094530,0.171123920140555942599669037887,12.6874367905858006602768454626,0.820023215985457960066489438485,258,11,38,C1,Eckard Specht
133,0.078522069613215335182311042489,0.170426370559425513046958633731,12.7352730885190409894259244830,0.820040150373570468049980989837,252,8,38,C1,"Wenqi Huang, Tao Ye"
134,0.078299667964461864036926670507,0.169902657605732211374936702054,12.7714462397704341851621045399,0.821532292448226717906905995435,266,14,41,C1,"Wenqi Huang, Tao Ye"
135,0.078038092564341362814328927486,0.169287021372490797067494180327,12.8142547714824447375210049106,0.822142425295895944486652996305,269,11,41,C1,"Wenqi Huang, Tao Ye"
136,0.077725687011400492303568917450,0.168552210371191984812683532030,12.8657595506788380945789210298,0.821614409309610002247481098264,259,12,41,C1,"Wenqi Huang, Tao Ye"
137,0.077432523961362649881829041896,0.167863112395520340149197370097,12.9144699002576862291979090665,0.821424020082699126156380640354,275,8,31,C1,"Xiangjing Lai, Jin-Kao Hao, Dong Yue, Zhipeng Lu, Zhang-Hua Fu"
138,0.077152729078282255237131754121,0.167205845450946520862599927666,12.9613043108994870126762496160,0.821451017383301195019794306726,272,8,28,C1,"Xiangjing Lai, Jin-Kao Hao, Dong Yue, Zhipeng Lu, Zhang-Hua Fu"
139,0.076869934722458099891741275619,0.166541937293195877072228703499,13.0089872407273277553253595350,0.821349174128660751441762550317,284,10,36,C1,"Wenqi Huang, Tao Ye"
140,0.076570982894694051693046492984,0.165840538853160283758361444781,13.0597775057331085186544481710,0.820836159004334067821535569931,278,12,24,C1,"Xiangjing Lai, Jin-Kao Hao, Dong Yue, Zhipeng Lu, Zhang-Hua Fu"
141,0.076293623455127429119632916560,0.165190206308857660027130013007,13.1072552949088365460563493543,0.820721094167700597574801488822,271,13,34,C1,David W. Cantrell
142,0.076066384385635250924607481877,0.164657683409549532947744999364,13.1464116255385592409290912748,0.821625466357456432055449204774,269,8,40,C1,"Wenqi Huang, Tao Ye"
143,0.075772495907461911598932767628,0.163969359431387807000101355162,13.1974008249809039444391604958,0.821030372454625496324342793561,268,11,42,C1,"Wenqi Huang, Tao Ye"
144,0.075484292738201939186589485986,0.163294776162903658090874233792,13.2477892250808460137655375892,0.820494496826865505439370649072,272,10,38,C2,David W. Cantrell
145,0.075320099332049999051671428655,0.162910644597426453078518349030,13.2766686298630886563838107226,0.822602017691532413428615726504,308,9,29,C1,David W. Cantrell
146,0.075011811914668060331918260959,0.162189772541718287086414898948,13.3312337680574898736878361734,0.821508701301344427597677805018,298,9,30,C1,David W. Cantrell
147,0.074866480341627481119071487801,0.161850108661663677670089342684,13.3571124946283477390153814267,0.823933512175264230055767259835,283,8,30,C1,David W. Cantrell
148,0.074699673575154585430030517198,0.161460385221687976108987161590,13.3869393551487226056863245151,0.825846102370727939956671805251,310,10,36,C1,"Wenqi Huang, Tao Ye"
149,0.074429413777863178404769207560,0.160829254701488814760822424319,13.4355485182851237313297932008,0.825420907662139000524009582089,314,12,40,D1,David W. Cantrell
150,0.074289754450123223513201821321,0.160503256407181097771677858508,13.4608063709697900630016100898,0.827845142438940493736471169374,312,10,35,C1,"Wenqi Huang, Tao Ye"
151,0.074204941313100149092273560790,0.160305330249544916815078601378,13.4761915083336893906389728645,0.831462370607376229128762874155,330,12,36,C6,Eckard Specht
152,0.073900279846132333922343596305,0.159594648908551890825153601434,13.5317484870436019681015714457,0.830110206923174267348705083990,312,11,28,C1,"Xiangjing Lai, Jin-Kao Hao, Dong Yue, Zhipeng Lu, Zhang-Hua Fu"
153,0.073575197788348409348479843269,0.158836848091075552988497897291,13.5915366870867321243280845076,0.828236388627972065958481934337,307,7,39,C1,"Wenqi Huang, Tao Ye"
154,0.073330461528316612135534327704,0.158266692675055273570452005807,13.6368976706064949274792757265,0.828112914545212099316173602798,301,10,32,C1,"Xiangjing Lai, Jin-Kao Hao, Dong Yue, Zhipeng Lu, Zhang-Hua Fu"
155,0.073133048706552101578045397517,0.157807004779908340099142609335,13.6737086404331516954698616270,0.829008636032812912732961836740,302,13,45,C1,"Wenqi Huang, Tao Ye"
156,0.072905624811,0.157277676927,13.7163627991,0.829175900137,324,12,31,C1,"Xiangjing Lai, Jin-Kao Hao, Dong Yue, Yangming Zhou"
157,0.072605865685131576608695706496,0.156580385832978466948292520099,13.7729919003607813871100061173,0.827643041906316616861897674477,311,13,45,C1,"Wenqi Huang, Tao Ye"
158,0.072342013798320107443312992681,0.155966994030906567636753255948,13.8232259166556617798603884043,0.826871979742621217396641352185,306,10,42,C1,"Wenqi Huang, Tao Ye"
159,0.072128249620314972055204488361,0.155470299835726434146416731116,13.8641933675643960056667989009,0.827195018533184238760329948584,314,12,32,C1,"Xiangjing Lai, Jin-Kao Hao, Dong Yue, Zhipeng Lu, Zhang-Hua Fu"
160,0.071840902587110664716056915724,0.154802991830510308552466580505,13.9196469418998501901931865519,0.825778445524915807798582086606,301,11,35,C1,"Xiangjing Lai, Jin-Kao Hao, Dong Yue, Zhipeng Lu, Zhang-Hua Fu"
161,0.071585034482445858460567405565,0.154209135227672833042752951202,13.9694002696222885742122189033,0.825031163058326977774362556172,319,9,44,C1,Eckard Specht
162,0.071376709459977585452458337967,0.153725865347335578802506937330,14.0101723316444130131772331455,0.825330813840116705605391105299,319,11,31,C1,"Xiangjing Lai, Jin-Kao Hao, Dong Yue, Zhipeng Lu, Zhang-Hua Fu"
163,0.071097441639828116615845433780,0.153078363279221059938183539146,14.0652037110686895148409147452,0.823939931859788687151941134603,314,9,31,C1,"Xiangjing Lai, Jin-Kao Hao, Dong Yue, Zhipeng Lu, Zhang-Hua Fu"
164,0.070873724461997120025842626101,0.152559940081251660781293666661,14.1096013733016879545083043916,0.823785910334874589514492934697,315,8,33,C1,"Xiangjing Lai, Jin-Kao Hao, Dong Yue, Zhipeng Lu, Zhang-Hua Fu"
165,0.070699661492232088104736604464,0.152156753984957507846908840270,14.1443392923440231950706097233,0.824742952294173786546164154257,352,11,40,C1,Eckard Specht
166,0.070493632407107804081840148744,0.151679719181833088381322992262,14.1856784202138940569209761848,0.824912466851440976303050840984,346,7,37,C1,Eckard Specht
167,0.070328203359510882665213476545,0.151296841775027651464214835968,14.2190465877266622408736345659,0.825991383358711873071725499236,345,15,27,C1,"Xiangjing Lai, Jin-Kao Hao, Dong Yue, Zhipeng Lu, Zhang-Hua Fu"
168,0.070137505697464281753878467400,0.150855650436944433798541951847,14.2577069152339919549322094719,0.826437310517588210132923371130,345,12,34,C1,"Xiangjing Lai, Jin-Kao Hao, Dong Yue, Zhipeng Lu, Zhang-Hua Fu"
169,0.069952776562409293859822263104,0.150428440190066026736911230012,14.2953582279587828443077204535,0.826983070345570675004093029260,363,10,38,C1,David W. Cantrell
170,0.069778069510,0.150024563436,14.3311502743,0.827726427372,347,13,30,C1,"Jianrong Zhou, Kun He, Jiongzhi Zheng, Chu-Min Li"
171,0.069600749130159680959044854411,0.149614800452793116674355986248,14.3676614475788151339516887407,0.828369191790981433144895361126,365,11,41,C1,"Wenqi Huang, Tao Ye"
172,0.069363635406184356840179642706,0.149067107293746726502027299662,14.4167760836659018626587512868,0.827545993683076402254304940022,363,11,41,C1,"Wenqi Huang, Tao Ye"
173,0.069197728419754303745291981213,0.148684055749618303241304475783,14.4513414361521701591482587807,0.828380331992554534020555009297,373,9,33,C1,David W. Cantrell
174,0.068999546681581965876869139429,0.148226666132423340635287938057,14.4928488387725855082159684362,0.828403114953902744969820817953,387,9,37,D1,Eckard Specht
175,0.068792698084829538943215615414,0.147749481653219036177803614500,14.5364265080413278955989834125,0.828176179213339200159263711556,361,10,35,C1,"Xiangjing Lai, Jin-Kao Hao, Dong Yue, Zhipeng Lu, Zhang-Hua Fu"
176,0.068614703724413506175450848843,0.147339031437986503571988940741,14.5741356548945390139077984623,0.828604051825271862907250826906,353,10,41,C1,Eckard Specht
177,0.068425108047362976964127476462,0.146902001413841958760308636136,14.6145183915210320468996851148,0.828713187798913680543120415627,373,13,33,C1,"Xiangjing Lai, Jin-Kao Hao, Dong Yue, Zhipeng Lu, Zhang-Hua Fu"
178,0.068231777979,0.146456546524,14.6559276281,0.828692443659,355,14,35,C1,"Jianrong Zhou, Kun He, Jiongzhi Zheng, Chu-Min Li"
179,0.068027899252582729946077654321,0.145986986516068737429925682355,14.6998512520145806790959349327,0.828375318732798724625792857516,369,17,33,C1,"Xiangjing Lai, Jin-Kao Hao, Dong Yue, Zhipeng Lu, Zhang-Hua Fu"
180,0.067847047531335201157089513460,0.145570632698534404279916063184,14.7390348789775911355004606392,0.828579934569466442454499655019,348,12,39,C3,"Xiangjing Lai, Jin-Kao Hao, Dong Yue, Zhipeng Lu, Zhang-Hua Fu"
181,0.067655200908091023832778169533,0.145129143153876677233716581561,14.7808296565180690340818711248,0.828477943994463049749221918156,386,11,42,C1,Eckard Specht
182,0.067481252520330824803982383663,0.144728999181439094375288487557,14.8189306311218648106197091087,0.828776938391703263630838882028,400,12,38,C2,"Wenqi Huang, Tao Ye"
183,0.067269079945,0.144241127851,14.8656708374,0.828098628346,369,12,32,C1,"Jianrong Zhou, Kun He, Jiongzhi Zheng, Chu-Min Li"
184,0.067089697153931000795187596642,0.143828826735555644123888412239,14.9054183044766775906142009154,0.828189053413936646790003882486,389,8,31,C1,"Xiangjing Lai, Jin-Kao Hao, Dong Yue, Zhipeng Lu, Zhang-Hua Fu"
185,0.066942716850996510378299072016,0.143491119055562147396685008608,14.9381448354693417800672981997,0.829045557787648047136931341244,410,10,36,D1,David W. Cantrell
186,0.066839622277083852309035329187,0.143254308418419754481381413793,14.9611856849593948227393846685,0.830961529742643379918222259678,406,9,36,C1,David W. Cantrell
187,0.066715116294,0.142968385021,14.9891067505,0.832319560777,400,10,31,C1,"Jianrong Zhou, Kun He, Jiongzhi Zheng, Chu-Min Li"
188,0.066539130278,0.142564369726,15.0287506888,0.832361701333,362,7,30,C1,"Jianrong Zhou, Kun He, Jiongzhi Zheng, Chu-Min Li"
189,0.066360966589624368757768419440,0.142155510245158719991217752071,15.0690993725873700315044812103,0.832314020588046685735520204363,390,14,27,C1,"Xiangjing Lai, Jin-Kao Hao, Dong Yue, Zhipeng Lu, Zhang-Hua Fu"
190,0.066209373949943821853772606459,0.141807750266267172506078700163,15.1036015044641347546509774428,0.832899427780264916916273432975,385,7,37,C1,"Wenqi Huang, Tao Ye"
191,0.066039914806236843243772230100,0.141419137398223895188756263152,15.1423575111208273373178607797,0.833002636394468864487384914655,361,12,30,C1,"Xiangjing Lai, Jin-Kao Hao, Dong Yue, Zhipeng Lu, Zhang-Hua Fu"
192,0.065922032429183823026789253574,0.141148886319676544067926200955,15.1694352123357453910484765858,0.834377157042117814100626562038,394,9,38,C1,Eckard Specht
193,0.065792181139066906800020556741,0.140851274867911980850977127902,15.1993744953715701206736462660,0.835421942113907706605217824715,382,12,34,C1,David W. Cantrell
194,0.065610647302416428402259261200,0.140435348739791145064376479028,15.2414286570096097634780346313,0.835122865651764325732150735480,409,15,32,C1,"Xiangjing Lai, Jin-Kao Hao, Dong Yue, Zhipeng Lu, Zhang-Hua Fu"
195,0.065414321826151577300910463357,0.139985714212888739544224750250,15.2871721678572280992440819574,0.834411532495189472257701142467,389,15,44,C1,"Wenqi Huang, Tao Ye"
196,0.065261371807548672584002896201,0.139635551242271222343200533982,15.3229999968270922864553524906,0.834773143439809304466791820283,403,12,32,C1,"Xiangjing Lai, Jin-Kao Hao, Dong Yue, Zhipeng Lu, Zhang-Hua Fu"
197,0.065072910980,0.139204247570,15.3673776836,0.834193297452,414,12,29,C1,"Xiangjing Lai, Jin-Kao Hao, Dong Yue, Yangming Zhou"
198,0.064977666650342140302432567925,0.138986341465371837188928353982,15.3899032013753373808518175954,0.835975238337951065548544636641,420,14,31,C1,"Xiangjing Lai, Jin-Kao Hao, Dong Yue, Zhipeng Lu, Zhang-Hua Fu"
199,0.064925535151151042604720832194,0.138867090465668946180464475993,15.4022604152885652734276720590,0.838849697818006577700359733643,438,6,36,C6,Eckard Specht
200,0.064669354186264187505944262919,0.138281268716480421167184657354,15.4632748785420938110388104429,0.836425074173697078676584166641,403,11,45,C1,"Wenqi Huang, Tao Ye"
201,0.064432054376096068528082532162,0.137738909669736803345224662980,15.5202252928783596543164782444,0.834449415855964307459922725161,410,14,33,C1,"Xiangjing Lai, Jin-Kao Hao, Dong Yue, Zhipeng Lu, Zhang-Hua Fu"
202,0.064234207842,0.137286933077,15.5680288369,0.833458758332,415,12,37,C1,"Jianrong Zhou, Kun He, Jiongzhi Zheng, Chu-Min Li"
203,0.064056429030064484163512196842,0.136880963803579803525979244028,15.6112355175255907101923015973,0.832954898316988662251593492855,424,11,36,C1,"Xiangjing Lai, Jin-Kao Hao, Dong Yue, Zhipeng Lu, Zhang-Hua Fu"
204,0.063928465234767290633221687760,0.136588845746282814286215036798,15.6424840847915931133367162355,0.833717128123661420379020998555,427,17,36,C1,"Xiangjing Lai, Jin-Kao Hao, Dong Yue, Zhipeng Lu, Zhang-Hua Fu"
205,0.063730848744047195884573201225,0.136137880135334630503251136807,15.6909882687448969450810623795,0.832632321735507519245120784428,428,18,35,C1,"Xiangjing Lai, Jin-Kao Hao, Dong Yue, Zhipeng Lu, Zhang-Hua Fu"
206,0.063554376999947141997322147893,0.135735328221921871587734104136,15.7345575112919712403610956488,0.832066720185390518738982623956,457,8,34,C1,"Xiangjing Lai, Jin-Kao Hao, Dong Yue, Zhipeng Lu, Zhang-Hua Fu"
207,0.063410774626407793940990810949,0.135407866989104283295355299774,15.7701905692150945123135461445,0.832331752115264077344377318926,450,20,32,C1,"Xiangjing Lai, Jin-Kao Hao, Dong Yue, Zhipeng Lu, Zhang-Hua Fu"
208,0.063244050097736125219939876036,0.135027805490500855580872508796,15.8117640861807465733913363753,0.831960453535111012316802459060,432,11,31,C1,"Xiangjing Lai, Jin-Kao Hao, Dong Yue, Zhipeng Lu, Zhang-Hua Fu"
209,0.063131825845742271453414065257,0.134772057771593073032954718509,15.8398713581232796303756896272,0.832996133834980560470280603859,451,13,29,C1,"Xiangjing Lai, Jin-Kao Hao, Dong Yue, Zhipeng Lu, Zhang-Hua Fu"
210,0.062977132770116453870927526410,0.134419628319841256247952429907,15.8787794237992720650577534603,0.832885042908423904283215822909,457,16,32,C1,"Xiangjing Lai, Jin-Kao Hao, Dong Yue, Zhipeng Lu, Zhang-Hua Fu"
211,0.062883145091,0.134205557741,15.9025124865,0.834355176609,453,13,34,C1,"Jianrong Zhou, Kun He, Jiongzhi Zheng, Chu-Min Li"
212,0.062753488406371386800433070181,0.133910316293777889823774868554,15.9353690989148198439139694000,0.834856065119740667741911317451,447,14,33,C1,"Xiangjing Lai, Jin-Kao Hao, Dong Yue, Zhipeng Lu, Zhang-Hua Fu"
213,0.062617972490949547865965436329,0.133601820076169466407133139640,15.9698559410324953715443613693,0.835175232000867951096949818674,462,17,32,C1,"Xiangjing Lai, Jin-Kao Hao, Dong Yue, Zhipeng Lu, Zhang-Hua Fu"
214,0.062429782822950242912223832491,0.133173562212591207965167844456,16.0179958151701771590155144937,0.834060245630636905005752505180,455,14,33,C1,"Xiangjing Lai, Jin-Kao Hao, Dong Yue, Zhipeng Lu, Zhang-Hua Fu"
215,0.062312624755,0.132907035756,16.0481123036,0.834815588829,486,11,34,C1,"Xiangjing Lai, Jin-Kao Hao, Dong Yue, Yangming Zhou"
216,0.062169126200657221093188149212,0.132580677257504866976175146012,16.0851544989131357161671677554,0.834840054551500739028258614717,449,13,32,C1,"Xiangjing Lai, Jin-Kao Hao, Dong Yue, Zhipeng Lu, Zhang-Hua Fu"
217,0.062047467282833326981655115550,0.132304066823269246777692416941,16.1166932961447405275777920035,0.835425738578497051078041552934,477,15,34,C1,"Xiangjing Lai, Jin-Kao Hao, Dong Yue, Zhipeng Lu, Zhang-Hua Fu"
218,0.061921218738980871652993235416,0.132017097019810701501170888434,16.1495529378280203273406519054,0.835863737966316055082601164319,466,16,33,C1,"Xiangjing Lai, Jin-Kao Hao, Dong Yue, Zhipeng Lu, Zhang-Hua Fu"
219,0.061846150589,0.131846499650,16.1691550804,0.837663249046,489,15,30,C3,"Xiangjing Lai, Jin-Kao Hao, Dong Yue, Yangming Zhou"
220,0.061636720618759530682694337989,0.131370700395273282952232338096,16.2240948246627448790290900350,0.835798772299703577839019991094,438,17,32,C1,"Xiangjing Lai, Jin-Kao Hao, Dong Yue, Zhipeng Lu, Zhang-Hua Fu"
221,0.061505024207053757678405723905,0.131071611022930382681208437127,16.2588343455251273991584809410,0.836013828598969385677381665771,476,16,29,C1,"Xiangjing Lai, Jin-Kao Hao, Dong Yue, Zhipeng Lu, Zhang-Hua Fu"
222,0.061354624807,0.130730148848,16.2986898403,0.835694576716,464,15,28,C1,"Xiangjing Lai, Jin-Kao Hao, Dong Yue, Yangming Zhou"
223,0.061210124410366466748047875393,0.130402182643739562913480724325,16.3371665983845199586055481870,0.835509490664156598083431753973,468,16,30,C1,"Xiangjing Lai, Jin-Kao Hao, Dong Yue, Zhipeng Lu, Zhang-Hua Fu"
224,0.061092088495,0.130134356621,16.3687316089,0.836022493977,494,17,29,C1,"Xiangjing Lai, Jin-Kao Hao, Dong Yue, Yangming Zhou"
225,0.060962213749890186639756444065,0.129839745838839097238435708317,16.4036037815605299414074683744,0.836188088689642529569604679246,474,19,33,C1,"Xiangjing Lai, Jin-Kao Hao, Dong Yue, Zhipeng Lu, Zhang-Hua Fu"
226,0.060796487298909256201610075217,0.129463926564887623453417148426,16.4483187175509875491623947907,0.835344108142334198588431073392,471,11,36,C1,"Xiangjing Lai, Jin-Kao Hao, Dong Yue, Zhipeng Lu, Zhang-Hua Fu"
227,0.060648809113610562799479067019,0.129129147228484815632072889448,16.4883699220993278450742955515,0.834969116646111966848053216131,487,17,34,C1,"Xiangjing Lai, Jin-Kao Hao, Dong Yue, Zhipeng Lu, Zhang-Hua Fu"
228,0.060514379227249235146371102470,0.128824492656895850157073438996,16.5249980710321232506193634558,0.834933741263128092231500335908,475,10,35,C1,"Xiangjing Lai, Jin-Kao Hao, Dong Yue, Zhipeng Lu, Zhang-Hua Fu"
229,0.060376758442253510708047884568,0.128512696944699685079148589184,16.5626646047325600337319052078,0.834785827838678802116649237753,474,17,33,C1,"Xiangjing Lai, Jin-Kao Hao, Dong Yue, Zhipeng Lu, Zhang-Hua Fu"
230,0.060272507779,0.128276565872,16.5913123055,0.835538294613,476,15,32,C1,"Xiangjing Lai, Jin-Kao Hao, Dong Yue, Yangming Zhou"
231,0.060136138369,0.127967763894,16.6289360628,0.835378036863,505,12,34,C1,"Xiangjing Lai, Jin-Kao Hao, Dong Yue, Yangming Zhou"
232,0.060007064108617018915861101473,0.127675563969452826801334063145,16.6647046452719209911230016299,0.835396676361076094923061884445,501,12,32,C1,"Xiangjing Lai, Jin-Kao Hao, Dong Yue, Zhipeng Lu, Zhang-Hua Fu"
233,0.059907646293,0.127450555377,16.6923600221,0.836219777658,530,10,34,C1,"Xiangjing Lai, Jin-Kao Hao, Dong Yue, Yangming Zhou"
234,0.059857529921211104278963554169,0.127337146924539485347869956415,16.7063358831591239361001620372,0.838404189854871734865436079098,497,13,45,C1,Eckard Specht
235,0.059835181171776612317920658375,0.127286577786121224518488086429,16.7125757859606098355610586350,0.841358492876942646050710771392,558,12,48,D6,Eckard Specht
236,0.059614677592478296223335067661,0.126787767039698462674020061637,16.7743924883051285901870675820,0.838722709131411593027221075880,512,10,32,C1,"Xiangjing Lai, Jin-Kao Hao, Dong Yue, Zhipeng Lu, Zhang-Hua Fu"
237,0.059518210815,0.126569618890,16.8015803282,0.839552928213,554,8,36,C1,"Xiangjing Lai, Jin-Kao Hao, Dong Yue, Yangming Zhou"
238,0.059428621163812236316089432764,0.126367062619630214961703402711,16.8269089946331820033619547887,0.840559121196794970609664794981,537,14,33,C1,"Xiangjing Lai, Jin-Kao Hao, Dong Yue, Zhipeng Lu, Zhang-Hua Fu"
239,0.059299651118754481303437505832,0.126075537633802873909244490668,16.8635056215994110479564115089,0.840431220850633905848905288052,535,17,33,C1,"Xiangjing Lai, Jin-Kao Hao, Dong Yue, Zhipeng Lu, Zhang-Hua Fu"
240,0.059190958765594540736702230552,0.125829910579796249529119512704,16.8944720757127196725837745005,0.840856703901675167444606971218,538,17,36,C1,"Xiangjing Lai, Jin-Kao Hao, Dong Yue, Zhipeng Lu, Zhang-Hua Fu"
241,0.059118899313165779990095924460,0.125667099211599739767634306036,16.9150645837091892739725163902,0.842305665696056233266064531369,546,12,54,C6,Eckard Specht
242,0.058959800565081925326479132165,0.125307719267437223101490919959,16.9607086593884323870043293906,0.841254456007164850893100782943,459,14,38,C1,"Xiangjing Lai, Jin-Kao Hao, Dong Yue, Zhipeng Lu, Zhang-Hua Fu"
243,0.058822671447678052010872126778,0.124998062879726455158667233559,17.0002479552375666806669506754,0.840805922326679332636219990054,523,23,34,C1,"Xiangjing Lai, Jin-Kao Hao, Dong Yue, Zhipeng Lu, Zhang-Hua Fu"
244,0.058703338201762024370835065791,0.124728665433947493140792609078,17.0348063778421421357905934808,0.840843987511430450288950818859,532,12,39,C1,"Xiangjing Lai, Jin-Kao Hao, Dong Yue, Zhipeng Lu, Zhang-Hua Fu"
245,0.058566219740030845940311744398,0.124419201792096877214189631716,17.0746892054650702841474985398,0.840350513186206788320008660916,516,13,36,C1,"Xiangjing Lai, Jin-Kao Hao, Dong Yue, Zhipeng Lu, Zhang-Hua Fu"
246,0.058452450971281583379437364574,0.124162504658590977035655545404,17.1079224802962059760579707339,0.840505500039319020769864537959,538,14,36,C1,"Xiangjing Lai, Jin-Kao Hao, Dong Yue, Zhipeng Lu, Zhang-Hua Fu"
247,0.058370066289097847458039627360,0.123976658344038030526737117324,17.1320689451876882483482516695,0.841544965732638208316009063138,551,17,36,C1,"Xiangjing Lai, Jin-Kao Hao, Dong Yue, Zhipeng Lu, Zhang-Hua Fu"
248,0.058199873510179505215137276448,0.123592834346064535522287291108,17.1821679273081930663749947977,0.840031868597021732269233905051,538,19,33,C1,"Xiangjing Lai, Jin-Kao Hao, Dong Yue, Zhipeng Lu, Zhang-Hua Fu"
249,0.058075374681249419920764884075,0.123312148594897411187322319878,17.2190021241975091073202315427,0.839814536947509034453464825807,538,18,35,C1,"Xiangjing Lai, Jin-Kao Hao, Dong Yue, Zhipeng Lu, Zhang-Hua Fu"
250,0.057930866466,0.122986444209,17.2619548266,0.838996322375,545,16,36,C1,"Xiangjing Lai, Jin-Kao Hao, Dong Yue, Yangming Zhou"
251,0.057818875775651875438976953808,0.122734099185549577945046236883,17.2953898979320920585299627468,0.839098621386026078430526667172,541,21,32,C1,"Xiangjing Lai, Jin-Kao Hao, Dong Yue, Zhipeng Lu, Zhang-Hua Fu"
252,0.057719405065464012447366088394,0.122510015330357113066990077567,17.3251959001625737468828957916,0.839545489720000400156735782673,543,22,32,C1,"Xiangjing Lai, Jin-Kao Hao, Dong Yue, Zhipeng Lu, Zhang-Hua Fu"
253,0.057650373900,0.122354532338,17.3459412724,0.840862099535,553,19,31,C1,"Xiangjing Lai, Jin-Kao Hao, Dong Yue, Yangming Zhou"
254,0.057491975416,0.121997848117,17.3937317819,0.839553118257,564,17,31,C1,"Xiangjing Lai, Jin-Kao Hao, Dong Yue, Yangming Zhou"
255,0.057326264006863181374093412161,0.121624824831823993853797124011,17.4440113501950621832231588501,0.838006638971067159150903801110,509,13,38,C1,"Xiangjing Lai, Jin-Kao Hao, Dong Yue, Zhipeng Lu, Zhang-Hua Fu"
256,0.057187786140711687070535155045,0.121313205959902382019441545344,17.4862513044215434116560941964,0.837233378220998583187773845136,549,14,36,C1,"Xiangjing Lai, Jin-Kao Hao, Dong Yue, Zhipeng Lu, Zhang-Hua Fu"
257,0.057084261908,0.121080303577,17.5179632104,0.837463530098,575,18,35,C1,"Xiangjing Lai, Jin-Kao Hao, Dong Yue, Yangming Zhou"
258,0.057018277823,0.120931883370,17.5382357760,0.838779673522,541,18,35,C1,"Jianrong Zhou, Kun He, Jiongzhi Zheng, Chu-Min Li"
259,0.056904305437,0.120675570390,17.5733627240,0.838667894112,573,17,34,C1,"Xiangjing Lai, Jin-Kao Hao, Dong Yue, Yangming Zhou"
260,0.056815484748987672691076832521,0.120475864118416340142348912928,17.6008354838126732064910786484,0.839279819888237215523557414090,542,14,36,C1,"Xiangjing Lai, Jin-Kao Hao, Dong Yue, Zhipeng Lu, Zhang-Hua Fu"
261,0.056730376500649784294138892978,0.120284540257303989810252486611,17.6272406721740352959267775894,0.839985596273329566243559565416,570,14,34,C1,"Xiangjing Lai, Jin-Kao Hao, Dong Yue, Zhipeng Lu, Zhang-Hua Fu"
262,0.056633255884,0.120066254693,17.6574697038,0.840319326070,599,18,30,C1,"Xiangjing Lai, Jin-Kao Hao, Dong Yue, Yangming Zhou"
263,0.056533913416,0.119843021853,17.6884977454,0.840569925292,561,12,33,C1,"Xiangjing Lai, Jin-Kao Hao, Dong Yue, Yangming Zhou"
264,0.056492790004188918480797294630,0.119750627034296285426653620480,17.7013739262275838673381489368,0.842538925128750269413791133839,594,15,57,D3,Eckard Specht
265,0.056365894314762878686693497801,0.119465572461122007034793985569,17.7412247628986603530561647299,0.841935221104299825505235697777,595,18,36,C1,"Xiangjing Lai, Jin-Kao Hao, Dong Yue, Zhipeng Lu, Zhang-Hua Fu"
266,0.056255350968247209872093697670,0.119217313763766768017599381131,17.7760867684291997832061262765,0.841800760341138830006849262922,597,17,37,C1,"Xiangjing Lai, Jin-Kao Hao, Dong Yue, Zhipeng Lu, Zhang-Hua Fu"
267,0.056188137037,0.119066392873,17.7973510555,0.842947500565,578,27,33,C3,"Xiangjing Lai, Jin-Kao Hao, Dong Yue, Yangming Zhou"
268,0.056079352251,0.118822175116,17.8318750103,0.842831524703,581,17,39,C1,"Xiangjing Lai, Jin-Kao Hao, Dong Yue, Yangming Zhou"
269,0.055982956607,0.118605817551,17.8625792671,0.843070594794,574,18,36,C1,"Jianrong Zhou, Kun He, Jiongzhi Zheng, Chu-Min Li"
270,0.055905693948811231554084641860,0.118432435383801639618004463202,17.8872656677086791981316097681,0.843870586292500163221410540532,609,21,57,C3,David W. Cantrell
271,0.055773462121,0.118135764848,17.9296741133,0.842994029857,605,19,35,C1,"Xiangjing Lai, Jin-Kao Hao, Dong Yue, Yangming Zhou"
272,0.055681799429631870200911985485,0.117930162515135400505003164174,17.9591897216567972703538947411,0.843325878260316561850295249827,621,20,35,C1,"Xiangjing Lai, Jin-Kao Hao, Dong Yue, Zhipeng Lu, Zhang-Hua Fu"
273,0.055570067534055499106473280636,0.117679598292611967449952400498,17.9952993468500123591289536129,0.843032846766880502281347927258,610,21,35,C1,"Xiangjing Lai, Jin-Kao Hao, Dong Yue, Zhipeng Lu, Zhang-Hua Fu"
274,0.055452091074,0.117415094671,18.0335850395,0.842532026827,609,19,33,C1,"Xiangjing Lai, Jin-Kao Hao, Dong Yue, Yangming Zhou"
275,0.055362850731620702240235013704,0.117215061411673646355757841446,18.0626536889807627993450987394,0.842887441311221604460371550928,627,19,33,C1,"Xiangjing Lai, Jin-Kao Hao, Dong Yue, Zhipeng Lu, Zhang-Hua Fu"
276,0.055238192273770967890321791452,0.116935701299597343488685888334,18.1034164739463259370639403918,0.842147176446049019856339221256,618,19,37,C1,"Xiangjing Lai, Jin-Kao Hao, Dong Yue, Zhipeng Lu, Zhang-Hua Fu"
277,0.055138711870,0.116712818194,18.1360783755,0.842156880431,568,19,33,C1,"Xiangjing Lai, Jin-Kao Hao, Dong Yue, Yangming Zhou"
278,0.055005421847,0.116414259126,18.1800260124,0.841115808253,614,21,31,C1,"Xiangjing Lai, Jin-Kao Hao, Dong Yue, Yangming Zhou"
279,0.054892667943,0.116161765084,18.2173692311,0.840684193298,649,17,31,C1,"Xiangjing Lai, Jin-Kao Hao, Dong Yue, Yangming Zhou"
280,0.054806763919,0.115969437416,18.2459231032,0.841058783956,561,13,39,C1,"Xiangjing Lai, Jin-Kao Hao, Dong Yue, Yangming Zhou"
281,0.054703982953,0.115739370454,18.2802045851,0.840899736009,583,20,37,C1,"Xiangjing Lai, Jin-Kao Hao, Dong Yue, Yangming Zhou"
282,0.054623097825,0.115558350747,18.3072736593,0.841398554112,629,18,42,C1,"Xiangjing Lai, Jin-Kao Hao, Dong Yue, Yangming Zhou"
283,0.054525379293,0.115339699446,18.3400833331,0.841363807334,576,18,34,C1,"Xiangjing Lai, Jin-Kao Hao, Dong Yue, Yangming Zhou"
284,0.054467927319,0.115211168172,18.3594281850,0.842558450226,630,22,36,C1,"Xiangjing Lai, Jin-Kao Hao, Dong Yue, Yangming Zhou"
285,0.054345727175,0.114937834548,18.4007106351,0.841735547721,630,18,38,C1,"Xiangjing Lai, Jin-Kao Hao, Dong Yue, Yangming Zhou"
286,0.054261592199,0.114749685011,18.4292417431,0.842075630960,623,15,39,C1,"Xiangjing Lai, Jin-Kao Hao, Dong Yue, Yangming Zhou"
287,0.054149357525,0.114498748731,18.4674397944,0.841527888146,641,18,39,C1,"Xiangjing Lai, Jin-Kao Hao, Dong Yue, Yangming Zhou"
288,0.054070753970,0.114323040961,18.4942862190,0.842010173247,637,15,36,C1,"Xiangjing Lai, Jin-Kao Hao, Dong Yue, Yangming Zhou"
289,0.054020521554,0.114210768383,18.5114836220,0.843364640451,664,21,31,C1,"Xiangjing Lai, Jin-Kao Hao, Dong Yue, Yangming Zhou"
290,0.053912352041,0.113969043264,18.5486249837,0.842897093752,634,22,34,C1,"Xiangjing Lai, Jin-Kao Hao, Dong Yue, Yangming Zhou"
291,0.053861778013,0.113856045050,18.5660413913,0.844217519040,652,19,33,C1,"Xiangjing Lai, Jin-Kao Hao, Dong Yue, Yangming Zhou"
292,0.053779816800,0.113672943687,18.5943363050,0.844542458952,643,22,31,C1,"Xiangjing Lai, Jin-Kao Hao, Dong Yue, Yangming Zhou"
293,0.053697651228,0.113489417622,18.6227884671,0.844847259989,649,18,33,C1,"Xiangjing Lai, Jin-Kao Hao, Dong Yue, Yangming Zhou"
294,0.053635769640,0.113351219159,18.6442742728,0.845777960753,603,15,33,C1,"Xiangjing Lai, Jin-Kao Hao, Dong Yue, Yangming Zhou"
295,0.053604306613691310936498516199,0.113280960571342332280486800527,18.6552175221045694175036854011,0.847659397822715855480938098310,690,24,54,D3,David W. Cantrell
296,0.053468572294,0.112977912257,18.7025753091,0.846230914055,638,19,34,C1,"Xiangjing Lai, Jin-Kao Hao, Dong Yue, Yangming Zhou"
297,0.053390925332,0.112804592225,18.7297746533,0.846625499619,677,15,39,C1,"Xiangjing Lai, Jin-Kao Hao, Dong Yue, Yangming Zhou"
298,0.053306765953402802185633859661,0.112616767578543799516788157982,18.7593447494851384936698246877,0.846800166330437520239955195860,652,20,38,C1,"Xiangjing Lai, Jin-Kao Hao, Dong Yue, Zhipeng Lu, Zhang-Hua Fu"
299,0.053233238500,0.112452698309,18.7852557571,0.847299526678,689,18,36,C1,"Xiangjing Lai, Jin-Kao Hao, Dong Yue, Yangming Zhou"
300,0.053154299146851187500993025786,0.112276581282371291340798982052,18.8131537062931831269590797897,0.847613855337883463829289034860,679,24,39,C1,"Xiangjing Lai, Jin-Kao Hao, Dong Yue, Zhipeng Lu, Zhang-Hua Fu"
301,0.053068800203794916687599810744,0.112085862658694066071099920781,18.8434635069908858780859009160,0.847705564076161320677202683912,681,24,39,C3,"Xiangjing Lai, Jin-Kao Hao, Dong Yue, Zhipeng Lu, Zhang-Hua Fu"
302,0.052933070103,0.111783166389,18.8917816037,0.846176792980,679,21,40,C1,"Jianrong Zhou, Kun He, Jiongzhi Zheng, Chu-Min Li"
303,0.052827032309,0.111546748294,18.9297023946,0.845580688801,679,24,40,C1,"Xiangjing Lai, Jin-Kao Hao, Dong Yue, Yangming Zhou"
304,0.052734996161,0.111341590679,18.9627395998,0.845417865311,681,22,39,C1,"Xiangjing Lai, Jin-Kao Hao, Dong Yue, Yangming Zhou"
305,0.052628162573,0.111103498107,19.0012333912,0.844765666222,697,24,35,C1,"Xiangjing Lai, Jin-Kao Hao, Dong Yue, Yangming Zhou"
306,0.052547532191823317516896261911,0.110923838350194063453360146893,19.0303894072423338600255203012,0.844940400671916607585575974230,686,22,38,C1,"Xiangjing Lai, Jin-Kao Hao, Dong Yue, Zhipeng Lu, Zhang-Hua Fu"
307,0.052466413693,0.110743121830,19.0598123564,0.845086441702,680,18,39,C1,"Xiangjing Lai, Jin-Kao Hao, Dong Yue, Yangming Zhou"
308,0.052343190381,0.110468663022,19.1046818645,0.843861350413,674,19,42,C1,"Xiangjing Lai, Jin-Kao Hao, Dong Yue, Yangming Zhou"
309,0.052242976012,0.110245505314,19.1413291572,0.843362519660,703,18,46,C1,"Xiangjing Lai, Jin-Kao Hao, Dong Yue, Yangming Zhou"
310,0.052143318963,0.110023635442,19.1779123364,0.842866970868,696,14,47,C1,"Xiangjing Lai, Jin-Kao Hao, Dong Yue, Yangming Zhou"
311,0.052054789894,0.109826579298,19.2105280232,0.842717057933,689,18,39,C1,"Xiangjing Lai, Jin-Kao Hao, Dong Yue, Yangming Zhou"
312,0.051992385510176379148067859091,0.109687695996316263637429082486,19.2335856527350863718482300496,0.843400943124105196092465875145,702,17,43,C1,"Xiangjing Lai, Jin-Kao Hao, Dong Yue, Zhipeng Lu, Zhang-Hua Fu"
313,0.051929183013,0.109547055099,19.2569946604,0.844048335148,716,20,40,C1,"Jianrong Zhou, Kun He, Jiongzhi Zheng, Chu-Min Li"
314,0.051850572237,0.109372153204,19.2861902358,0.844183298170,706,22,40,C1,"Jianrong Zhou, Kun He, Jiongzhi Zheng, Chu-Min Li"
315,0.051807367385,0.109276038651,19.3022739907,0.845461044340,702,20,38,C1,"Jianrong Zhou, Kun He, Jiongzhi Zheng, Chu-Min Li"
316,0.051722242700404807813723271736,0.109086693855804282686292436846,19.3340417543838142352433886059,0.845360163227226782608626699995,735,21,41,C1,"Xiangjing Lai, Jin-Kao Hao, Dong Yue, Zhipeng Lu, Zhang-Hua Fu"
317,0.051632635094042734797463069856,0.108887414317895196469993925617,19.3675956723614500115986469430,0.845099495141199770729858295815,706,23,37,C1,"Xiangjing Lai, Jin-Kao Hao, Dong Yue, Zhipeng Lu, Zhang-Hua Fu"
318,0.051568810653162315414949806868,0.108745497264122125310834316439,19.3915660907079258309661318770,0.845670829833782861682222157403,714,23,40,C1,"Xiangjing Lai, Jin-Kao Hao, Dong Yue, Zhipeng Lu, Zhang-Hua Fu"
319,0.051481965443316711209597414219,0.108552422975021793408824991089,19.4242778298942753026185769892,0.845475292324287069533026265587,727,24,41,C1,"Xiangjing Lai, Jin-Kao Hao, Dong Yue, Zhipeng Lu, Zhang-Hua Fu"
320,0.051410694731,0.108394000323,19.4512057313,0.845779050472,728,17,40,C1,"Xiangjing Lai, Jin-Kao Hao, Dong Yue, Yangming Zhou"
321,0.051324001088,0.108201327212,19.4840616242,0.845563141146,744,20,38,C1,"Xiangjing Lai, Jin-Kao Hao, Dong Yue, Yangming Zhou"
322,0.051241055947,0.108017017954,19.5156009477,0.845457952289,721,19,41,C1,"Xiangjing Lai, Jin-Kao Hao, Dong Yue, Yangming Zhou"
323,0.051156856628,0.107829954794,19.5477217702,0.845298745559,712,22,38,C1,"Xiangjing Lai, Jin-Kao Hao, Dong Yue, Yangming Zhou"
324,0.051102122611,0.107708371636,19.5686587740,0.846102327053,753,21,42,C3,"Xiangjing Lai, Jin-Kao Hao, Dong Yue, Yangming Zhou"
325,0.051022382199,0.107531265737,19.5992416838,0.846067132710,724,22,39,C1,"Xiangjing Lai, Jin-Kao Hao, Dong Yue, Yangming Zhou"
326,0.050965225216,0.107404336638,19.6212220345,0.846770063110,706,20,40,C1,"Xiangjing Lai, Jin-Kao Hao, Dong Yue, Yangming Zhou"
327,0.050892706441845478602670901065,0.107243315454992100450015085226,19.6491809910461082745478095884,0.846952095055106309969952339113,759,24,48,C3,David W. Cantrell
328,0.050824334033,0.107091523425,19.6756144281,0.847261041007,757,23,37,C1,"Xiangjing Lai, Jin-Kao Hao, Dong Yue, Yangming Zhou"
329,0.050748451337,0.106923083578,19.7050348071,0.847308348011,741,23,36,C1,"Xiangjing Lai, Jin-Kao Hao, Dong Yue, Yangming Zhou"
330,0.050678301393,0.106767392902,19.7323109203,0.847535776586,769,19,40,C1,"Xiangjing Lai, Jin-Kao Hao, Dong Yue, Yangming Zhou"
331,0.050605737845,0.106606369687,19.7606050733,0.847671372639,766,18,40,C1,"Xiangjing Lai, Jin-Kao Hao, Dong Yue, Yangming Zhou"
332,0.050523912140,0.106424822670,19.7926082452,0.847485011713,765,18,42,C1,"Xiangjing Lai, Jin-Kao Hao, Dong Yue, Yangming Zhou"
333,0.050448121526,0.106256693646,19.8223436225,0.847489317512,763,21,39,C1,"Xiangjing Lai, Jin-Kao Hao, Dong Yue, Yangming Zhou"
334,0.050367316465,0.106077470454,19.8541449135,0.847313433674,768,19,42,C1,"Xiangjing Lai, Jin-Kao Hao, Dong Yue, Yangming Zhou"
335,0.050288911705,0.105903600210,19.8850992415,0.847206504559,783,19,45,C1,"Xiangjing Lai, Jin-Kao Hao, Dong Yue, Yangming Zhou"
336,0.050203338232,0.105713865405,19.9189941390,0.846846056998,788,20,41,C1,"Xiangjing Lai, Jin-Kao Hao, Dong Yue, Yangming Zhou"
337,0.050124296366,0.105538642949,19.9504047438,0.846693994045,771,24,40,C1,"Xiangjing Lai, Jin-Kao Hao, Dong Yue, Yangming Zhou"
338,0.050025604771,0.105319901299,19.9897633337,0.845865662854,785,21,39,C1,"Xiangjing Lai, Jin-Kao Hao, Dong Yue, Yangming Zhou"
339,0.049947898891,0.105147704705,20.0208621825,0.845734692629,772,18,43,C1,"Xiangjing Lai, Jin-Kao Hao, Dong Yue, Yangming Zhou"
340,0.049868639571,0.104972094697,20.0526825797,0.845539612305,763,21,44,C1,"Xiangjing Lai, Jin-Kao Hao, Dong Yue, Yangming Zhou"
341,0.049803997571,0.104828893078,20.0787095167,0.845829417352,761,17,46,C1,"Xiangjing Lai, Jin-Kao Hao, Dong Yue, Yangming Zhou"
342,0.049748358954,0.104705652282,20.1011655666,0.846415532767,795,20,44,C1,"Xiangjing Lai, Jin-Kao Hao, Dong Yue, Yangming Zhou"
343,0.049718466702016382508591226473,0.104639446226986633758110956446,20.1132509977312713969368976985,0.847870594401432541644383343973,822,12,60,D6,Eckard Specht
344,0.049611867367,0.104403381447,20.1564676573,0.846700059972,809,16,42,C1,"Xiangjing Lai, Jin-Kao Hao, Dong Yue, Yangming Zhou"
345,0.049576818100,0.104325776231,20.1707176524,0.847962008058,814,16,44,C1,"Xiangjing Lai, Jin-Kao Hao, Dong Yue, Yangming Zhou"
346,0.049518505235,0.104196674018,20.1944706379,0.848420496805,649,18,40,C1,"Xiangjing Lai, Jin-Kao Hao, Dong Yue, Yangming Zhou"
347,0.049449630913,0.104044209589,20.2225978544,0.848507301109,794,21,41,C1,"Xiangjing Lai, Jin-Kao Hao, Dong Yue, Yangming Zhou"
348,0.049418656887,0.103975650785,20.2352727288,0.849886869683,791,23,42,C1,"Xiangjing Lai, Jin-Kao Hao, Dong Yue, Yangming Zhou"
349,0.049403676218693144528984197340,0.103942493743661689002022730463,20.2414086671069312513131715878,0.851812405148591829191828631292,840,24,66,C6,David W. Cantrell
350,0.049263182460,0.103631586683,20.2991351769,0.849401401131,692,19,46,C1,"Xiangjing Lai, Jin-Kao Hao, Dong Yue, Yangming Zhou"
351,0.049192443734,0.103475079494,20.3283253299,0.849383678703,788,15,49,C1,"Xiangjing Lai, Jin-Kao Hao, Dong Yue, Yangming Zhou"
352,0.049122046313,0.103319350549,20.3574581081,0.849367352760,801,23,42,C1,"Xiangjing Lai, Jin-Kao Hao, Dong Yue, Yangming Zhou"
353,0.049052906262,0.103166425525,20.3861519368,0.849384227300,801,22,44,C1,"Xiangjing Lai, Jin-Kao Hao, Dong Yue, Yangming Zhou"
354,0.048993622937,0.103035319465,20.4108196139,0.849732781326,786,23,41,C1,"Xiangjing Lai, Jin-Kao Hao, Dong Yue, Yangming Zhou"
355,0.048935910472,0.102907703089,20.4348910719,0.850126783472,828,26,40,C1,"Xiangjing Lai, Jin-Kao Hao, Dong Yue, Yangming Zhou"
356,0.048851858779,0.102721871940,20.4700501679,0.849595461794,792,21,44,C1,"Xiangjing Lai, Jin-Kao Hao, Dong Yue, Yangming Zhou"
357,0.048786059739,0.102576418772,20.4976586621,0.849688426074,804,23,42,C1,"Xiangjing Lai, Jin-Kao Hao, Dong Yue, Yangming Zhou"
358,0.048726207174,0.102444128161,20.5228368469,0.849979089072,810,21,45,C1,"Xiangjing Lai, Jin-Kao Hao, Dong Yue, Yangming Zhou"
359,0.048661077459,0.102300192510,20.5503053409,0.850076264950,837,25,41,C1,"Xiangjing Lai, Jin-Kao Hao, Dong Yue, Yangming Zhou"
360,0.048583532663,0.102128845423,20.5831059453,0.849729472566,843,20,38,C1,"Xiangjing Lai, Jin-Kao Hao, Dong Yue, Yangming Zhou"
361,0.048551920561957424535828996031,0.102059001665406338092823331073,20.5965075825145461703152462749,0.850981325481919319859464992092,870,24,60,D6,Eckard Specht
362,0.048449807344,0.101833424486,20.6399169536,0.849752947065,832,20,43,C1,"Xiangjing Lai, Jin-Kao Hao, Dong Yue, Yangming Zhou"
363,0.048395041716,0.101712462287,20.6632738508,0.850175062758,830,22,42,C1,"Xiangjing Lai, Jin-Kao Hao, Dong Yue, Yangming Zhou"
364,0.048329155342,0.101566955872,20.6914437656,0.850197441210,846,23,41,C1,"Xiangjing Lai, Jin-Kao Hao, Dong Yue, Yangming Zhou"
365,0.048257299209,0.101408288540,20.7222537604,0.849999928336,834,24,44,C1,"Xiangjing Lai, Jin-Kao Hao, Dong Yue, Yangming Zhou"
366,0.048200776841,0.101283496914,20.7465535939,0.850333249036,834,26,42,C1,"Xiangjing Lai, Jin-Kao Hao, Dong Yue, Yangming Zhou"
367,0.048136359143,0.101141291834,20.7743173311,0.850379029257,810,20,46,C1,"Xiangjing Lai, Jin-Kao Hao, Dong Yue, Yangming Zhou"
368,0.048031380743,0.100909588344,20.8197221177,0.848980981277,851,30,43,C1,"Xiangjing Lai, Jin-Kao Hao, Dong Yue, Yangming Zhou"
369,0.047952067515,0.100734565727,20.8541581588,0.848478887437,845,23,47,C1,"Xiangjing Lai, Jin-Kao Hao, Dong Yue, Yangming Zhou"
370,0.047872252622,0.100558465508,20.8889272017,0.847948451309,845,16,45,C1,"Xiangjing Lai, Jin-Kao Hao, Dong Yue, Yangming Zhou"
371,0.047792616107,0.100382788278,20.9237342807,0.847413771264,832,21,44,C1,"Xiangjing Lai, Jin-Kao Hao, Dong Yue, Yangming Zhou"
372,0.047740919004,0.100268760796,20.9463919184,0.847860669213,869,18,39,C1,"Xiangjing Lai, Jin-Kao Hao, Dong Yue, Yangming Zhou"
373,0.047683113837,0.100141275514,20.9717847584,0.848082395757,883,15,43,C1,"Xiangjing Lai, Jin-Kao Hao, Dong Yue, Yangming Zhou"
374,0.047636225887,0.100037878764,20.9924271157,0.848684546267,858,19,43,C1,"Xiangjing Lai, Jin-Kao Hao, Dong Yue, Yangming Zhou"
375,0.047568388327,0.099888302202,21.0223645402,0.848531838011,854,20,46,C1,"Xiangjing Lai, Jin-Kao Hao, Dong Yue, Yangming Zhou"
376,0.047533056758,0.099810407270,21.0379905734,0.849531198269,864,18,44,C1,"Xiangjing Lai, Jin-Kao Hao, Dong Yue, Yangming Zhou"
377,0.047475744293,0.099684063705,21.0633875233,0.849737753658,883,19,43,C1,"Xiangjing Lai, Jin-Kao Hao, Dong Yue, Yangming Zhou"
378,0.047416950444,0.099554470271,21.0895047159,0.849882797597,844,18,46,C1,"Xiangjing Lai, Jin-Kao Hao, Dong Yue, Yangming Zhou"
379,0.047369803289,0.099450560044,21.1104950953,0.850437441919,881,24,48,C1,"Xiangjing Lai, Jin-Kao Hao, Dong Yue, Yangming Zhou"
380,0.047312443141,0.099324154704,21.1360888090,0.850617564869,890,21,44,C1,"Xiangjing Lai, Jin-Kao Hao, Dong Yue, Yangming Zhou"
381,0.047248305275,0.099182831238,21.1647802853,0.850545295868,877,22,47,C1,"Xiangjing Lai, Jin-Kao Hao, Dong Yue, Yangming Zhou"
382,0.047198614368,0.099073353754,21.1870626583,0.850984913735,882,22,48,C1,"Xiangjing Lai, Jin-Kao Hao, Dong Yue, Yangming Zhou"
383,0.047127888179,0.098917551672,21.2188586979,0.850657494333,853,19,48,C1,"Xiangjing Lai, Jin-Kao Hao, Dong Yue, Yangming Zhou"
384,0.047058127991,0.098763900240,21.2503140837,0.850355485447,887,20,48,C1,"Xiangjing Lai, Jin-Kao Hao, Dong Yue, Yangming Zhou"
385,0.046982306611,0.098596924143,21.2846084438,0.849824796779,905,21,45,C1,"Xiangjing Lai, Jin-Kao Hao, Dong Yue, Yangming Zhou"
386,0.046931724009,0.098485544407,21.3075488087,0.850198473324,901,20,45,C1,"Xiangjing Lai, Jin-Kao Hao, Dong Yue, Yangming Zhou"
387,0.046860125097,0.098327908276,21.3401052159,0.849802202429,880,19,47,C1,"Xiangjing Lai, Jin-Kao Hao, Dong Yue, Yangming Zhou"
388,0.046808204357,0.098213611512,21.3637761529,0.850111102109,877,28,41,C1,"Xiangjing Lai, Jin-Kao Hao, Dong Yue, Yangming Zhou"
389,0.046745598609,0.098075809649,21.3923883693,0.850023734843,923,23,42,C1,"Xiangjing Lai, Jin-Kao Hao, Dong Yue, Yangming Zhou"
390,0.046680140174,0.097931748076,21.4223863997,0.849823839799,876,20,46,C1,"Xiangjing Lai, Jin-Kao Hao, Dong Yue, Yangming Zhou"
391,0.046628644100,0.097818428908,21.4460450073,0.850124106186,876,20,48,C1,"Xiangjing Lai, Jin-Kao Hao, Dong Yue, Yangming Zhou"
392,0.046575422240,0.097701324943,21.4705514605,0.850353823079,915,21,45,C1,"Xiangjing Lai, Jin-Kao Hao, Dong Yue, Yangming Zhou"
393,0.046515511818,0.097569519787,21.4982048120,0.850331285998,899,21,45,C1,"Xiangjing Lai, Jin-Kao Hao, Dong Yue, Yangming Zhou"
394,0.046455595360,0.097437717916,21.5259322855,0.850300202059,914,24,45,C1,"Xiangjing Lai, Jin-Kao Hao, Dong Yue, Yangming Zhou"
395,0.046400178058,0.097315827856,21.5516414344,0.850425726907,909,21,48,C1,"Xiangjing Lai, Jin-Kao Hao, Dong Yue, Yangming Zhou"
396,0.046342330600,0.097188607793,21.5785435703,0.850454195754,934,23,46,C1,"Xiangjing Lai, Jin-Kao Hao, Dong Yue, Yangming Zhou"
397,0.046281193976,0.097054170860,21.6070484378,0.850353719590,918,21,48,C1,"Xiangjing Lai, Jin-Kao Hao, Dong Yue, Yangming Zhou"
398,0.046223064054,0.096926361525,21.6342213669,0.850355516915,914,27,47,C1,"Xiangjing Lai, Jin-Kao Hao, Dong Yue, Yangming Zhou"
399,0.046170469157,0.096810735386,21.6588658997,0.850553176649,892,26,53,C1,"Xiangjing Lai, Jin-Kao Hao, Dong Yue, Yangming Zhou"
400,0.046110663895,0.096679273265,21.6869573224,0.850477329935,940,25,47,C1,"Xiangjing Lai, Jin-Kao Hao, Dong Yue, Yangming Zhou"
401,0.046059320813,0.096566425603,21.7111321302,0.850705874536,917,24,51,C1,"Eduardo Basurto, Peter Gurin, Gerardo Odriozola"
402,0.046021351893,0.096482981007,21.7290444297,0.851421861684,915,27,54,C3,"Eduardo Basurto, Peter Gurin, Gerardo Odriozola, Eckard Specht"
403,0.045935557001114220615992944124,0.096294453353121906983297676007,21.7696282636943714731942632323,0.850360384992053316761414630597,948,12,60,C6,David W. Cantrell
404,0.045863022982,0.096135091893,21.8040577132,0.849780418327,912,23,52,C1,"Eduardo Basurto, Peter Gurin, Gerardo Odriozola, Eckard Specht"
405,0.045822028728961565623700898545,0.096045035849911939646976135483,21.8235645111879431969837765127,0.850361618319300524666689113177,883,17,69,C1,Eckard Specht
406,0.045783039381781544891843157934,0.095959391357117801705987211240,21.8421497022307833895303347318,0.851011198183706504899369034360,886,19,72,C1,Eckard Specht
407,0.045742186072742660330039963952,0.095869659970590646660690621742,21.8616573858040995796034527544,0.851585467792358929500166981860,912,12,63,C1,Eckard Specht
408,0.045713663260026576477112570567,0.095807016196403452623531805014,21.8752978581445374117047376123,0.852613515529650286691094984953,901,19,68,C1,Eckard Specht
409,0.045686348359351407110103461677,0.095747028832308524658629360222,21.8883766357157953750126064308,0.853682152402512502344456773068,703,28,76,C1,Eckard Specht
410,0.045616661337397671740144451897,0.095594001884654167405257061645,21.9218147642071114814343130306,0.853160714544040932119996080862,781,10,57,C1,Eckard Specht
411,0.045582687310,0.095519405828,21.9381536942,0.853968148167,939,17,50,C1,"Eduardo Basurto, Peter Gurin, Gerardo Odriozola, Eckard Specht"
412,0.045537085133689439078161716935,0.095419286437268680090478243107,21.9601232064846365646318125465,0.854333962458826444508987962065,899,24,72,C1,Eckard Specht
413,0.045480851715150721001845150612,0.095295839369747762113718929765,21.9872751342270252351171109628,0.854293751439773179762055455094,847,29,79,C1,Eckard Specht
414,0.045443027237,0.095212812925,22.0055762303,0.854938451928,953,20,41,C1,"Eduardo Basurto, Peter Gurin, Gerardo Odriozola, Eckard Specht"
415,0.045421455544,0.095165465027,22.0160271841,0.856190078850,1004,18,42,C1,"Eduardo Basurto, Peter Gurin, Gerardo Odriozola, Eckard Specht"
416,0.045345499188,0.094998764788,22.0529053138,0.855385147389,926,24,44,C1,"Eduardo Basurto, Peter Gurin, Gerardo Odriozola, Eckard Specht"
417,0.045305463570,0.094910909911,22.0723930672,0.855927957203,836,21,44,C1,"Eduardo Basurto, Peter Gurin, Gerardo Odriozola, Eckard Specht"
418,0.045256894153,0.094804338205,22.0960810218,0.856141943781,964,17,48,C1,"Eduardo Basurto, Peter Gurin, Gerardo Odriozola"
419,0.045210693947697651688460206646,0.094702975119457522899909248732,22.1186607123716768595331524009,0.856438868990369345480846813665,923,21,68,C1,Eckard Specht
420,0.045176640882,0.094628269094,22.1353332270,0.857190130180,924,21,48,C1,"Eduardo Basurto, Peter Gurin, Gerardo Odriozola, Eckard Specht"
421,0.045167765082619208108459702038,0.094608798134108784250306119663,22.1396829834470871900626725022,0.858893468077202157942737988816,996,24,72,C6,David W. Cantrell
422,0.045024896232,0.094295434623,22.2099345848,0.855495820456,886,21,48,C1,"Eduardo Basurto, Peter Gurin, Gerardo Odriozola, Eckard Specht"
423,0.044941513100,0.094112588321,22.2511422296,0.854349850680,963,25,47,C1,"Eduardo Basurto, Peter Gurin, Gerardo Odriozola, Eckard Specht"
424,0.044870036761,0.093955877185,22.2865874910,0.853647764348,967,24,46,C1,"Eduardo Basurto, Peter Gurin, Gerardo Odriozola, Eckard Specht"
425,0.044823414384,0.093853670743,22.3097685382,0.853883852742,998,20,48,C1,"Eduardo Basurto, Peter Gurin, Gerardo Odriozola, Eckard Specht"
426,0.044767506418,0.093731121416,22.3376301254,0.853759222757,1005,23,45,C1,"Eduardo Basurto, Peter Gurin, Gerardo Odriozola, Eckard Specht"
427,0.044711866187,0.093609173200,22.3654274643,0.853637467574,1010,27,43,C1,"Eduardo Basurto, Peter Gurin, Gerardo Odriozola, Eckard Specht"
428,0.044651163582,0.093476145843,22.3958329364,0.853314903149,992,25,42,C1,"Eduardo Basurto, Peter Gurin, Gerardo Odriozola, Eckard Specht"
429,0.044596741449,0.093356896263,22.4231629377,0.853224950236,973,19,50,C1,"Eduardo Basurto, Peter Gurin, Gerardo Odriozola, Eckard Specht"
430,0.044540769625,0.093234265176,22.4513408372,0.853068468279,990,27,47,C1,"Eduardo Basurto, Peter Gurin, Gerardo Odriozola, Eckard Specht"
431,0.044472339148,0.093084357408,22.4858871640,0.852427037146,1000,21,45,C1,"Eduardo Basurto, Peter Gurin, Gerardo Odriozola, Eckard Specht"
432,0.044414312888,0.092957258542,22.5152644491,0.852176673783,1022,18,52,C1,"Eduardo Basurto, Peter Gurin, Gerardo Odriozola, Eckard Specht"
433,0.044370155773723810856702848523,0.092860548551930208099820299115,22.5376716074592670690400788176,0.852451743225495613520457227773,1056,24,72,D3,David W. Cantrell
434,0.044293928650,0.092693621978,22.5764575525,0.851487218019,1014,25,46,C1,"Eduardo Basurto, Peter Gurin, Gerardo Odriozola, Eckard Specht"
435,0.044246411328,0.092589579265,22.6007029720,0.851619038202,1028,24,46,C1,"Eduardo Basurto, Peter Gurin, Gerardo Odriozola, Eckard Specht"
436,0.044203999602,0.092496724371,22.6223873180,0.851941201235,1024,27,47,C1,"Eduardo Basurto, Peter Gurin, Gerardo Odriozola, Eckard Specht"
437,0.044138874267,0.092354157061,22.6557658438,0.851380976821,1001,23,51,C1,"Eduardo Basurto, Peter Gurin, Gerardo Odriozola, Eckard Specht"
438,0.044101975719432875977853039085,0.092273390255461886202160342889,22.6747211136703101663003074921,0.851903106912561759146401158800,992,17,69,C1,Eckard Specht
439,0.044055154599,0.092170913021,22.6988194481,0.852036067920,995,21,46,C1,"Eduardo Basurto, Peter Gurin, Gerardo Odriozola, Eckard Specht"
440,0.044010742509939902842923792968,0.092073717701576797785500274734,22.7217252645566763261651339124,0.852256000761541753999017293657,1016,23,74,C1,Eckard Specht
441,0.043972458907,0.091989941747,22.7415074084,0.852707519767,977,13,54,C1,"Eduardo Basurto, Peter Gurin, Gerardo Odriozola, Eckard Specht"
442,0.043921175048,0.091877727865,22.7680611666,0.852648770978,1064,20,47,C1,"Eduardo Basurto, Peter Gurin, Gerardo Odriozola, Eckard Specht"
443,0.043877652661,0.091782506252,22.7906448808,0.852885042546,1025,16,51,C1,"Eduardo Basurto, Peter Gurin, Gerardo Odriozola, Eckard Specht"
444,0.043833689888436317809385791721,0.091686329930034630738279620477,22.8135026402102665371579790093,0.853098211940608305489335247280,800,19,69,C1,Eckard Specht
445,0.043784439980420455823596994257,0.091578597569618972159861737569,22.8391638775597088393225558784,0.853099347057573354445625084330,1042,19,67,C1,Eckard Specht
446,0.043746836717,0.091496349286,22.8587956306,0.853548432344,1057,24,46,C1,"Eduardo Basurto, Peter Gurin, Gerardo Odriozola, Eckard Specht"
447,0.043696528906488861494908500608,0.091386322913840060599706728801,22.8851129603454994729565945110,0.853495827398600646002108730312,1014,19,76,C1,Eckard Specht
448,0.043661963493,0.091310732871,22.9032301803,0.854052441107,994,12,54,C1,"Eduardo Basurto, Peter Gurin, Gerardo Odriozola, Eckard Specht"
449,0.043614812399,0.091207628400,22.9279904004,0.854111085409,963,15,50,C1,"Eduardo Basurto, Peter Gurin, Gerardo Odriozola, Eckard Specht"
450,0.043580235001,0.091132025071,22.9461819097,0.854656597234,993,12,51,C1,"Eduardo Basurto, Peter Gurin, Gerardo Odriozola, Eckard Specht"
451,0.043528243768320791134414786938,0.091018356756950093760148401007,22.9735894083506566203191655262,0.854513310505015362035743341110,912,18,69,C1,Eckard Specht
452,0.043491651467512496309630078136,0.090938362501987751580905967881,22.9929185546560016557835681122,0.854968733811955006976752505803,1073,19,71,C1,Eckard Specht
453,0.043470066437860004325588881840,0.090891178441173196401596074230,23.0043356715244343856991738873,0.856009944278719132684819244051,1107,18,57,C3,David W. Cantrell
454,0.043379311966224855357522695033,0.090692815885857726443468868260,23.0524633672982246605457220236,0.854321176825028752657539689317,928,22,75,C1,Eckard Specht
455,0.043337924133595064544360940394,0.090602366764347579431461395313,23.0744785310289332576179431978,0.854569929035204894259411025789,1006,15,66,C1,Eckard Specht
456,0.043284865363979088341200880974,0.090486423381285112179162756447,23.1027633236485147243934243320,0.854352283727475220336056310466,948,19,71,C1,Eckard Specht
457,0.043235279184541018849680216431,0.090378079885076051673345674001,23.1292596893315491659465826202,0.854265240337499099899219612013,1052,21,72,C1,Eckard Specht
458,0.043197756721797622638589929561,0.090296102512872824537921829963,23.1493502414999063853525150179,0.854649153094390153669893793888,1041,22,71,C1,Eckard Specht
459,0.043156056253836540879332713904,0.090205004767810296282682130288,23.1717187992844168559109936224,0.854862342845395540820662726559,1032,29,77,C1,Eckard Specht
460,0.043076806805658717857478628246,0.090031900390798157568829844008,23.2143483733951364359193633380,0.853581190903140806626461160139,1059,21,68,C1,Eckard Specht
461,0.043025781924723628879994062761,0.089920462039739477796675908487,23.2418785961766895656171708726,0.853411456617816162269516741196,1070,22,71,C1,Eckard Specht
462,0.043002790514,0.089870252677,23.2543048497,0.854348876300,1098,30,46,C1,"Eduardo Basurto, Peter Gurin, Gerardo Odriozola"
463,0.042941349904,0.089736088587,23.2875771776,0.853753263121,952,23,46,C1,"Eduardo Basurto, Peter Gurin, Gerardo Odriozola"
464,0.042892261080,0.089628908713,23.3142290665,0.853642172097,1114,22,48,C1,"Eduardo Basurto, Peter Gurin, Gerardo Odriozola"
465,0.042839184771869202644746201372,0.089513034989128472882306399247,23.3431146116641422826791969285,0.853366024642032837348019999123,1052,30,85,C1,Eckard Specht
466,0.042795338779,0.089417322152,23.3670308153,0.853451515884,929,12,54,C1,"Eduardo Basurto, Peter Gurin, Gerardo Odriozola"
467,0.042755787594217183368951216791,0.089330992112789484430884929810,23.3886464562578249337399163541,0.853702793098448072382800968470,1058,27,80,C1,Eckard Specht
468,0.042702480499,0.089214647754,23.4178433738,0.853398861479,1084,22,56,C1,"Eduardo Basurto, Peter Gurin, Gerardo Odriozola"
469,0.042648872937100520251699018778,0.089097660683692749232647127723,23.4472784655956000759856925706,0.853076464155519278564349433123,877,17,72,C1,Eckard Specht
470,0.042608082448902421813398098905,0.089008652920089767756920508248,23.4697255197824528894293665930,0.853260884287059301417714228650,944,18,74,C1,Eckard Specht
471,0.042563111325391161145460444524,0.088910531501061709534894886300,23.4945230473188359063824606456,0.853272287923589064727640134693,962,18,69,C1,Eckard Specht
472,0.042530647597607977873074628402,0.088839705398181316456189554496,23.5124564634243264172370716012,0.853780024953944946598408489691,1033,18,66,C1,Eckard Specht
473,0.042474741876,0.088717747163,23.5434038168,0.853341048886,1076,18,51,C1,"Eduardo Basurto, Peter Gurin, Gerardo Odriozola"
474,0.042434766924042515390551604655,0.088630550605373615415680621059,23.5655824807517469954386118968,0.853536276407563211814750542995,1062,23,76,C1,Eckard Specht
475,0.042417386477780284189397448471,0.088592641258927854444707770124,23.5752384349242049175097175806,0.854636470912554409198950226297,1064,23,81,C1,Eckard Specht
476,0.042371406984668667484486722234,0.088492359759751481414271292369,23.6008211943925307311698457134,0.854579997813564080478359829557,1036,17,72,C1,Eckard Specht
477,0.042356035850991778841723921457,0.088458837389803110248877504564,23.6093860038742202192008170011,0.855754109726008911580233907210,1120,20,76,D1,Eckard Specht
478,0.042333004527928768514618597274,0.088408611193834006014848303303,23.6222307193022452833862815561,0.856615804188862781020467569775,1130,22,75,C1,Eckard Specht
479,0.042312714894409903807822234725,0.088364366014830619483663396997,23.6335579623162838547322040025,0.857585238191360886512389085307,1121,25,75,C1,Eckard Specht
480,0.042297488140836197438944074706,0.088331162583514889988626783344,23.6420658520038198439271964369,0.858757201451605805814513587596,1126,20,74,C1,Eckard Specht
481,0.042291092541424282064364101175,0.088317216665865709746502051359,23.6456411954951575092334401966,0.860286060515057332113350977053,1194,12,72,D6,Eckard Specht
482,0.042196490944179376978402581885,0.088110955003235789516716633628,23.6986530781166988409811497192,0.858222134737066265566683980294,1095,16,72,C1,Eckard Specht
483,0.042156191235811405318750234178,0.088023101157173801623316784890,23.7213080851219457765613089416,0.858360773943476030605588745959,1081,23,77,C1,Eckard Specht
484,0.042121280202914734846657564830,0.087947000663795111779461946512,23.7409688210474042259494849484,0.858713887031309074926966676107,1090,24,78,C1,Eckard Specht
485,0.042079214035771716083137380829,0.087855310485648202010477358638,23.7647024288499260446009072982,0.858770223126119385943905850817,1099,20,76,C1,Eckard Specht
486,0.042046027097794249135343683975,0.087782979740481924867251304316,23.7834599134447208513690827190,0.859184039828305868328849919031,1033,20,74,C1,Eckard Specht
487,0.042005247145788741872873489415,0.087694106926243569169307621200,23.8065496086542018005549446549,0.859282663648272310623243875139,1131,25,79,C1,Eckard Specht
488,0.041953897403451088370236042704,0.087582209853461837658267344536,23.8356877880370879459253275588,0.858943199581578387711351047139,898,22,75,C1,Eckard Specht
489,0.041931274903785881309869108582,0.087532916596510193141967197910,23.8485474695097388958153727600,0.859775357562806334581158800896,921,15,70,C1,Eckard Specht
490,0.041894899435620618339051179521,0.087453661213038312225560320088,23.8692540970694492172585447016,0.860039473373174754464463313254,1083,18,72,C1,Eckard Specht
491,0.041846392358499436036065361880,0.087347982671597970540425712223,23.8969226171987950296106034661,0.859800191729946676469749368322,1100,19,73,C1,Eckard Specht
492,0.041799442000546795368312070857,0.087245705821370745104984988659,23.9237643408473873040179619093,0.859619128966081137423238079694,941,20,75,C1,Eckard Specht
493,0.041768035223,0.087177294764,23.9417534165,0.860072401830,1135,21,46,C1,"Eduardo Basurto, Peter Gurin, Gerardo Odriozola"
494,0.041727987053,0.087090067307,23.9647313619,0.860165102327,1112,16,53,C1,"Eduardo Basurto, Peter Gurin, Gerardo Odriozola"
495,0.041684045350995986605589866560,0.086994367877895393272056356320,23.9899940511917298174811734665,0.860092020227825611465037590288,929,22,73,C1,Eckard Specht
496,0.041644691456434812285377309609,0.086908667558221630234286905586,24.0126644003621981958977141031,0.860203041944820704846439523591,876,23,77,C1,Eckard Specht
497,0.041582093299727856622981597461,0.086772363097618758965157325290,24.0488133387586027391096967781,0.859348030144074336783645456370,880,20,74,C1,Eckard Specht
498,0.041572199104,0.086750820594,24.0545369635,0.860667373695,1096,22,52,C1,"Eduardo Basurto, Peter Gurin, Gerardo Odriozola"
499,0.041561717219,0.086727999008,24.0606035292,0.861960792758,977,15,54,C1,"Eduardo Basurto, Peter Gurin, Gerardo Odriozola"
500,0.041440537877,0.086464198653,24.1309609197,0.858659089768,984,25,52,C1,"Xiangjing Lai, Jin-Kao Hao, Dong Yue, Yangming Zhou"
501,0.041363670898,0.086296898297,24.1758039915,0.857187588349,1081,21,52,C1,"Eduardo Basurto, Peter Gurin, Gerardo Odriozola"
502,0.041300021660,0.086158386551,24.2130623619,0.856257278136,1157,21,50,C1,"Eduardo Basurto, Peter Gurin, Gerardo Odriozola"
503,0.041254430490583804802875999953,0.086059183588599894473438412080,24.2398207443015577120047513869,0.856069801656512586838407385211,1073,20,72,C1,Eckard Specht
504,0.041207278013,0.085956593262,24.2675577767,0.855812039665,1007,27,50,C1,"Eduardo Basurto, Peter Gurin, Gerardo Odriozola"
505,0.041171083540,0.085877851269,24.2888919605,0.856004350528,1205,29,50,C1,"Jianrong Zhou, Kun He, Jiongzhi Zheng, Chu-Min Li"
506,0.041118009195,0.085762397436,24.3202436007,0.855489484161,1146,25,51,C1,"Eduardo Basurto, Peter Gurin, Gerardo Odriozola"
507,0.041070554770,0.085659179566,24.3483441020,0.855202767842,1194,24,56,C1,"Jianrong Zhou, Kun He, Jiongzhi Zheng, Chu-Min Li"
508,0.041025501874,0.085561194702,24.3750826759,0.855010636439,1185,29,49,C1,"Eduardo Basurto, Peter Gurin, Gerardo Odriozola"
509,0.040985369947,0.085473920131,24.3989501935,0.855018479793,1185,24,53,C1,"Eduardo Basurto, Peter Gurin, Gerardo Odriozola"
510,0.040960073712,0.085418912371,24.4140185643,0.855641095631,1164,20,59,C1,"Xiangjing Lai, Jin-Kao Hao, Dong Yue, Yangming Zhou"
511,0.040913464209,0.085317565584,24.4418315421,0.855368803880,1214,20,58,C1,"Jianrong Zhou, Kun He, Jiongzhi Zheng, Chu-Min Li"
512,0.040866764408853320103697142577,0.085216032334998239966759244712,24.4697620294931243416864079018,0.855087325823344872319759701071,1193,24,79,C1,Eckard Specht
513,0.040849607564,0.085178732941,24.4800393353,0.856038194762,1213,23,57,C1,"Jianrong Zhou, Kun He, Jiongzhi Zheng, Chu-Min Li"
514,0.040798332654,0.085067268006,24.5108055881,0.855555028936,1093,17,54,C1,"Eduardo Basurto, Peter Gurin, Gerardo Odriozola"
515,0.040789652303,0.085048399240,24.5160216756,0.856854803525,1229,27,57,C1,"Jianrong Zhou, Kun He, Jiongzhi Zheng, Chu-Min Li"
516,0.040723511684704462056124463261,0.084904638403520289838356554093,24.5558390873151238699223109098,0.855736672430078600356223932818,1021,18,71,C1,Eckard Specht
517,0.040701929562,0.084857732578,24.5688597755,0.856486535226,1230,21,59,C1,"Jianrong Zhou, Kun He, Jiongzhi Zheng, Chu-Min Li"
518,0.040656008596,0.084757936591,24.5966103052,0.856207916108,1087,17,52,C1,"Eduardo Basurto, Peter Gurin, Gerardo Odriozola"
519,0.040635665835,0.084713730515,24.6089236992,0.857002558346,1232,22,51,C1,"Eduardo Basurto, Peter Gurin, Gerardo Odriozola"
520,0.040611145961,0.084660449806,24.6237818790,0.857617891658,1233,26,48,C1,"Xiangjing Lai, Jin-Kao Hao, Dong Yue, Yangming Zhou"
521,0.040518336750,0.084458803752,24.6801838429,0.855344254366,1047,18,54,C1,"Eduardo Basurto, Peter Gurin, Gerardo Odriozola"
522,0.040495757616,0.084409752093,24.6939447209,0.856031132915,1212,20,57,C1,"Eduardo Basurto, Peter Gurin, Gerardo Odriozola"
523,0.040456687390,0.084324880093,24.7177923976,0.856016879041,1221,23,60,C1,"Eduardo Basurto, Peter Gurin, Gerardo Odriozola"
524,0.040428066761429467673155299107,0.084262712072005064858424435243,24.7352911011330708751615886788,0.856440577002897418362091068151,1173,23,78,C1,Eckard Specht
525,0.040404296082092137720426766248,0.084211081640166808367083110722,24.7498433822045172748232953464,0.857066249491917186853370239940,1191,30,84,C1,Eckard Specht
526,0.040383692791809285890911713302,0.084166332915490902373967382906,24.7624704643856224116414954567,0.857823230482698598796750676435,1231,26,83,C1,Eckard Specht
527,0.040351506261822068131457147183,0.084096430151499240020328167664,24.7822223416262900725886662109,0.858084618354075157934671718970,1226,21,80,C1,Eckard Specht
528,0.040332669133047999863628815355,0.084055521816319304071852926701,24.7937967284345832966421089874,0.858910377281047289576580874248,1253,17,77,C1,Eckard Specht
529,0.040278367828,0.083937605401,24.8272224999,0.858221517976,1237,16,61,C1,"Eduardo Basurto, Peter Gurin, Gerardo Odriozola"
530,0.040251137105,0.083878478342,24.8440186271,0.858681640270,1224,22,55,C1,"Xiangjing Lai, Jin-Kao Hao, Dong Yue, Yangming Zhou"
531,0.040207596706540718726354346674,0.083783944462513380957098983100,24.8709219627973013113771629005,0.858441592278302571292108324540,1258,10,70,C1,Eckard Specht
532,0.040159157620747260241406643223,0.083678784747689567587271332015,24.9009207176042486912432244769,0.857987224509868101955245456059,1242,27,80,C1,Eckard Specht
533,0.040125449352,0.083605611431,24.9218392853,0.858157548478,1216,22,55,C1,"Eduardo Basurto, Peter Gurin, Gerardo Odriozola"
534,0.040088237275492684129696460436,0.083524838078263918610894370015,24.9449730884359521303901558520,0.858173654035211388580695305011,1209,21,79,C1,Eckard Specht
535,0.040049161517,0.083440026117,24.9693117689,0.858105405945,1223,19,57,C1,"Eduardo Basurto, Peter Gurin, Gerardo Odriozola"
536,0.040005363169546200093410367920,0.083344972221155464146419485586,24.9966484684044296038824286457,0.857829988127424003575866691156,987,25,78,C1,Eckard Specht
537,0.039971176652147908196634622171,0.083270784543236468853182643931,25.0180275827897994464292240505,0.857962195108023949369362113924,1240,25,78,C1,Eckard Specht
538,0.039938372070217120762137913689,0.083199600751334556970330186201,25.0385768914632580091158618829,0.858149577227075253642072661035,1170,19,74,C1,Eckard Specht
539,0.039897199682,0.083110266252,25.0644157477,0.857972946389,1270,24,55,C1,"Jianrong Zhou, Kun He, Jiongzhi Zheng, Chu-Min Li"
540,0.039868852095,0.083048763040,25.0822370711,0.858343698381,1284,27,50,C1,"Xiangjing Lai, Jin-Kao Hao, Dong Yue, Yangming Zhou"
541,0.039813485199,0.082928648935,25.1171178560,0.857546459597,1298,20,54,C1,"Eduardo Basurto, Peter Gurin, Gerardo Odriozola"
542,0.039769974862812101606235244037,0.082834266418882646673618413011,25.1445972357170063779442361267,0.857254788119078890466661631834,1258,20,73,C1,Eckard Specht
543,0.039741872972,0.082773312411,25.1623772414,0.857623141756,1306,31,51,C1,"Eduardo Basurto, Peter Gurin, Gerardo Odriozola"
544,0.039695739048318357067031070817,0.082673254014262204696618150981,25.1916206619250060506471473382,0.857208924034149610723394945075,1072,29,80,C1,Eckard Specht
545,0.039655045773,0.082585003646,25.2174718376,0.857024847116,1230,18,59,C1,"Eduardo Basurto, Peter Gurin, Gerardo Odriozola"
546,0.039630967944,0.082532790253,25.2327927345,0.857555036617,1207,19,62,C1,"Eduardo Basurto, Peter Gurin, Gerardo Odriozola"
547,0.039606054504887842990147209913,0.082478767573799567696479191354,25.2486649453201275081930068970,0.858045835733948191148671796544,1255,18,66,C1,David W. Cantrell
548,0.039533765654826710253670291812,0.082322031199316533369847235802,25.2948329974710914037663558773,0.856479407514214280646609320540,1197,28,84,C1,Eckard Specht
549,0.039499282901,0.082247274152,25.3169153097,0.856546148982,1266,24,56,C1,"Eduardo Basurto, Peter Gurin, Gerardo Odriozola"
550,0.039476970920,0.082198905648,25.3312241718,0.857137178160,1242,29,53,C1,"Xiangjing Lai, Jin-Kao Hao, Dong Yue, Yangming Zhou"
551,0.039419126733965724230357739176,0.082073519952439318475065035289,25.3683955697157560802179217371,0.856181021410116646982564743803,1209,30,60,C1,Eckard Specht
552,0.039396755278829226045281059478,0.082025030615558068298466615098,25.3828010180669254935089711279,0.856761588227977085617141702210,1267,21,77,C1,Eckard Specht
553,0.039378851849501416299958985333,0.081986227193349298952149565290,25.3943412017651602657501061851,0.857533767060694556696071077117,1018,21,80,C1,Eckard Specht
554,0.039356127462014738756925116501,0.081936977036114993837808065952,25.4090039972852424254193685963,0.858093241918718277958939483130,1291,21,78,C1,Eckard Specht
555,0.039338865340657269648116177974,0.081899566707478201536867249358,25.4201536150176136366010953082,0.858888211091153018977275537976,1197,20,78,C1,Eckard Specht
556,0.039300197504924905310546353438,0.081815770967906226405224011085,25.4451647443930777452864374396,0.858745071302914798540562430525,1156,20,78,C1,Eckard Specht
557,0.039261688615867194609056661723,0.081732326379912959872242623615,25.4701220261795010287506911613,0.858604467483908826878003571721,1236,14,70,C1,Eckard Specht
558,0.039227715817813268295027580673,0.081658716563007558515518247149,25.4921801882204151912929647083,0.858658038061979449276546006649,1060,28,81,C1,Eckard Specht
559,0.039213786862922045508537367070,0.081628537809435258857142167220,25.5012351522095316035318226822,0.859586083793048777920684105723,987,33,81,C1,Eckard Specht
560,0.039197003549,0.081592175907,25.5121542327,0.860386848843,1288,29,54,C1,"Xiangjing Lai, Jin-Kao Hao, Dong Yue, Yangming Zhou"
561,0.039168572210892704683783194127,0.081530580865824482669607280578,25.5306727703978426135673988907,0.860673324511392999329528333323,1333,18,76,C1,Eckard Specht
562,0.039148796880817713574660005401,0.081487740773452028334822821399,25.5435691432444520314541673235,0.861337103035123779700966575935,1308,20,79,C1,Eckard Specht
563,0.039113704139624479785788694159,0.081411722298739110070525899011,25.5664867850483447614008534661,0.861323482406929444731415396126,1305,23,82,C1,Eckard Specht
564,0.039103098213915319746774115222,0.081388748660198032032976963266,25.5734211782773178644280999157,0.862385491518888612673159076661,1010,19,79,C1,Eckard Specht
565,0.039099451562284439210900352579,0.081380849716142751279610925900,25.5758063104037468809478361522,0.863753418546356296890198688724,1398,18,72,C6,David W. Cantrell
566,0.039033134496094218958317076841,0.081237212014851872282444861316,25.6192594550679299885987966945,0.862349443142042161053036881766,1244,19,81,C1,Eckard Specht
567,0.038985885639900668392513564066,0.081134886693854236480569600267,25.6503086587966476780441691551,0.861782891265243255040854958354,1320,25,82,C1,Eckard Specht
568,0.038949493699,0.081056080703,25.6742746832,0.861691817744,1339,22,58,C1,"Jianrong Zhou, Kun He, Jiongzhi Zheng, Chu-Min Li"
569,0.038913846517,0.080978893257,25.6977937034,0.861629559476,1354,25,56,C1,"Eduardo Basurto, Peter Gurin, Gerardo Odriozola"
570,0.038890203265,0.080927701283,25.7134166460,0.862095308696,1371,24,59,C1,"Xiangjing Lai, Jin-Kao Hao, Dong Yue, Yangming Zhou"
571,0.038845477684762074893355299320,0.080830869091040071421402839317,25.7430223439437905662747609185,0.861622518974245896648876106784,1351,17,76,C1,Eckard Specht
572,0.038798345694,0.080728836702,25.7742948085,0.861038251554,1317,28,56,C1,"Eduardo Basurto, Peter Gurin, Gerardo Odriozola"
573,0.038769972545,0.080667418698,25.7931572905,0.861282471863,1363,18,61,C1,"Eduardo Basurto, Peter Gurin, Gerardo Odriozola"
574,0.038744116601374549503949234890,0.080611452726594467406363483802,25.8103703921983955669970721747,0.861635171880800602220081059742,1102,19,78,C1,Eckard Specht
575,0.038715940751436142588068557704,0.080550468675617921555262753222,25.8291541052868682204399670978,0.861881339254510426489131968239,1301,27,85,C1,Eckard Specht
576,0.038647897193190401592830350485,0.080403209355556932183060048977,25.8746289610860337353494393627,0.860348135494318764452669519406,1278,17,76,C1,Eckard Specht
577,0.038628866128,0.080362026208,25.8873764683,0.860993225139,1355,25,56,C1,"Eduardo Basurto, Peter Gurin, Gerardo Odriozola"
578,0.038594317438,0.080287267151,25.9105502152,0.860943333656,1381,21,58,C1,"Jianrong Zhou, Kun He, Jiongzhi Zheng, Chu-Min Li"
579,0.038552723525589725836114674323,0.080197270238178970836607437722,25.9385046904984748061020777189,0.860574932428283950416568864900,1296,20,82,C1,Eckard Specht
580,0.038539369899,0.080168378595,25.9474922040,0.861464158683,1412,33,49,C1,"Xiangjing Lai, Jin-Kao Hao, Dong Yue, Yangming Zhou"
581,0.038464466250970964373688570522,0.080006333413385006944670272691,25.9980209649927703821077581933,0.859598310267780987168578977513,1126,23,79,C1,Eckard Specht
582,0.038438459819370396247119168284,0.079950077479491787576181149579,26.0156105291208186088716326596,0.859913842492075117335948152449,1300,20,76,C1,Eckard Specht
583,0.038425535132730880216537428712,0.079922120515200966612429403034,26.0243610543292019274659153579,0.860812180388016612447028058645,1452,18,78,C6,David W. Cantrell
584,0.038350160422,0.079759094930,26.0755102194,0.858909125766,1229,16,57,C1,"Eduardo Basurto, Peter Gurin, Gerardo Odriozola"
585,0.038310243405688328600837938708,0.079672770023793619450630848323,26.1026793646400947275530876693,0.858589728634805348906549857882,1341,25,82,C1,Eckard Specht
586,0.038251278139,0.079545264308,26.1429172737,0.857411923651,1321,21,58,C1,"Eduardo Basurto, Peter Gurin, Gerardo Odriozola"
587,0.038220907159982358254553922699,0.079479596602834503293522873249,26.1636908777248805931898419424,0.857511755805478540060784041428,1205,26,63,C1,Eckard Specht
588,0.038192988849534037293043912449,0.079419235681905611344893033806,26.1828160121121344454490621354,0.857718185589251207667891016225,1365,26,63,C1,Eckard Specht
589,0.038169340683633802942532088238,0.079368109789228728280126795808,26.1990378164634794339084599702,0.858113256683525223959865087631,1057,38,57,C1,Eckard Specht
590,0.038167431688,0.079363982767,26.2003481967,0.859484176578,1324,26,62,C1,"Xiangjing Lai, Jin-Kao Hao, Dong Yue, Yangming Zhou"
591,0.038131879181,0.079287125450,26.2247762628,0.859337764036,1395,23,62,C1,"Jianrong Zhou, Kun He, Jiongzhi Zheng, Chu-Min Li"
592,0.038095210632099973522885478718,0.079207861429058102681745629002,26.2500189238322543246352828485,0.859137083277605215634757251730,1376,30,90,C1,Eckard Specht
593,0.038058389601265336139360414693,0.079128273878265320690304766938,26.2754154991033243086111503742,0.858925524291728972620301366642,1422,14,75,C1,Eckard Specht
594,0.038030975454796199621091613498,0.079069022981849847402395613149,26.2943557992248926310121635325,0.859134925861726735549789030009,1382,26,90,C1,Eckard Specht
595,0.038003875139340146817132638541,0.079010453695631696907617853234,26.3131061328227168476290746618,0.859355242735900857875075944140,1227,14,78,C1,Eckard Specht
596,0.037987100291744921817203785427,0.078974201496185930433457215951,26.3247258232372285023160286849,0.860039793990751926046863131585,1333,26,86,C1,Eckard Specht
597,0.037946427852,0.078886309350,26.3529416761,0.859639037876,1424,21,64,C1,"Jianrong Zhou, Kun He, Jiongzhi Zheng, Chu-Min Li"
598,0.037902285348406999487260622988,0.078790926890690421605800002267,26.3836333563466547397672407489,0.859076774309976605700650678562,1352,20,86,C1,Eckard Specht
599,0.037878465082,0.078739460052,26.4002249784,0.859432092064,1367,21,60,C1,"Eduardo Basurto, Peter Gurin, Gerardo Odriozola"
600,0.037856332396,0.078691641738,26.4156598568,0.859861141486,1438,31,58,C1,"Xiangjing Lai, Jin-Kao Hao, Dong Yue, Yangming Zhou"
601,0.037806022107,0.078582953075,26.4508124438,0.859006479841,1420,24,61,C1,"Eduardo Basurto, Peter Gurin, Gerardo Odriozola"
602,0.037777631881,0.078521624798,26.4706904644,0.859143981263,1434,25,62,C1,"Eduardo Basurto, Peter Gurin, Gerardo Odriozola"
603,0.037747140178767727863459950903,0.078455760964494107975258445794,26.4920731812813439902951847192,0.859182494780351183350185940116,1433,20,79,C1,Eckard Specht
604,0.037721886689650267349981519717,0.078401215132873689858140945458,26.5098087014393538450193927138,0.859456204197795659206358905121,1328,22,86,C1,Eckard Specht
605,0.037702695823,0.078359766071,26.5233023308,0.860003429755,1455,26,62,C1,"Jianrong Zhou, Kun He, Jiongzhi Zheng, Chu-Min Li"
606,0.037664814443,0.078277953479,26.5499781371,0.859694777698,1434,27,59,C1,"Eduardo Basurto, Peter Gurin, Gerardo Odriozola"
607,0.037638406672,0.078220924303,26.5686060708,0.859906341682,1452,21,64,C1,"Eduardo Basurto, Peter Gurin, Gerardo Odriozola"
608,0.037621165723,0.078183693122,26.5807818759,0.860534083097,1299,28,62,C1,"Jianrong Zhou, Kun He, Jiongzhi Zheng, Chu-Min Li"
609,0.037587040085,0.078110004022,26.6049148254,0.860386419652,1237,24,63,C1,"Eduardo Basurto, Peter Gurin, Gerardo Odriozola"
610,0.037570513990,0.078074320324,26.6166174960,0.861041548098,1455,28,62,C1,"Xiangjing Lai, Jin-Kao Hao, Dong Yue, Yangming Zhou"
611,0.037531943271,0.077991041902,26.6439707846,0.860683173841,1423,23,61,C1,"Eduardo Basurto, Peter Gurin, Gerardo Odriozola"
612,0.037509989610,0.077943644516,26.6595648359,0.861083584172,1400,32,60,C1,"Eduardo Basurto, Peter Gurin, Gerardo Odriozola"
613,0.037480310028,0.077879570503,26.6806757802,0.861126241194,1449,28,66,C1,"Jianrong Zhou, Kun He, Jiongzhi Zheng, Chu-Min Li"
614,0.037449757211,0.077813615427,26.7024428053,0.861125369510,1411,31,59,C1,"Eduardo Basurto, Peter Gurin, Gerardo Odriozola"
615,0.037408257871,0.077724036544,26.7320655094,0.860617320520,1405,25,63,C1,"Eduardo Basurto, Peter Gurin, Gerardo Odriozola"
616,0.037373478058,0.077648968122,26.7569424084,0.860414547086,1440,24,63,C1,"Eduardo Basurto, Peter Gurin, Gerardo Odriozola"
617,0.037344812462,0.077587100647,26.7774808353,0.860489805996,1423,25,63,C1,"Eduardo Basurto, Peter Gurin, Gerardo Odriozola"
618,0.037314238522,0.077521118552,26.7994213365,0.860473781023,1465,25,62,C1,"Eduardo Basurto, Peter Gurin, Gerardo Odriozola"
619,0.037265377214,0.077415678905,26.8345599793,0.859610461780,1368,19,66,C1,"Eduardo Basurto, Peter Gurin, Gerardo Odriozola"
620,0.037262682859,0.077409864966,26.8365003074,0.860874670987,1497,25,61,C1,"Xiangjing Lai, Jin-Kao Hao, Dong Yue, Yangming Zhou"
621,0.037215513697,0.077308087586,26.8705144887,0.860081559493,1449,19,61,C1,"Eduardo Basurto, Peter Gurin, Gerardo Odriozola"
622,0.037174172797,0.077218894107,26.9003968282,0.859553694594,1401,33,63,C1,"Eduardo Basurto, Peter Gurin, Gerardo Odriozola"
623,0.037140961881,0.077147246711,26.9244507777,0.859398003805,1501,29,57,C1,"Eduardo Basurto, Peter Gurin, Gerardo Odriozola"
624,0.037114756631,0.077090716441,26.9434610590,0.859563219702,1452,20,62,C1,"Eduardo Basurto, Peter Gurin, Gerardo Odriozola"
625,0.037080231986,0.077016244173,26.9685475640,0.859339752585,1488,22,63,C1,"Eduardo Basurto, Peter Gurin, Gerardo Odriozola"
626,0.037048326320458437183867799057,0.076947425988456536236643702659,26.9917726201788099498796808967,0.859234130450130550384746949172,1152,25,59,C1,Eckard Specht
627,0.037036254677569486338954626420,0.076921389527844757583189085890,27.0005703520997943169126960616,0.860045968659700860624569591419,1429,19,80,C1,Eckard Specht
628,0.037017509496676084433005772476,0.076880960685646675362871566944,27.0142430864991893397307251021,0.860545893863324573452459584438,1222,18,82,C1,Eckard Specht
629,0.036996175309198312536023263766,0.076834949894569590025498957232,27.0298211002198180666362536045,0.860922985143120024536224554564,1385,17,80,C1,Eckard Specht
630,0.036990451469694770292342772623,0.076822605811432838424061866954,27.0340036487327463546231520055,0.862024904957061714659804528638,1228,27,87,C1,Eckard Specht
631,0.036987324315123774759685820705,0.076815861824080552246847423789,27.0362892833291336659684410261,0.863247222955044386970265092099,1602,24,84,C6,Eckard Specht
632,0.036925710254090389355534060788,0.076682994546210127416300301996,27.0814019044962451850715239043,0.861737105150030832150872764977,1152,16,76,C1,Eckard Specht
633,0.036908218871535035234103119181,0.076645278455785967788163835155,27.0942362046963062453704040852,0.862283120630362397833286106273,1314,14,73,C1,Eckard Specht
634,0.036885018813230849910283355448,0.076595255049984596941884772676,27.1112780249225398138142336535,0.862559924548417628330214003453,1395,15,73,C1,Eckard Specht
635,0.036844123629908181029512152617,0.076507083710613957033509085916,27.1413702235069851401307961467,0.862005798245533582666208719112,1281,18,75,C1,Eckard Specht
636,0.036825856691230694932226936926,0.076467702018502494882767332526,27.1548333114034253376167307360,0.862507406583386507579158909933,1407,20,77,C1,Eckard Specht
637,0.036819998580995698093659498860,0.076455072835296952731026420975,27.1591536811231914624995153183,0.863588732236382565898217484866,1590,24,78,C6,David W. Cantrell
638,0.036755246354467444119370861150,0.076315487243220681945775340489,27.2070003382919577774228838297,0.861904909860503913458872456088,1487,18,79,C1,Eckard Specht
639,0.036746866448480779974522452136,0.076297424152662542225456147865,27.2132047341234682498893938093,0.862862271827006286657725626434,1498,25,84,C1,Eckard Specht
640,0.036715137382,0.076229034228,27.2367222706,0.862720840307,1529,24,56,C1,"Xiangjing Lai, Jin-Kao Hao, Dong Yue, Yangming Zhou"
641,0.036673703378407968665469381818,0.076139732730277391076073556145,27.2674943591532834564227449793,0.862119692991456766956327125791,1397,11,73,C1,Eckard Specht
642,0.036650953238088392878696742308,0.076090703284095426125763880984,27.2844199577537943319225626404,0.862393703633267996852026493327,1453,14,74,C1,Eckard Specht
643,0.036621374413217465988358060828,0.076026960616677206610079153926,27.3064573906073232515571316601,0.862343416096096873556832595476,1511,29,89,C1,Eckard Specht
644,0.036579580115272055863353398711,0.075936900153411232785870063166,27.3376566064654684522441324090,0.861714298827786773870034654499,1221,15,73,C1,Eckard Specht
645,0.036566498050,0.075908711864,27.3474369526,0.862435162868,1529,23,61,C1,"Eduardo Basurto, Peter Gurin, Gerardo Odriozola"
646,0.036533392419,0.075837381662,27.3722185044,0.862208940020,1392,24,60,C1,"Eduardo Basurto, Peter Gurin, Gerardo Odriozola"
647,0.036514593267917632162399894028,0.075796878733776799797917262849,27.3863108008002295571538978984,0.862655142424381814379830073985,1362,20,80,C1,Eckard Specht
648,0.036492012323,0.075748229988,27.4032572155,0.862920192272,1527,16,60,C1,"Eduardo Basurto, Peter Gurin, Gerardo Odriozola"
649,0.036487752903610014402441650081,0.075739053683164592417672057264,27.4064561509640759098413576516,0.864050116658730772997746146504,1626,30,66,C6,David W. Cantrell
650,0.036446057840,0.075649231964,27.4378097184,0.863404835850,1601,26,64,C1,"Xiangjing Lai, Jin-Kao Hao, Dong Yue, Yangming Zhou"
651,0.036412799672,0.075577591026,27.4628704469,0.863155678950,1522,25,63,C1,"Eduardo Basurto, Peter Gurin, Gerardo Odriozola"
652,0.036365937017544004168061139206,0.075476653253603563259879081993,27.4982602405534169991357832398,0.862257856606913200196377673496,1431,17,77,C1,Eckard Specht
653,0.036366501872,0.075477869839,27.4978331301,0.863607165339,1570,11,65,C1,"Eduardo Basurto, Peter Gurin, Gerardo Odriozola"
654,0.036333936282,0.075407732305,27.5224790465,0.863381321437,1538,22,64,C1,"Eduardo Basurto, Peter Gurin, Gerardo Odriozola"
655,0.036317275611,0.075371851527,27.5351050754,0.863908652612,1628,12,69,C1,"Eduardo Basurto, Peter Gurin, Gerardo Odriozola"
656,0.036262647589,0.075254212153,27.5765854533,0.862626624268,1514,32,68,C1,"Eduardo Basurto, Peter Gurin, Gerardo Odriozola"
657,0.036231477419,0.075187094349,27.6003097648,0.862457011068,1600,27,61,C1,"Eduardo Basurto, Peter Gurin, Gerardo Odriozola"
658,0.036207749142,0.075136003863,27.6183972684,0.862638722438,1575,27,68,C1,"Eduardo Basurto, Peter Gurin, Gerardo Odriozola"
659,0.036172889831,0.075060951180,27.6450127339,0.862286974800,1577,18,66,C1,"Eduardo Basurto, Peter Gurin, Gerardo Odriozola"
660,0.036158193223,0.075029310762,27.6562491337,0.862893858520,1583,29,65,C1,"Xiangjing Lai, Jin-Kao Hao, Dong Yue, Yangming Zhou"
661,0.036118576247,0.074944023937,27.6865841323,0.862308574623,1594,20,62,C1,"Eduardo Basurto, Peter Gurin, Gerardo Odriozola"
662,0.036083901257,0.074869381898,27.7131896820,0.861955729610,1580,21,66,C1,"Eduardo Basurto, Peter Gurin, Gerardo Odriozola"
663,0.036050952685,0.074798461154,27.7385180008,0.861681998636,1613,19,63,C1,"Eduardo Basurto, Peter Gurin, Gerardo Odriozola"
664,0.036015329579,0.074721789016,27.7659544336,0.861277032550,1501,31,63,C1,"Eduardo Basurto, Peter Gurin, Gerardo Odriozola"
665,0.035988905398,0.074664919521,27.7863410665,0.861308872311,1579,30,59,C1,"Eduardo Basurto, Peter Gurin, Gerardo Odriozola"
666,0.035958925717,0.074600401739,27.8095070990,0.861167529588,1575,35,64,C1,"Jianrong Zhou, Kun He, Jiongzhi Zheng, Chu-Min Li"
667,0.035921690360,0.074520274963,27.8383336079,0.860675348159,1599,25,64,C1,"Eduardo Basurto, Peter Gurin, Gerardo Odriozola"
668,0.035882738215,0.074436460454,27.8685532305,0.860097362407,1575,17,65,C1,"Eduardo Basurto, Peter Gurin, Gerardo Odriozola"
669,0.035867101073,0.074402815448,27.8807032095,0.860634340446,1398,32,64,C1,"Jianrong Zhou, Kun He, Jiongzhi Zheng, Chu-Min Li"
670,0.035853778475,0.074374151295,27.8910631608,0.861280598726,1629,36,52,C1,"Xiangjing Lai, Jin-Kao Hao, Dong Yue, Yangming Zhou"
671,0.035816425270645526047146964543,0.074293788463880784896316453769,27.9201509487207631461744064174,0.860769750161550482759854751837,1571,19,84,C1,Eckard Specht
672,0.035788709674949536036452406032,0.074234164304142531378052064725,27.9417729524893817679033037461,0.860718929412939425031230697251,1567,16,85,C1,Eckard Specht
673,0.035765785734075029943774526398,0.074184850952014087750996519495,27.9596821228863146278995769855,0.860895831835289796908330694319,1313,25,92,C1,Eckard Specht
674,0.035732939304460234271422518005,0.074114196701244878708290069613,27.9853832196552225600092497078,0.860592149200625120366542062484,1286,12,83,C1,Eckard Specht
675,0.035717066012263276409569226859,0.074080054210971877472181286793,27.9978204160625900619144910518,0.861103443053951441512228459945,1231,16,83,C1,Eckard Specht
676,0.035704490745213197684323236676,0.074053006371057014508508322733,28.0076813624366630688451632476,0.861772005737510061934569763177,1204,18,82,C1,Eckard Specht
677,0.035685747189,0.074012692615,28.0223920969,0.862140918000,1637,31,62,C1,"Jianrong Zhou, Kun He, Jiongzhi Zheng, Chu-Min Li"
678,0.035657053134,0.073950980302,28.0449423636,0.862026447100,1649,30,63,C1,"Jianrong Zhou, Kun He, Jiongzhi Zheng, Chu-Min Li"
679,0.035616520534004688067970613757,0.073863813083414699929390102197,28.0768582951626392517590608633,0.861336307230491583945616342133,1306,26,88,C1,Eckard Specht
680,0.035609594845,0.073848919804,28.0823189467,0.862269406617,1696,30,59,C1,"Xiangjing Lai, Jin-Kao Hao, Dong Yue, Yangming Zhou"
681,0.035570260581907086441948031161,0.073764337883999889743439317917,28.1133729031114499555079445394,0.861630781185910453710854190767,1253,23,91,C1,Eckard Specht
682,0.035540927429665105312378788634,0.073701266213291222710024746825,28.1365758386295095557164067179,0.861473430386412042077083067587,1298,33,63,C1,Eckard Specht
683,0.035525419512389960922785625105,0.073667922890055539967071037827,28.1488583027495775414531850736,0.861983859735876102955041860550,1624,21,80,C1,Eckard Specht
684,0.035519765518556548498996481264,0.073655766595681224199371071833,28.1533390043797220270651386750,0.862971159865375306841197692419,1683,15,75,D3,David W. Cantrell
685,0.035487429713600331038658698161,0.073586246165900757037615019262,28.1789920563549965890552576282,0.862660002359240716311349858584,1318,20,87,C1,Eckard Specht
686,0.035476413521362731020164308339,0.073562562945470239452445576118,28.1877422416962426155315801399,0.863383078608367688421445919045,1375,17,81,C1,Eckard Specht
687,0.035454752070330912532974075294,0.073515995535579344969968162767,28.2049638371837759680657477096,0.863586098281251646298057643612,1380,12,78,C1,Eckard Specht
688,0.035429606129954430022576597282,0.073461939854496057202536358634,28.2249821330792821827675330123,0.863616809480308712647586757569,1294,44,101,C1,Eckard Specht
689,0.035413401962253011546837552754,0.073427107600902382546802424794,28.2378970838750700982250113137,0.864081127554132654128417925855,1274,13,77,C1,Eckard Specht
690,0.035404849065,0.073408722884,28.2447186306,0.864917302748,1675,20,62,C1,"Jianrong Zhou, Kun He, Jiongzhi Zheng, Chu-Min Li"
691,0.035338797985989032738811796599,0.073266755026964925424260290094,28.2975103000525227368280004975,0.862941974378328878929707230604,1429,7,74,C1,Eckard Specht
692,0.035310656145614674478593602903,0.073206273855025869026679717678,28.3200628126586850247523470225,0.862814966704214082499702066124,1308,18,84,C1,Eckard Specht
693,0.035283725822263126784162849429,0.073148399724751700125778254271,28.3416781163463646126579737697,0.862744326375141969275093580100,1504,10,80,C1,Eckard Specht
694,0.035262671289052455467834170683,0.073103155106829661632947341122,28.3586002830834043894157860678,0.862958454589196466783907247690,1380,11,78,C1,Eckard Specht
695,0.035233252243637970299344017552,0.073039939084914691844379753701,28.3822791346367664037278217346,0.862760534246354947266996552343,1348,13,79,C1,Eckard Specht
696,0.035212803895,0.072996001682,28.3987609445,0.862999324471,1661,30,65,C1,"Eduardo Basurto, Peter Gurin, Gerardo Odriozola"
697,0.035181013536701473097977761677,0.072927697382206833384622713044,28.4244227062071936819724774262,0.862679488288291887807458078935,1502,19,88,C1,Eckard Specht
698,0.035143728176249114907559841661,0.072847592335843315622307326939,28.4545792917844568099323023356,0.862086977828007986237129246781,1600,36,99,C1,Eckard Specht
699,0.035135228006,0.072829331168,28.4614632308,0.862904488677,1511,27,67,C1,"Eduardo Basurto, Peter Gurin, Gerardo Odriozola"
700,0.035118951519,0.072794364806,28.4746541895,0.863338529056,1700,37,61,C1,"Xiangjing Lai, Jin-Kao Hao, Dong Yue, Yangming Zhou"
701,0.035065881683,0.072680364426,28.5177486492,0.861960856803,1699,20,68,C1,"Eduardo Basurto, Peter Gurin, Gerardo Odriozola"
702,0.035042314027,0.072629742291,28.5369282185,0.862030568202,1660,32,66,C1,"Eduardo Basurto, Peter Gurin, Gerardo Odriozola"
703,0.035024633703,0.072591767472,28.5513335694,0.862387651119,1664,32,67,C1,"Eduardo Basurto, Peter Gurin, Gerardo Odriozola"
704,0.034991344877,0.072520271588,28.5784957256,0.861973528276,1654,32,66,C1,"Eduardo Basurto, Peter Gurin, Gerardo Odriozola"
705,0.034964658370,0.072462959358,28.6003080430,0.861881771126,1675,35,67,C1,"Eduardo Basurto, Peter Gurin, Gerardo Odriozola"
706,0.034953782838,0.072439603858,28.6092067527,0.862567455888,1701,27,70,C1,"Eduardo Basurto, Peter Gurin, Gerardo Odriozola"
707,0.034922949786,0.072373391903,28.6344654769,0.862265982181,1665,32,70,C1,"Eduardo Basurto, Peter Gurin, Gerardo Odriozola"
708,0.034882486388,0.072286505832,28.6676812219,0.861485802479,1702,23,70,C1,"Eduardo Basurto, Peter Gurin, Gerardo Odriozola"
709,0.034856369909042304030670768531,0.072230430419475176489030056896,28.6891607648616296667006054882,0.861411264974316766898563689690,1593,13,80,C1,Eckard Specht
710,0.034848521909,0.072213580355,28.6956216568,0.862237830262,1733,30,73,C1,"Jianrong Zhou, Kun He, Jiongzhi Zheng, Chu-Min Li"
711,0.034804990514800599100123640497,0.072120121162591464062710883855,28.7315119242671941102382809235,0.861296416326840727053137108369,1328,18,86,C1,Eckard Specht
712,0.034785510159,0.072078300782,28.7476019592,0.861542582520,1744,27,65,C1,"Eduardo Basurto, Peter Gurin, Gerardo Odriozola"
713,0.034771710057927003388669777291,0.072048675780138572879380495368,28.7590112287856035580460140423,0.862068207911362395630274202237,1248,40,92,C1,Eckard Specht
714,0.034758535407,0.072020394237,28.7699118588,0.862623229519,1755,21,67,C1,"Eduardo Basurto, Peter Gurin, Gerardo Odriozola"
715,0.034745517108,0.071992449087,28.7806912440,0.863184435758,1694,23,60,C1,"Eduardo Basurto, Peter Gurin, Gerardo Odriozola"
716,0.034722330035,0.071942677460,28.7999105760,0.863238385391,1663,21,62,C1,"Eduardo Basurto, Peter Gurin, Gerardo Odriozola"
717,0.034701916740782880284598920124,0.071898861797416772351816407269,28.8168520335583012144222817077,0.863427909272190845404014706851,1362,30,91,C1,Eckard Specht
718,0.034689683507161941942517837291,0.071872604932259243402396638989,28.8270142272570056088361148917,0.864022633831831412433002709190,1595,24,87,C1,Eckard Specht
719,0.034662984331092444339349087813,0.071815301326808742550029990680,28.8492182452682612060976650479,0.863894665088305863561332242133,1341,27,89,C1,Eckard Specht
720,0.034656329070,0.071801017842,28.8547583323,0.864764024118,1750,34,63,C1,"Jianrong Zhou, Kun He, Jiongzhi Zheng, Chu-Min Li"
721,0.034640243873544825358796203507,0.071766496694538409828529435205,28.8681570386896766632821548665,0.865161423341053720647345918101,1836,36,90,C6,David W. Cantrell
722,0.034599297295017931545478299065,0.071678624633425756544466316296,28.9023210926307842147433731217,0.864314411529123381744608056623,847,143,186,C1,Eckard Specht
723,0.034591698494079676281005792801,0.071662318296042835963996950012,28.9086701010402448230105620811,0.865131392201942125978503512691,944,94,154,C1,Eckard Specht
724,0.034571961582256391714480182755,0.071619965873203695436699616230,28.9251738759664986682647632105,0.865339662014988595132498076790,841,134,192,C1,Eckard Specht
725,0.034535381762403794994540707360,0.071541475699951136751323951771,28.9558113728057473067060329657,0.864702130269355173587587861603,337,449,477,C1,Eckard Specht
726,0.034522884058702291193737571690,0.071514660448567956332326209937,28.9662937285196738124515814152,0.865268234228416167933251860329,1056,72,130,C1,Eckard Specht
727,0.034527424201567876981878036337,0.071524401763590616767183997760,28.9624848399374774872859020126,0.866687976990376012084116090128,1792,33,73,C1,Eckard Specht
728,0.034468345077748464796924856848,0.071397648957504129877963889483,29.0121268585524392382029813781,0.864912639426287686216779588139,945,112,167,C1,Eckard Specht
729,0.034448834376935041557190672725,0.071355792636230508966176498340,29.0285583848242625242680449778,0.865120476458606588290239069616,1170,34,97,C1,Eckard Specht
730,0.034438962642,0.071334615440,29.0368792578,0.865810767936,1778,31,67,C1,"Jianrong Zhou, Kun He, Jiongzhi Zheng, Chu-Min Li"
731,0.034411145683649667845468013117,0.071274943843491676770900070436,29.0603518172063188450851414531,0.865596798448055012522421827797,1765,22,86,C1,Eckard Specht
732,0.034381824253618137222915635306,0.071212048648612991282301778214,29.0851350010831955904449864445,0.865304402152892965233601155675,1147,48,113,C1,Eckard Specht
733,0.034352705009633077847188903975,0.071149590927970802468392557451,29.1097891627335645003830605760,0.865019414304011389785891325772,1753,28,95,C1,Eckard Specht
734,0.034334758850884821698629434750,0.071111100178002470956712634645,29.1250043241305469137242295584,0.865294738365735583718382133442,1734,20,89,C1,Eckard Specht
735,0.034319395396667739654183669804,0.071078149924663640083964253394,29.1380424521434181039794872466,0.865698361788721846843958693367,1666,30,98,C1,Eckard Specht
736,0.034284647478912531576840052049,0.071003629360161566201897928812,29.1675742215249639179338733834,0.865121670826431307797707727648,1749,26,93,C1,Eckard Specht
737,0.034269390041,0.070970909874,29.1805602260,0.865526236117,1772,27,68,C1,"Jianrong Zhou, Kun He, Jiongzhi Zheng, Chu-Min Li"
738,0.034241874732731709338854651957,0.070911906070177680104745915068,29.2040084780785347294693065827,0.865309417086522619899939330351,1630,25,91,C1,Eckard Specht
739,0.034216276050929859068901662050,0.070857015297421243289604243948,29.2258572648739216486369053509,0.865186871080349375210880850651,1145,39,101,C1,Eckard Specht
740,0.034198038138,0.070817909858,29.2414434993,0.865434301241,1780,28,62,C1,"Jianrong Zhou, Kun He, Jiongzhi Zheng, Chu-Min Li"
741,0.034172820014,0.070763839996,29.2630224720,0.865326186133,1802,32,63,C1,"Jianrong Zhou, Kun He, Jiongzhi Zheng, Chu-Min Li"
742,0.034150304538938506806033830862,0.070715567234581762321551580013,29.2823157363001067649527618558,0.865352528675865033099870423393,1501,24,90,C1,Eckard Specht
743,0.034135405807,0.070683625867,29.2950962896,0.865762865699,1574,29,61,C1,"Jianrong Zhou, Kun He, Jiongzhi Zheng, Chu-Min Li"
744,0.034111221988587926072883733196,0.070631780314948225899368966230,29.3158656214237890893822138089,0.865700146372714972730982263318,1372,23,89,C1,Eckard Specht
745,0.034110470543097903031383215420,0.070630169398932094184805816719,29.3165114429166209423802301283,0.866825529500304565079932826254,1902,18,60,C6,David W. Cantrell
746,0.034045509846624776640639017871,0.070490918969110017636114689838,29.3724489515652994640925075622,0.864686168574601968203903516100,1534,20,89,C1,Eckard Specht
747,0.034017224373203775227746505019,0.070430291784718531295988352107,29.3968722735569571350288900970,0.864407150880496066877398601063,1407,23,93,C1,Eckard Specht
748,0.033987891374271054144076095991,0.070367423080489147265843492203,29.4222430273212917765702914449,0.864072216531798046664077976435,1587,13,84,C1,Eckard Specht
749,0.033964596911450406562331208760,0.070317499343938875443266842822,29.4424221375897529449206163810,0.864041788674622565947782702308,1493,31,68,C1,Eckard Specht
750,0.033932283108,0.070248249713,29.4704602345,0.863549877691,1790,34,70,C1,"Jianrong Zhou, Kun He, Jiongzhi Zheng, Chu-Min Li"
751,0.033902376037348634648488047099,0.070184161924114774470028282346,29.4964576789056784316816632321,0.863177696834320974366969048682,1476,19,91,C1,Eckard Specht
752,0.033870172859137131642450618658,0.070115158248186080460093546797,29.5245024038969654935712464434,0.862685834349887843219624660048,1645,28,98,C1,Eckard Specht
753,0.033847678650439836940404925007,0.070066961290658696732517459630,29.5441235520890116666805475023,0.862686008567650878224986677157,1712,39,106,C1,Eckard Specht
754,0.033822875295094749598646410021,0.070013819268232219493601333279,29.5657891671033538410694891220,0.862566117493558181536634160050,1675,45,115,C1,Eckard Specht
755,0.033808749681,0.069983555885,29.5781420323,0.862988824019,1771,31,74,C1,"Jianrong Zhou, Kun He, Jiongzhi Zheng, Chu-Min Li"
756,0.033780696606818757802574346563,0.069923456275790139340546943682,29.6027051081636464408019836395,0.862698410210903870833832376910,1530,23,92,C1,Eckard Specht
757,0.033769090449406084251097720712,0.069898592801409159418982672344,29.6128793133540721525279783724,0.863246062623588094401205137053,1346,17,83,C1,Eckard Specht
758,0.033746557114310740279538187315,0.069850322113269947322307713169,29.6326524988214221798512997315,0.863233228738633123339081729992,1327,33,94,C1,Eckard Specht
759,0.033731689037970042672202089127,0.069818473099643123603693986110,29.6457138234124885082729317900,0.863610575623920032270681442715,1399,12,81,C1,Eckard Specht
760,0.033723491066,0.069800912584,29.6529205130,0.864328125756,1653,23,64,C1,"Jianrong Zhou, Kun He, Jiongzhi Zheng, Chu-Min Li"
761,0.033687966604768644283880712813,0.069724820638738597990375553148,29.6841899581569478650102204420,0.863642990506609645667265069500,1492,15,88,C1,Eckard Specht
762,0.033671170868670009926631024514,0.069688846805777936998746729232,29.6989969223336180080903573808,0.863915783722384996083052511817,1501,26,94,C1,Eckard Specht
763,0.033652344217,0.069648524557,29.7156118918,0.864082447001,1657,37,72,C1,"Jianrong Zhou, Kun He, Jiongzhi Zheng, Chu-Min Li"
764,0.033633593592,0.069608366700,29.7321782540,0.864251024085,1803,35,67,C1,"Jianrong Zhou, Kun He, Jiongzhi Zheng, Chu-Min Li"
765,0.033607699732942228531885623259,0.069552912877420288998175450535,29.7550861244990579614353409137,0.864050273224797931321198040686,931,124,175,C1,Eckard Specht
766,0.033591433162808479481445696139,0.069518078203186180541820845469,29.7694949528730671237563470491,0.864342436559474833973994577679,1775,36,103,C1,Eckard Specht
767,0.033564551997939189332254841501,0.069460515065601395132264869437,29.7933367339864517235064832454,0.864086208680752901421857399428,1402,41,106,C1,Eckard Specht
768,0.033547454257059594049745985778,0.069423903749502118456509942659,29.8085211574456187358887175495,0.864331535715460515352081330302,1480,44,114,C1,Eckard Specht
769,0.033524164762079957440053537318,0.069374036141994632745937664866,29.8292293662488393177974365984,0.864255740083219234133678196969,1347,33,101,C1,Eckard Specht
770,0.033510314685,0.069344381413,29.8415580218,0.864664716522,1871,31,65,C1,"Jianrong Zhou, Kun He, Jiongzhi Zheng, Chu-Min Li"
771,0.033488592133658095023621637857,0.069297872453646622315489097986,29.8609149052563033435676629936,0.864665554185864774681680483015,1585,20,91,C1,Eckard Specht
772,0.033467777923713529073324833766,0.069253310255541555558469815326,29.8794859425504894785777903120,0.864711146864577140798016461976,1556,29,102,C1,Eckard Specht
773,0.033442824968226706274157862429,0.069199889736739788958593580139,29.9017801561344785862563512870,0.864540624854260992879612156606,1663,30,98,C1,Eckard Specht
774,0.033436981326,0.069187379778,29.9070059659,0.865356551431,1892,31,65,C1,"Jianrong Zhou, Kun He, Jiongzhi Zheng, Chu-Min Li"
775,0.033405168437051735696957702943,0.069119277997869713225411599943,29.9354874346581121145148681662,0.864826590688543064291147440028,1827,21,96,C1,Eckard Specht
776,0.033381622762610223934450512403,0.069068876712266564629028379314,29.9566023830354543095011478305,0.864722204893808422267657454715,1879,26,93,C1,Eckard Specht
777,0.033362153386434430976074892354,0.069027202903988250139581539188,29.9740843589135799099765582932,0.864826857456643194045608799595,1475,19,89,C1,Eckard Specht
778,0.033352169168,0.069005832536,29.9830573227,0.865421672428,1804,34,68,C1,"Jianrong Zhou, Kun He, Jiongzhi Zheng, Chu-Min Li"
779,0.033331285725649857392500145367,0.068961134737190033477671020436,30.0018429601249077097740544698,0.865449219729304843638028406500,1627,31,103,C1,Eckard Specht
780,0.033317922971,0.068932534828,30.0138757410,0.865865513059,1925,31,71,C1,"Jianrong Zhou, Kun He, Jiongzhi Zheng, Chu-Min Li"
781,0.033302390747378006473766721163,0.068899292661176465455517299424,30.0278742023568650777760447048,0.866167448232508688402798072961,1412,44,113,C1,Eckard Specht
782,0.033280339607617683500428253474,0.068852100502661775089751201888,30.0477702989276466388342003724,0.866128345439522483961744706617,1450,13,85,C1,Eckard Specht
783,0.033278828271412106692615061305,0.068848866135633397699600838331,30.0491348987500699495686367703,0.867157161905501823130024775024,1968,36,75,C3,David W. Cantrell
784,0.033231498696604119126017936618,0.068747582594595213102409323558,30.0919320289996014064345527781,0.865796684407962594357668282153,1461,27,96,C1,Eckard Specht
785,0.033217917356517990157948553695,0.068718520859819626238839868199,30.1042352916740245503772138294,0.866192576301000424312962242066,1435,30,99,C1,Eckard Specht
786,0.033197669087828581476474632658,0.068675194559174897018015676622,30.1225967809479350595827012110,0.866238993031865917671276558228,1847,36,105,C1,Eckard Specht
787,0.033171072591752279123018520708,0.068618287375147287886899777569,30.1467490155456104011733521489,0.865951884770304520829581382795,1474,34,100,C1,Eckard Specht
788,0.033149076805336920630751178094,0.068571226463343361944560932202,30.1667526330326772632775245646,0.865902698920347464320542169855,1118,67,120,C1,Eckard Specht
789,0.033130411620167704615978094333,0.068531293192670996321531388516,30.1837481364482378897167902980,0.866025473382055440279233038675,1100,81,139,C1,Eckard Specht
790,0.033093959230,0.068453309494,30.2169949824,0.865216008638,1733,36,69,C1,"Jianrong Zhou, Kun He, Jiongzhi Zheng, Chu-Min Li"
791,0.033072919653109129797258748139,0.068408301567568098656056100997,30.2362177421487998100428227126,0.865210049375380588851610469607,1909,32,100,C1,Eckard Specht
792,0.033040139837568220699590962936,0.068338182790789421987296771096,30.2662157277843033762577533883,0.864587465664961554897360917238,1894,23,93,C1,Eckard Specht
793,0.033023610282211970720502191216,0.068302826487521393060929141543,30.2813651037617110291807349230,0.864813157004633043788151379278,1658,20,89,C1,Eckard Specht
794,0.033000363636728463133382553834,0.068253104542701726605013885137,30.3026963886855032362758525294,0.864685056124110328249951607464,1886,15,88,C1,Eckard Specht
795,0.032973150881890633142226747830,0.068194902575788575150822494624,30.3277052163436264053603153412,0.864346799868540405304061700513,1521,25,99,C1,Eckard Specht
796,0.032959873183,0.068166505751,30.3399225612,0.864737179231,1936,26,68,C1,"Jianrong Zhou, Kun He, Jiongzhi Zheng, Chu-Min Li"
797,0.032929733453,0.068102049235,30.3676919046,0.864240774193,1890,25,71,C1,"Jianrong Zhou, Kun He, Jiongzhi Zheng, Chu-Min Li"
798,0.032904772318140083663126186394,0.068048670650589930426371179148,30.3907284430200917530818747157,0.864013784964293072293826825835,1556,25,99,C1,Eckard Specht
799,0.032884854749062596845738413634,0.068006079546050253086967045829,30.4091353795170896846709326604,0.864049523821688918659207691396,1853,14,88,C1,Eckard Specht
800,0.032874984906,0.067984974833,30.4182649166,0.864611706056,1886,28,68,C1,"Jianrong Zhou, Kun He, Jiongzhi Zheng, Chu-Min Li"
801,0.032844839518820759582735007762,0.067920517536151672011631543421,30.4461831645418668113218637169,0.864105569896689014610086332169,1763,26,94,C1,Eckard Specht
802,0.032829790315561027108685708406,0.067888340618498752884095955419,30.4601397202957138619957644068,0.864391695995291092330751196255,1929,28,99,C1,Eckard Specht
803,0.032794210325688292055499020886,0.067812270513250594451946059860,30.4931873665725104295142081947,0.863594565401040917376752128811,1607,20,92,C1,Eckard Specht
804,0.032784975356150324116063141720,0.067792527040659835397309154357,30.5017767784414145273034968041,0.864183105719120793580154644990,1477,29,92,C1,Eckard Specht
805,0.032781590458672679218968951817,0.067785290551320894798464929406,30.5049262713682813351761666677,0.865079301765112409472398708759,1465,28,92,C1,Eckard Specht
806,0.032739213854309958295099829860,0.067694698933817289145567778431,30.5444108844524030298185316617,0.863916035781382338798233882706,1724,20,90,C1,Eckard Specht
807,0.032730629338637311942067874296,0.067676348143347093021365156147,30.5524220036776543266220693909,0.864534336200935307034122076206,869,184,232,C1,Eckard Specht
808,0.032715024757068306424564932681,0.067642991660967323850369992464,30.5669950558097350199123880220,0.864780458643318499046653313731,783,208,258,C1,Eckard Specht
809,0.032689798209249136050501919935,0.067589069460306618881323825778,30.5905834474396826294999376146,0.864515931731795269891886116909,925,170,221,C1,Eckard Specht
810,0.032684359616,0.067577444738,30.5956736417,0.865296564441,1941,26,68,C1,"Jianrong Zhou, Kun He, Jiongzhi Zheng, Chu-Min Li"
811,0.032670059114747314917977495398,0.067546878751316819628721473007,30.6090661326228963692633980805,0.865606870437039213283603238895,1202,64,120,C1,Eckard Specht
812,0.032641500223519439802214612456,0.067485839491898067409590604268,30.6358467947947455405237624768,0.865159639915719946517960209742,1173,75,138,C1,Eckard Specht
813,0.032631199306928106623415937050,0.067463824104208170596884546054,30.6455178246447284265481378763,0.865678471753482326337568416292,1034,119,179,C1,Eckard Specht
814,0.032616361254626134782033244779,0.067432112655796370947099040245,30.6594592877268064042770806701,0.865955195494713420210374245088,1010,140,195,C1,Eckard Specht
815,0.032589288042084092295370784627,0.067374255089914250360582502448,30.6849293150759415985834191517,0.865580281498289046016266616027,845,192,235,C1,Eckard Specht
816,0.032579847743274089395977002401,0.067354081196828987457148587347,30.6938205445249170348992523393,0.866140326843536168911532672323,995,134,188,C1,Eckard Specht
817,0.032581126955371412942320726295,0.067356814846568314167397264298,30.6926154325406871241443689967,0.867269874118218245682608761335,2142,24,72,C6,Eckard Specht
818,0.032554064067,0.067298983556,30.7181308589,0.866889477394,1994,34,74,C1,"Jianrong Zhou, Kun He, Jiongzhi Zheng, Chu-Min Li"
819,0.032533203932119736420254651299,0.067254409276568315231271022003,30.7378271776272576991186697747,0.866837264274801794012612128170,1098,99,155,C1,Eckard Specht
820,0.032521400071,0.067229187443,30.7489836790,0.867265999314,2031,34,71,C1,"Jianrong Zhou, Kun He, Jiongzhi Zheng, Chu-Min Li"
821,0.032480911680569967726561450737,0.067142678780609801677946425037,30.7873131713294392697539563468,0.866162900976409970007944807667,948,148,199,C1,Eckard Specht
822,0.032476382629940966682490880070,0.067133002330669473899562834028,30.7916066698287244158250002136,0.866976082413044361221328576713,988,146,197,C1,Eckard Specht
823,0.032477288333,0.067134937385,30.7907479758,0.868079213894,1987,29,78,C1,"Jianrong Zhou, Kun He, Jiongzhi Zheng, Chu-Min Li"
824,0.032436701420400789753364548716,0.067048226132633320070204854328,30.8292753643272257962635811509,0.866963029605854023896042355243,903,181,227,C1,Eckard Specht
825,0.032411753008860929283432781852,0.066994929112977842832442189096,30.8530056898376862985781425959,0.866680429813609539685174779765,1042,114,170,C1,Eckard Specht
826,0.032395954537471687361716549190,0.066961180431993680768413299784,30.8680517143991548911681651023,0.866885240945388169851276692526,1894,23,91,C1,Eckard Specht
827,0.032374321248612903404347403450,0.066914969206663366758764871002,30.8886784782505851226576375926,0.866775951307037654138397876239,1155,83,149,C1,Eckard Specht
828,0.032371254734,0.066908418941,30.8916045491,0.867659654168,2064,37,71,C1,"Jianrong Zhou, Kun He, Jiongzhi Zheng, Chu-Min Li"
829,0.032340269022414288873066684023,0.066842233870251648288361263429,30.9212022728358641653268508534,0.867045297366525159607106990702,503,440,477,C1,Eckard Specht
830,0.032331319230,0.066823118021,30.9297617238,0.867610788616,2047,30,71,C1,"Jianrong Zhou, Kun He, Jiongzhi Zheng, Chu-Min Li"
831,0.032308306481094357241112855670,0.066773966744736049262528800729,30.9517925548082668086731173836,0.867419960839024952061523302605,969,173,230,C1,Eckard Specht
832,0.032282514824708311960546474479,0.066718882978249957217347118120,30.9765210495504041232647129144,0.867077755155049928846069240261,1052,114,171,C1,Eckard Specht
833,0.032267887962680493432624602751,0.066687645395477211202587325166,30.9905625418233911778247163601,0.867333422445559870713354995375,1055,136,193,C1,Eckard Specht
834,0.032247160692797397173912377564,0.066643381208537869429521502742,31.0104821173715360973445300433,0.867259396871079322063674807309,1658,25,97,C1,Eckard Specht
835,0.032227288013823204719351654402,0.066600943826330007039624721501,31.0296044634929077848756518663,0.867229407426137187447305874857,1235,63,130,C1,Eckard Specht
836,0.032200077860228295211434860986,0.066542840361125575895760260984,31.0558255275259170986647209784,0.866802431875183060776867142341,1516,22,93,C1,Eckard Specht
837,0.032183534951961487046805286167,0.066507516898597144533589327895,31.0717887731301899389530924688,0.866947794717454028107886077008,1690,26,96,C1,Eckard Specht
838,0.032167537581900039180449189432,0.066473359452173003656082087999,31.0872412118569451185637524791,0.867120897281513289863423477880,1390,38,110,C1,Eckard Specht
839,0.032143802679821481999076385305,0.066422682974644267119039780887,31.1101959516369744586059088996,0.866874978553491598902271667383,1005,149,204,C1,Eckard Specht
840,0.032134235871,0.066402257548,31.1194578895,0.867391656611,1830,33,69,C1,"Jianrong Zhou, Kun He, Jiongzhi Zheng, Chu-Min Li"
841,0.032111929864429404804744721898,0.066354635117946099111011362324,31.1410744923090578467915524408,0.867219049318765830744259093306,2001,21,93,C1,Eckard Specht
842,0.032095246836632886080346740663,0.066319018956642550380950566277,31.1572615437442153363484880073,0.867348300122699142460539693073,1533,29,98,C1,Eckard Specht
843,0.032074979268379886082065518280,0.066275751905112545809918037392,31.1769492236529264436833022104,0.867282020741480571955833828052,1742,29,99,C1,Eckard Specht
844,0.032058923720221188454664186904,0.066241477928465776711696885895,31.1925630669020028217658691736,0.867441754043522886496991944474,2007,29,99,C1,Eckard Specht
845,0.032042969752402513654831492223,0.066207421922863906535363329340,31.2080936232517002868898620434,0.867605364417608134115456785560,1682,27,100,C1,Eckard Specht
846,0.032035122945,0.066190672212,31.2157378549,0.868206740378,2105,31,70,C1,"Jianrong Zhou, Kun He, Jiongzhi Zheng, Chu-Min Li"
847,0.032029617176145223651996550175,0.066178919819231233582690239289,31.2211037209889741236748305076,0.868934230853503309900015017561,2160,36,78,C6,David W. Cantrell
848,0.031936569097176515669184986377,0.065980323350076808411386633362,31.3120672717599189860140532181,0.864912889952523044358966072631,1763,27,99,C1,Eckard Specht
849,0.031920767878600064410564162553,0.065946601929783176667207423741,31.3275671751746272909199477857,0.865076173243586342289793561178,1786,23,74,C1,Eckard Specht
850,0.031904788065,0.065912500489,31.3432578823,0.865228176252,2014,30,80,C1,"Jianrong Zhou, Kun He, Jiongzhi Zheng, Chu-Min Li"
851,0.031875544402515194128544410854,0.065850096479265112816056779199,31.3720132077522508628666379749,0.864658831644166783331984019264,1962,14,90,C1,Eckard Specht
852,0.031862150222533957236640604240,0.065821515458480873131413744000,31.3852013444079243290290130004,0.864947517516429236959098571105,1906,12,87,C1,Eckard Specht
853,0.031843044949226281527295004239,0.065780749253732965034638801584,31.4040319195133340919253010450,0.864924523427593924741896799204,1994,13,88,C1,Eckard Specht
854,0.031832810227901431450434056388,0.065758911403297412857279190066,31.4141287822430719361100405727,0.865381947182770430437152820987,1710,37,112,C1,Eckard Specht
855,0.031815899875003568069319530659,0.065722830752738055498084306416,31.4308255912528343231568059389,0.865475019552095509844306502962,1927,32,108,C1,Eckard Specht
856,0.031806149081154901948281532413,0.065702026615785484289726726763,31.4404613223830537979704912527,0.865956238182989096339721908517,1709,22,102,C1,Eckard Specht
857,0.031784664323483223101611217365,0.065656188561141652579181697978,31.4617134169693767906289681961,0.865797007436126684527556243391,2040,13,92,C1,Eckard Specht
858,0.031767823218471273973980587793,0.065620259231767598631281909522,31.4783922437138844504125585197,0.865888959970356526869986511506,2006,13,93,C1,Eckard Specht
859,0.031750203123050182865287641883,0.065582669318308491401611760780,31.4958614949462995101822197171,0.865936767186898257911304863730,1628,19,96,C1,Eckard Specht
860,0.031738890069,0.065558535282,31.5070879236,0.866327142818,2101,35,77,C1,"Jianrong Zhou, Kun He, Jiongzhi Zheng, Chu-Min Li"
861,0.031717156956,0.065512173811,31.5286770938,0.866147097065,2144,34,72,C1,"Jianrong Zhou, Kun He, Jiongzhi Zheng, Chu-Min Li"
862,0.031689358751559459527509858733,0.065452877210359780467803824138,31.5563343468030628341317057740,0.865633724869302848534978272503,2071,21,96,C1,Eckard Specht
863,0.031672451610100414324208378979,0.065416814099246136427061977700,31.5731795034489153811687308971,0.865713436827953458847293409872,2026,26,101,C1,Eckard Specht
864,0.031657646505352968658945450934,0.065385235688811521590944097352,31.5879451061186977322037276147,0.865906487070814393133416620797,1889,27,104,C1,Eckard Specht
865,0.031634816578388796076522745816,0.065336542700989461043730694126,31.6107412073046813365539487293,0.865658801255281762163775346033,1596,19,92,C1,Eckard Specht
866,0.031614721469994006270710680589,0.065293684592117444762444403968,31.6308337857448657337453750779,0.865558871399509783317292177674,1636,19,95,C1,Eckard Specht
867,0.031602056660975876542548170497,0.065266674466516061138621068778,31.6435101274550983841800092721,0.865864217171460308147224642955,1611,33,109,C1,Eckard Specht
868,0.031588327161077140235992441508,0.065237394482194075547480536856,31.6572636119899135425475393636,0.866109854340991602727928363563,2080,26,99,C1,Eckard Specht
869,0.031576152649115472328627774311,0.065211431410929787180114084665,31.6694693971215179699680689395,0.866439418608490350967275419095,1811,25,98,C1,Eckard Specht
870,0.031570842113,0.065200106494,31.6747965233,0.867144722400,2080,35,72,C1,"Jianrong Zhou, Kun He, Jiongzhi Zheng, Chu-Min Li"
871,0.031545051639608158119446324484,0.065145109110164358804195895974,31.7006930730268304987498098814,0.866723636445569995396222266237,1148,121,182,C1,Eckard Specht
872,0.031542909864,0.065140541972,31.7028455622,0.867600901864,2072,36,73,C1,"Jianrong Zhou, Kun He, Jiongzhi Zheng, Chu-Min Li"
873,0.031523841272,0.065099880855,31.7220224329,0.867545992337,2158,33,72,C1,"Jianrong Zhou, Kun He, Jiongzhi Zheng, Chu-Min Li"
874,0.031493715128079495358391149042,0.065035644311269206911215325988,31.7523669701454039966173979890,0.866880476904976733370825131598,1933,16,92,C1,Eckard Specht
875,0.031472958471570476120179045313,0.064991388205130747521206522868,31.7733078986934137649248374782,0.866728725584049825279571284514,1620,15,95,C1,Eckard Specht
876,0.031456147501625578776271896436,0.064955546247046927500811472025,31.7902883672681908024053317344,0.866792552904166023972570372310,1718,17,94,C1,Eckard Specht
877,0.031454054357,0.064951083629,31.7924038870,0.867666558627,2220,40,69,C1,"Jianrong Zhou, Kun He, Jiongzhi Zheng, Chu-Min Li"
878,0.031422243795662353031143073301,0.064883265374170550627504010116,31.8245891828400819932554663535,0.866899801725248207729008832373,981,194,239,C1,Eckard Specht
879,0.031420336668,0.064879199631,31.8265208475,0.867781812014,2203,32,75,C1,"Jianrong Zhou, Kun He, Jiongzhi Zheng, Chu-Min Li"
880,0.031400807571,0.064837567110,31.8463147083,0.867689430178,2201,35,74,C1,"Jianrong Zhou, Kun He, Jiongzhi Zheng, Chu-Min Li"
881,0.031373537242543493994218937263,0.064779434485467715708602122450,31.8739959816825768495599773284,0.867167277255261253361719940366,1078,154,210,C1,Eckard Specht
882,0.031358969401703924756157401558,0.064748381311773616584348985796,31.8888030786389261564851927707,0.867345536428436653567020386805,1188,126,179,C1,Eckard Specht
883,0.031338790627800006596038635449,0.064705369275829724254409121481,31.9093360007619518254033914986,0.867211781645554524364466796435,1057,185,235,C1,Eckard Specht
884,0.031312655472808800174103590695,0.064649663587981042759364148819,31.9359691760533474875592993487,0.866746435198799448178636329533,1044,196,248,C1,Eckard Specht
885,0.031297121652607735450499943530,0.064616555503583606940849324940,31.9518200778913515861573441371,0.866866194008243235535324537678,1303,69,142,C1,Eckard Specht
886,0.031278313574905732573945401834,0.064576470235394707412604853143,31.9710331442641989371645984743,0.866802949479857154363216177303,1685,30,74,C1,Eckard Specht
887,0.031256459766093468227197038113,0.064529895618290236417637233906,31.9933865665997394285830645795,0.866569087796055315164637800039,1794,27,102,C1,Eckard Specht
888,0.031250018980,0.064516169481,31.9999805645,0.867188553390,2196,27,73,C1,"Jianrong Zhou, Kun He, Jiongzhi Zheng, Chu-Min Li"
889,0.031220267029428459079679717768,0.064452766644276675599202153751,32.0304755579890607834659950170,0.866512810242658935831963669555,1681,23,96,C1,Eckard Specht
890,0.031207242139,0.064425011202,32.0438440393,0.866763846111,2216,30,76,C1,"Jianrong Zhou, Kun He, Jiongzhi Zheng, Chu-Min Li"
891,0.031183144189394799540734175056,0.064373661548867225537020513755,32.0686071271829608200065996924,0.866398137049098704909506078979,1984,22,99,C1,Eckard Specht
892,0.031167193061,0.064339673136,32.0850195923,0.866483379585,2152,36,75,C1,"Jianrong Zhou, Kun He, Jiongzhi Zheng, Chu-Min Li"
893,0.031143295459076556939695334991,0.064288754597272022790870111166,32.1096398200388593064035753544,0.866125032881845272878908666082,816,300,350,C1,Eckard Specht
894,0.031120830668217892644950618282,0.064240891234520707316131219704,32.1328183897497531672035881909,0.865844454723022845836170220777,2131,21,94,C1,Eckard Specht
895,0.031104998054985162475356505707,0.064207159687155415895305043948,32.1491741691246028970054657172,0.865931209080564512903808537888,1668,26,96,C1,Eckard Specht
896,0.031088617894843265796717939669,0.064172262745633001570694904215,32.1661131216087961157269703466,0.865985937699965762634033505245,2062,15,90,C1,Eckard Specht
897,0.031071195629079648460664242498,0.064135146955926666482307616761,32.1841493303880540556602499368,0.865981020445022811547690908011,2089,20,93,C1,Eckard Specht
898,0.031049662181015967125874684079,0.064089274690601445759818117612,32.2064695638269673980288124915,0.865745206356581475591859387793,2040,30,101,C1,Eckard Specht
899,0.031040765698,0.064070323289,32.2157001451,0.866212692471,2025,28,76,C1,"Jianrong Zhou, Kun He, Jiongzhi Zheng, Chu-Min Li"
900,0.031036668159,0.064061594777,32.2199533428,0.866947293371,1865,28,76,C1,"Jianrong Zhou, Kun He, Jiongzhi Zheng, Chu-Min Li"
901,0.031022698627535758571218144732,0.064031837657280629427382583808,32.2344619984929240403474409448,0.867129454951553043699989802307,578,435,86,C1,Eckard Specht
902,0.030994727633836038431053985252,0.063972257979879949971711308177,32.2635517825402415204213014971,0.866527173268302773350183477444,1354,68,77,C1,Eckard Specht
903,0.030985936162467022300450413653,0.063953532397156605742579033994,32.2727057448498440084432568391,0.866995800597626827568033296911,1481,51,78,C1,Eckard Specht
904,0.030970016119335407167655298009,0.063919624025069061943851733636,32.2892954316440709138814352001,0.867064276182433037456438286496,1400,64,77,C1,Eckard Specht
905,0.030959828230393968143628197199,0.063897925250832256355560641350,32.2999208057064488487582945085,0.867452422470226871033866393074,1413,51,75,C1,Eckard Specht
906,0.030953460832269209433058427752,0.063884363817766077402085261089,32.3065651824461800428109402544,0.868053764170310597913913153713,1562,31,77,C1,Eckard Specht
907,0.030941377668607631602446128404,0.063858629303907066209714872307,32.3191814763495696318966659734,0.868333548792489809663758891591,1410,83,75,C1,Eckard Specht
908,0.030920574270285165626506935755,0.063814324088042703332032234010,32.3409258592265298058301330214,0.868122377189432670512798196462,1174,99,76,C1,Eckard Specht
909,0.030903575225376752213270172641,0.063778122455799597576565916372,32.3587155436579031706629001283,0.868123144194862481249969708132,1346,63,76,C1,Eckard Specht
910,0.030896755374,0.063763599070,32.3658580940,0.868694638303,2073,27,71,C1,"Jianrong Zhou, Kun He, Jiongzhi Zheng, Chu-Min Li"
911,0.030890834996514828935216016684,0.063750991347613016083730916326,32.3720611667772066014359648887,0.869315998658315738680037616080,1427,104,62,C1,Eckard Specht
912,0.030881872671723761537561798639,0.063731905948061843156971476253,32.3814559638290902803369499497,0.869765334457853714552672518094,1328,63,71,C1,Eckard Specht
913,0.030880666921192220977771840261,0.063729338311902270496368755660,32.3827203133925270006783625506,0.870651033211322900573443622989,1706,35,76,C1,Eckard Specht
914,0.030794760686586761911599359123,0.063546418111403992476751566705,32.4730563805150412060161196686,0.866761999170152712364436693974,1601,21,85,C1,Eckard Specht
915,0.030782563273647847164670220711,0.063520448781069472638072031806,32.4859236415855603811887762343,0.867023074551961937662400367132,1395,83,81,C1,Eckard Specht
916,0.030773174026050922182222294658,0.063500458718995557261916481247,32.4958354686927490469064402225,0.867441227508055452692386949129,1706,49,84,C1,Eckard Specht
917,0.030764330387292678635238842128,0.063481630632899971626535728626,32.5051768529001927598657722142,0.867889170171684219611196686738,1441,54,81,C1,Eckard Specht
918,0.030749821372761762659815918010,0.063450741719363185843697817969,32.5205141154348780022840004300,0.868016290271302094125822212286,1451,51,82,C1,Eckard Specht
919,0.030732425315338982334118599286,0.063413707665475943223935535278,32.5389223186653623911268270410,0.867978926536094391589531574139,1538,40,84,C1,Eckard Specht
920,0.030736363230,0.063422090882,32.5347534618,0.869146102638,2246,32,78,C1,"Jianrong Zhou, Kun He, Jiongzhi Zheng, Chu-Min Li"
921,0.030707333927307878670776636301,0.063360293546273425735001235089,32.5655103229494305023000670803,0.868448068726261220531073262922,1584,35,83,C1,Eckard Specht
922,0.030693909567574751628766038763,0.063331717133607681910112668660,32.5797532503453581232924846447,0.868631029948145240154198475212,1538,42,83,C1,Eckard Specht
923,0.030685588257,0.063314003971,32.5885882201,0.869101716524,2164,39,80,C1,"Jianrong Zhou, Kun He, Jiongzhi Zheng, Chu-Min Li"
924,0.030671501231,0.063284018307,32.6035557395,0.869244672693,2223,38,76,C1,"Jianrong Zhou, Kun He, Jiongzhi Zheng, Chu-Min Li"
925,0.030647118668797229231764523939,0.063232119610992114281259333945,32.6294948248472913475887639464,0.868802441496889178070036710695,2418,42,60,C6,Eckard Specht
926,0.030622453344634301844319835888,0.063179621707333054730361557982,32.6557767513170541277629246037,0.868342284829826003673116013335,1081,200,89,C1,Eckard Specht
927,0.030612506309724577909906299227,0.063158451102331716721038847688,32.6663877136493449294418288316,0.868715377955833417211709106236,1239,124,84,C1,Eckard Specht
928,0.030602141814355157059855795087,0.063136392464557486629830691739,32.6774513387461675547331706798,0.869063725604839231250584862810,1410,70,86,C1,Eckard Specht
929,0.030592259967397240684472631871,0.063115361481162453303150248563,32.6880067398001722083311745739,0.869438437649005898328521625341,1440,70,88,C1,Eckard Specht
930,0.030584994831,0.063099899770,32.6957714240,0.869960975195,2053,40,77,C1,"Jianrong Zhou, Kun He, Jiongzhi Zheng, Chu-Min Li"
931,0.030573577848569558735205976698,0.063075602541796154122633350585,32.7079808896748682474754998971,0.870246349752627726428266395660,1852,28,80,C1,Eckard Specht
932,0.030535800690140659118329202430,0.062995210574827698004802997570,32.7484453460844760495116948268,0.869029535370411110453137437471,1222,123,84,C1,Eckard Specht
933,0.030520677943228085885441288382,0.062963030255205009957748966058,32.7646719335695341041998446591,0.869100492712594674296872375496,1566,48,92,C1,Eckard Specht
934,0.030502638089339738038791669311,0.062924643815896372982889862462,32.7840495983029925817189119001,0.869003809002229585408592248803,1563,39,91,C1,Eckard Specht
935,0.030481239441263715520942599001,0.062879112156008811572140081443,32.8070648809069951295073377762,0.868714070613733445974158122409,1415,73,86,C1,Eckard Specht
936,0.030456832468889223708027392088,0.062827181891128994022006552391,32.8333552420945667889682945436,0.868251050819553815882880772428,1589,48,91,C1,Eckard Specht
937,0.030432917037699863378542034837,0.062776300005397754092996505541,32.8591570358245405465193021754,0.867814205739840702100833556898,1443,80,86,C1,Eckard Specht
938,0.030411238696720051856658141561,0.062730179866859345759549984361,32.8825803503970115616689482294,0.867503145846612364861447007731,1599,37,83,C1,Eckard Specht
939,0.030400680198369197092634895721,0.062707717667518242267833914148,32.8940008406010478741104737834,0.867825073775582467404460252568,1547,44,86,C1,Eckard Specht
940,0.030394234027,0.062694004293,32.9009771759,0.868380894363,2340,36,76,C1,"Jianrong Zhou, Kun He, Jiongzhi Zheng, Chu-Min Li"
941,0.030355086959285630211070979446,0.062610728011958439562410230728,32.9434075198423933316431691429,0.867066857351750768350621083873,2001,32,81,C1,Eckard Specht
942,0.030331937538878158673229973575,0.062561486168560483791899997688,32.9685500215158850646183073916,0.866664901640386460943819174296,2181,32,86,C1,Eckard Specht
943,0.030322995399783782340936608821,0.062542465699257278124328196320,32.9782723248749523222247193040,0.867073459164435845564942416872,2256,31,83,C1,Eckard Specht
944,0.030283718736709955953189859362,0.062458926021656739125143408638,33.0210437064916647771640334111,0.865745817774804822071249523123,2296,28,84,C1,Eckard Specht
945,0.030300367802,0.062494337001,33.0028997184,0.867616113045,2322,28,79,C1,"Jianrong Zhou, Kun He, Jiongzhi Zheng, Chu-Min Li"
946,0.030252178488964817707837201299,0.062391846246845247508293445494,33.0554707114653956261123132959,0.865773810948463616534218308931,1589,40,84,C1,Eckard Specht
947,0.030228174055248772743659768851,0.062340796559645359287950803922,33.0817203239691405723586984833,0.865314153858551037781386725484,1912,25,84,C1,Eckard Specht
948,0.030217278351559021138787346253,0.062317625746508572860210782814,33.0936488841128970117873544603,0.865603547604866405267602397625,1613,35,86,C1,Eckard Specht
949,0.030204546244450114384284763630,0.062290550295905141367535820803,33.1075988331969524798019539806,0.865786568527636108047301419591,1698,29,83,C1,Eckard Specht
950,0.030208483259,0.062298922475,33.1032839824,0.866924837769,2352,31,73,C1,"Jianrong Zhou, Kun He, Jiongzhi Zheng, Chu-Min Li"
951,0.030177493394813614746071732031,0.062233023443533750072539869864,33.1372783987374740687550863136,0.866057733321912398508512507387,2210,28,84,C1,Eckard Specht
952,0.030163869291489158116563761139,0.062204053522842121692348503083,33.1522455006179701069259049001,0.866185778123608598670758397377,1545,58,82,C1,Eckard Specht
953,0.030145576789455557774644576910,0.062165158126852803975530160034,33.1723624657858283043045780886,0.866044277370420456524985718925,1867,23,86,C1,Eckard Specht
954,0.030136793121221772406055178585,0.062146481911007323631943398444,33.1820308809107659392802845276,0.866447889848279221694870288184,1679,39,83,C1,Eckard Specht
955,0.030141520750356246465092710834,0.062156533958801944428832666620,33.1768263546616463566509696089,0.867628265852669154707259840592,1756,19,79,C1,Eckard Specht
956,0.030107785869720678760174735241,0.062084807839639994156810696577,33.2140000040885562356597949424,0.866593704097966273320099587222,1731,26,81,C1,Eckard Specht
957,0.030094606729937054780903152794,0.062056788092439105139324472239,33.2285451999356157746301753346,0.866740883997701044875622970841,1678,45,82,C1,Eckard Specht
958,0.030076272396033841933594752379,0.062017809318537297563582158852,33.2488011423872461285855087641,0.866589710468329314354226267502,1611,36,78,C1,Eckard Specht
959,0.030072267672613371219599165517,0.062009295477001299144146048831,33.2532288847207167956791208555,0.867263290371401630290748044775,1860,33,76,C1,Eckard Specht
960,0.030070220793,0.062004943941,33.2554924317,0.868049451398,2350,34,80,C1,"Jianrong Zhou, Kun He, Jiongzhi Zheng, Chu-Min Li"
961,0.030032677015284639718747729134,0.061925131504162829165815786718,33.2970650432216334602023006117,0.866785182844934450170259141521,2324,22,80,C1,Eckard Specht
962,0.030016603660226974490322950977,0.061890963852565852519757507699,33.3148950267492844219118748531,0.866758628473935648949070065623,1317,117,183,C1,Eckard Specht
963,0.030003259399106088374204715507,0.061862598384649538122903140202,33.3297121721979918353516748234,0.866888338310956065318762670472,1163,158,221,C1,Eckard Specht
964,0.030012036438,0.061881255367,33.3199648770,0.868296327234,2396,35,77,C1,"Jianrong Zhou, Kun He, Jiongzhi Zheng, Chu-Min Li"
965,0.029978267582447209574026118104,0.061809476180978695737011399623,33.3574979691460613617069117985,0.867242148791237079060350303295,1360,92,154,C1,Eckard Specht
966,0.029963670374722618917652630270,0.061778449857228564169837671271,33.3737485259349588772838305517,0.867295609885978912366130466233,1522,50,128,C1,Eckard Specht
967,0.029941810491066097797213681849,0.061731988482512252474047143606,33.3981139950897586566998330076,0.866927118971979613912029500011,1221,126,182,C1,Eckard Specht
968,0.029931180285674783204440856271,0.061709395616878382528994713270,33.4099754989817472101904651191,0.867207535588172659221353131045,1214,123,182,C1,Eckard Specht
969,0.029920721567123937283865352923,0.061687167703364730869128284715,33.4216538781194497987642042606,0.867496842145337500249803878019,991,287,329,C1,Eckard Specht
970,0.029919904273,0.061685430728,33.4225668263,0.868344651554,2158,38,78,C1,"Jianrong Zhou, Kun He, Jiongzhi Zheng, Chu-Min Li"
971,0.029893574492179970958598939307,0.061629474264190406229450987562,33.4520048869229623144876090576,0.867710647837847131329801636174,1072,201,262,C1,Eckard Specht
972,0.029879476884635724116121063225,0.061599515055476323309437915848,33.4677880694159116661676928896,0.867785211010295101910300633980,1302,117,166,C1,Eckard Specht
973,0.029861220014726477800850018282,0.061560718179268669325198422414,33.4882499612151154693897006323,0.867616764327167855038050723779,1337,95,151,C1,Eckard Specht
974,0.029854622953737874901845776729,0.061546699412482453849896349238,33.4956499551034340131167945596,0.868124750405396231923254846931,937,277,317,C1,Eckard Specht
975,0.029846675930259918553468626218,0.061529812226081434310377677284,33.5045685602179398543574343174,0.868553462483807855203032173807,1179,164,215,C1,Eckard Specht
976,0.029828922596166332054674173190,0.061492087923272617509372207096,33.5245095352026505170480557137,0.868410272290128413795824848030,1072,205,250,C1,Eckard Specht
977,0.029827935315,0.061489990077,33.5256191701,0.869242493477,2408,35,77,C1,"Jianrong Zhou, Kun He, Jiongzhi Zheng, Chu-Min Li"
978,0.029801407983354359777863757388,0.061433624473540894960605270599,33.5554615593515628726229612682,0.868585191598949555598764124723,1437,50,121,C1,Eckard Specht
979,0.029785896937935978975690421598,0.061400667840076929505989318373,33.5729356105566128017355780498,0.868568463612999706079921335229,2314,34,81,C1,Eckard Specht
980,0.029777151380,0.061382086440,33.5827959914,0.868945169421,2447,37,80,C1,"Jianrong Zhou, Kun He, Jiongzhi Zheng, Chu-Min Li"
981,0.029743185478464576135559578721,0.061309923379681469976464000796,33.6211466227800530420680067608,0.867848597840625462121810933827,807,363,400,C1,Eckard Specht
982,0.029725877534274055778803269147,0.061273153320285722689928975083,33.6407225942109193367552408238,0.867722494869371155864992823154,1464,61,141,C1,Eckard Specht
983,0.029714345648646860516287375692,0.061248655002554344484075492458,33.6537782734427556259481508532,0.867932317592695217403178713554,1022,251,313,C1,Eckard Specht
984,0.029700875945178488675543298222,0.061220040725297822896087641290,33.6690406655274307104209737740,0.868027759400308068116112297021,1289,112,175,C1,Eckard Specht
985,0.029692733110078217120613427835,0.061202742931630051438161513072,33.6782739498164634392059552993,0.868433523553140203789910194757,1522,52,124,C1,Eckard Specht
986,0.029668429903456210027629125274,0.061151117448449770026280121969,33.7058618623935155476937937914,0.867892712675186534622678715648,1517,43,120,C1,Eckard Specht
987,0.029651807962718545210021428532,0.061115810192758728925821104584,33.7247563877827611919706227593,0.867799729156985716609809479421,1012,283,342,C1,Eckard Specht
988,0.029636143964810069156676299986,0.061082538844553426973147824388,33.7425813961289669062547140887,0.867761416753712906165652816203,1512,72,143,C1,Eckard Specht
989,0.029616539922975132337686100456,0.061040900100717501329964869960,33.7649165837987229938461604146,0.867490903202078879266860683138,2140,35,82,C1,Eckard Specht
990,0.029618409083,0.061044870101,33.7627857458,0.868477655042,2481,39,79,C1,"Jianrong Zhou, Kun He, Jiongzhi Zheng, Chu-Min Li"
991,0.029584296798555812174621805793,0.060972419759812032607823778885,33.8017160525788135954620694464,0.867353541511454320382893599287,2347,23,85,C1,Eckard Specht
992,0.029573698614310658142608192866,0.060949911543167856716886043281,33.8138294111140311278169513545,0.867606820532239500426583516183,956,294,343,C1,Eckard Specht
993,0.029554479201533112364483858485,0.060909094983953688846370466069,33.8358186987820745625070280979,0.867352970187736341772312394949,2390,19,82,C1,Eckard Specht
994,0.029538345450387450749079958732,0.060874832739467858964984534105,33.8542997162653579236055536317,0.867278768834746460578665177681,1165,169,217,C1,Eckard Specht
995,0.029518904647564087889298925506,0.060833549028266489250766598242,33.8765957592034299917415227093,0.867008902934020804303589126817,2302,25,85,C1,Eckard Specht
996,0.029495973580762477155526555311,0.060784855658127544953101351764,33.9029324548964350034443457512,0.866532407647129876356230580200,2212,21,87,C1,Eckard Specht
997,0.029472923528901358461021079461,0.060735911946046635912328268895,33.9294471082718647418733246601,0.866047261676445902856480156972,2360,35,84,C1,Eckard Specht
998,0.029467693694122194413614544629,0.060724807412716891045120319459,33.9354688011931550685373948706,0.866608281707307722857559545257,1923,31,79,C1,Eckard Specht
999,0.029456726310213053061934341243,0.060701520702369537194333232431,33.9481037189555655193855083762,0.866831026189883109662290269846,1875,21,77,C1,Eckard Specht
1000,0.029461637353,0.060711948104,33.9424448145,0.867988075520,2426,38,76,C1,"Jianrong Zhou, Kun He, Jiongzhi Zheng, Chu-Min Li"
1001,0.029429434499676612947013205982,0.060643575121209066325209283203,33.9795859825641079910187462988,0.866957706585726809865870870149,1198,190,83,C1,Eckard Specht
1002,0.029428027574421306111102815068,0.060640588045989102562853438723,33.9812105133812971446293926109,0.867740824534742542667805065987,971,311,82,C1,Eckard Specht
1003,0.029427589849037129888991955212,0.060639658702970881747639476627,33.9817159723231625314539529686,0.868580993456122588477059063815,2616,30,84,C6,Eckard Specht
1004,0.029384116075471040159194121873,0.060547362890170518551503122553,34.0319918908423235638217021729,0.866879982646902625464925849946,1873,67,84,C1,Eckard Specht
1005,0.029373482703312652399363110540,0.060524789256987057576939461050,34.0443116705130450622393991890,0.867115493552416603728078229335,1700,48,85,C1,Eckard Specht
1006,0.029368474818738987968134843133,0.060514158167806386037705443134,34.0501168743681326473797805219,0.867682357057979468383635311310,1635,51,85,C1,Eckard Specht
1007,0.029364349319030773970049790187,0.060505400349615463117792613143,34.0549006938801426913374594096,0.868300866006573520526767562203,1630,47,85,C1,Eckard Specht
1008,0.029352231634300245234856106125,0.060479676749726052544801421620,34.0689598139933702173285431394,0.868445929928924973679629202198,1637,46,88,C1,Eckard Specht
1009,0.029344816218018241363785371845,0.060463935511437729686825355853,34.0775690183393323259767895036,0.868868303019089800081832424454,1518,83,87,C1,Eckard Specht
1010,0.029322861172906348817576298012,0.060417331365892235983658673992,34.1030840784383300312479597211,0.868428489239194081634085885911,1489,75,145,C1,Eckard Specht
1011,0.029313674301410288725913353893,0.060397830947734093367873553260,34.1137719453985245386664202242,0.868743707560702760529151337001,1136,241,286,C1,Eckard Specht
1012,0.029309575125549412511977568397,0.060389129993407161522930289264,34.1185430261761546286138397492,0.869359808368707558536714598928,1507,70,85,C1,Eckard Specht
1013,0.029294143920460380720463111421,0.060356376212198351315926818941,34.1365155682721246891647912628,0.869302777317070281066058287345,1350,103,82,C1,Eckard Specht
1014,0.029287737725594236255563000215,0.060342778934248248088177427158,34.1439823508836890807619287111,0.869780383218360588680127731614,1232,173,225,C1,Eckard Specht
1015,0.029291275439665199864420615997,0.060350287781604436560736227103,34.1398585411489350041166269682,0.870848499135568753837245458420,2688,30,90,D6,David W. Cantrell
1016,0.029235166127766736927414578085,0.060231201435577566382540295406,34.2053811368709200003675088744,0.868370057534409455715360216907,1451,82,153,C1,Eckard Specht
1017,0.029230452170683243642459860561,0.060221197164752057666555182826,34.2108973942918523744651153067,0.868944462782344962875320732592,1261,143,193,C1,Eckard Specht
1018,0.029211219993103166567278252042,0.060180382375032475201658595064,34.2334212756640155519162695827,0.868654690208208625561804901811,1576,55,115,C1,Eckard Specht
1019,0.029204280754705433347685001560,0.060165656225614812506353522204,34.2415554897334235126472653820,0.869094924673251660550847875820,1584,57,121,C1,Eckard Specht
1020,0.029199264154081143264863053007,0.060155010345429980490723095134,34.2474383848550271598826065488,0.869648967682604142625437429542,1555,60,129,C1,Eckard Specht
1021,0.029187690389335086263316322742,0.060130449728311609850370409546,34.2610184862516839183273983936,0.869811616939221118485929071645,1679,44,115,C1,Eckard Specht
1022,0.029178134808616626001710832150,0.060110172328812520525086159987,34.2722386663553606302018670018,0.870093549029820904254047605608,1214,205,264,C1,Eckard Specht
1023,0.029161630150638594869328811217,0.060075149595011192089796405766,34.2916357842259218601090810648,0.869959888522614538308198426871,1778,12,89,C1,Eckard Specht
1024,0.029146574632641674058118654532,0.060043202961586068043258372367,34.3093489579418850189211626591,0.869911360323738764362914903300,1361,127,192,C1,Eckard Specht
1025,0.029138539416166292361249028456,0.060026153265252998204659891393,34.3188100720378620928836978720,0.870280841290163570454239124125,1534,65,136,C1,Eckard Specht
1026,0.029131569963403046007962287491,0.060011365211051160499982848461,34.3270205229675019493551499704,0.870713226114495357558204720024,1753,47,121,C1,Eckard Specht
1027,0.029130142517932095049488537824,0.060008336428284122819798998705,34.3287026276790249671738748397,0.871476463599141169452751337166,2724,30,78,D6,David W. Cantrell
1028,0.029053236674967316281114297402,0.059845169214991241084830880038,34.4195729786490289432580093104,0.867725097007832565744158621290,1651,51,76,C1,Eckard Specht
1029,0.029042062206298908698648769757,0.059821463064179531888429035566,34.4328165436926456398112502951,0.867901177133176964134044276901,1667,47,77,C1,Eckard Specht
1030,0.029028770103875527711600020039,0.059793265155716418492492005963,34.4485831270713588194932886400,0.867949578555967344405275441330,1558,60,77,C1,Eckard Specht
1031,0.029012333379422664386930257653,0.059758397303638480815328189595,34.4680997189030529981646690969,0.867808668250444155896422933758,1749,45,77,C1,Eckard Specht
1032,0.029001095261235370075113350208,0.059734558133281849118509517134,34.4814563378460017752411423651,0.867977559194488594478908025017,1763,47,78,C1,Eckard Specht
1033,0.028987676490037234820048485309,0.059706093914965263411108540559,34.4974182509484565742539995284,0.868014806104662316859329253313,1444,95,77,C1,Eckard Specht
1034,0.028974189999384310599726293177,0.059677486841191047644108956700,34.5134756147194997031008581668,0.868046811448516137758171977492,1931,30,79,C1,Eckard Specht
1035,0.028967373534791269767079942770,0.059663028296463004630816134595,34.5215971616808752218249750148,0.868477535036770061179081390455,1474,114,81,C1,Eckard Specht
1036,0.028955920810485922125410312900,0.059638736141935184144483944484,34.5352512373865190618729974388,0.868629382582524442512251408290,1733,53,83,C1,Eckard Specht
1037,0.028950029091532385990416409814,0.059626239552735133086915879987,34.5422796239085884326921851054,0.869114039223392610347437242001,1768,94,82,C1,Eckard Specht
1038,0.028944014273300209941465943522,0.059613482021100271590973331148,34.5494578104345142675935333008,0.869590688818620518837701272555,1837,45,83,C1,Eckard Specht
1039,0.028941583197225739862150399192,0.059608325712301380386318695932,34.5523599446991287906879272036,0.870282232242454910685315921918,2694,48,84,D6,David W. Cantrell
1040,0.028902612076120552217406796086,0.059525671545490998091293749411,34.5989489588798721412511848350,0.868775424215617960834244417427,1281,173,229,C1,Eckard Specht
1041,0.028886618005959456715225649765,0.059491751512361974586096457277,34.6181058576568186894774137368,0.868648604514932164346348668107,1384,122,184,C1,Eckard Specht
1042,0.028879860880808274939332044280,0.059477421417709197994221609005,34.6262055806694213474682614323,0.869076311803623394622139295025,1374,145,216,C1,Eckard Specht
1043,0.028871363277124739593848403264,0.059459400506513072860264731020,34.6363969862246373585944567820,0.869398509031334383255504550166,794,433,469,C1,Eckard Specht
1044,0.028869479108163220056014418154,0.059455404782564060864321990445,34.6386575335623917131434687140,0.870118484231646227451219587717,1592,82,149,C1,Eckard Specht
1045,0.028869525272334346048447448771,0.059455502681923834733698722117,34.6386021441890345279297002145,0.870954716475199314756462961304,2593,31,85,C1,Eckard Specht
1046,0.028771972517541748204972300809,0.059248645433188779377167717904,34.7560459885160182420240531213,0.865906417067485815852538170144,1939,29,83,C1,Eckard Specht
1047,0.028767891418227798717659057241,0.059239992508558434715241814521,34.7609765853879688788135743102,0.866488380753539025802462014297,1759,35,112,C1,Eckard Specht
1048,0.028754998189571102158227322037,0.059212656201001704422870976799,34.7765627877062854624342179752,0.866538717084584756185524907607,2252,35,79,C1,Eckard Specht
1049,0.028734767391739951883213911188,0.059169764194225064313420824784,34.8010473294263842015861228143,0.866145513053214317602090673942,1598,65,141,C1,Eckard Specht
1050,0.028726494682992995982412009774,0.059152225456036013452290290204,34.8110693990113592635971882566,0.866472071610626112178047868114,2321,32,87,C1,Eckard Specht
1051,0.028719991246762024894878778518,0.059138437912724682134605292836,34.8189521162456099334226348696,0.866904629972005782922867039361,1287,185,235,C1,Eckard Specht
1052,0.028713085859657827768281935487,0.059123798419689296087597094363,34.8273259407833270012006390360,0.867312247162454577773370192168,1424,126,179,C1,Eckard Specht
1053,0.028706197628854376974224865632,0.059109195505574362509914365809,34.8356829744263333330261625715,0.867720208769107421637660593207,1625,58,121,C1,Eckard Specht
1054,0.028687516519107736136971921026,0.059069592962092470079925456451,34.8583677270890809702974532817,0.867414178651919520835236820958,1642,61,122,C1,Eckard Specht
1055,0.028677152950430485455417207909,0.059047623635207263761835470054,34.8709651103977027365128614439,0.867609951916215011330447329239,1583,86,154,C1,Eckard Specht
1056,0.028664613832233164043418920763,0.059021043072103783559444935003,34.8862191499508978308638553253,0.867673050975511797722403936288,1555,65,137,C1,Eckard Specht
1057,0.028654703801274212345290124186,0.059000036163065534660723454324,34.8982843073580183127253195478,0.867894296785268045962815299538,1780,76,79,C1,Eckard Specht
1058,0.028631062622234018920393194651,0.058949924216280309038392471309,34.9271004431190824162152049738,0.867282536197226519878633924162,1941,22,87,C1,Eckard Specht
1059,0.028622745013197821105035703674,0.058932294052091450385340008770,34.9372500624557296574389288942,0.867597962483882639703886081801,1320,169,224,C1,Eckard Specht
1060,0.028616572095864971868773471284,0.058919210012895373533141553436,34.9447864213092690753067745342,0.868042690428908013634247257784,1280,202,259,C1,Eckard Specht
1061,0.028609643193154952718127574778,0.058904523794534235781663447733,34.9532496175714853475476437315,0.868440896341655407875289990811,1390,106,171,C1,Eckard Specht
1062,0.028596398296799157897804721078,0.058876451037776568676582752259,34.9694387950923054525182073919,0.868454743273226800990736201433,1253,188,247,C1,Eckard Specht
1063,0.028582572191650747700651362093,0.058847147216901275489029169972,34.9863543873811993664681020124,0.868432129375655004230374127491,1531,87,148,C1,Eckard Specht
1064,0.028569803407162706384216595387,0.058820085081496347390120431820,35.0019909394718136575470383865,0.868472621394257036803324931543,1644,52,129,C1,Eckard Specht
1065,0.028555038295105583362535398146,0.058788792820524265301147181595,35.0200896130965059587344636975,0.868390575817217895707529908266,1479,145,210,C1,Eckard Specht
1066,0.028539680632185130148971520251,0.058756245753316085176354012065,35.0389344887155931660777507848,0.868271253045873150063188311458,1633,63,136,C1,Eckard Specht
1067,0.028523343653032262298222639497,0.058721624378064330381413466800,35.0590033259895147671910432549,0.868091069069957223037862094491,1610,60,140,C1,Eckard Specht
1068,0.028516301362350741767676429599,0.058706700693671546699249050948,35.0676613805278211472113424950,0.868475645538818431362559724377,1570,83,161,C1,Eckard Specht
1069,0.028504777756176161710428212735,0.058682280887269442952891446739,35.0818381589847300048160918639,0.868586397419095971793635715790,1635,66,134,C1,Eckard Specht
1070,0.028484210898309260365572429610,0.058638698861800493159754402046,35.1071687950238102518151753967,0.868144789434315244249647736814,1861,41,75,C1,Eckard Specht
1071,0.028462078377142444036638987465,0.058591801192071577392698735356,35.1344686339943495849719110271,0.867606288840408022516082999846,1620,83,164,C1,Eckard Specht
1072,0.028447541503890576015187748136,0.058560999470734176573895991096,35.1524225692134706219331323225,0.867529526083898431779880572132,1586,90,162,C1,Eckard Specht
1073,0.028439866457100206883632024653,0.058544737428430987224664951814,35.1619091288082743708521093744,0.867870302396825097200852385321,1177,236,293,C1,Eckard Specht
1074,0.028433322404054858235357677360,0.058530871961172179726998265158,35.1700017954071603177245645206,0.868279405829964610782946961580,1066,306,355,C1,Eckard Specht
1075,0.028427466283181590521096867623,0.058518464235357370465985361052,35.1772468934955818625060461738,0.868729902227533114389666697990,1249,214,263,C1,Eckard Specht
1076,0.028423373856955448891437848297,0.058509793447358407985973534439,35.1823117492187236859524275982,0.869287683199590114602524786097,1893,38,84,C1,Eckard Specht
1077,0.028420330033161438235570569642,0.058503344422864397228272869220,35.1860797827885527202252431255,0.869909226451742025804571209225,2713,36,78,C1,"Yuri Stoyan, Georgiy Yaskov"
1078,0.028412237095298316572667021790,0.058486197912488806581572867124,35.1961021811084678837779996932,0.870221123666682487678961755633,2202,28,80,C1,"Yuri Stoyan, Georgiy Yaskov"
1079,0.028393033629459078268246867789,0.058445512665521278696067550702,35.2199068634375865743922160196,0.869851343019598097624190073566,2651,32,78,C1,"Yuri Stoyan, Georgiy Yaskov"
1080,0.028379255349124515583387732141,0.058416322429018949607719309093,35.2370063166879200696972593809,0.869812704904477425342619474742,2298,28,75,C1,"Yuri Stoyan, Georgiy Yaskov"
1081,0.028362554951814143856133061507,0.058380942596150307907065758098,35.2577545181992626253073550264,0.869593719789645850098313575435,1607,86,149,C1,Eckard Specht
1082,0.028349742454333966351247228309,0.058353800113106177098910259528,35.2736890506433866587085616654,0.869611944799685046509525135731,1558,68,138,C1,Eckard Specht
1083,0.028334780636822297250438671380,0.058322105334577491206822288861,35.2923148697490140865966345948,0.869497156616997491394086819337,1424,137,198,C1,Eckard Specht
1084,0.028307778498478362628106486878,0.058264907080835438380761877465,35.3259793965730419449398262069,0.868642070694502670462354021380,1606,105,179,C1,Eckard Specht
1085,0.028306043421137122447834958881,0.058261231799355743452376840665,35.3281447753755891587464079599,0.869336822162840685714935433938,1752,47,128,C1,Eckard Specht
1086,0.028278532178180917554412175124,0.058202958593822578462836962543,35.3625143518438208092767640046,0.868447465017521158144928745020,1810,31,108,C1,Eckard Specht
1087,0.028268340529423218119269672278,0.058181371891957297532297546519,35.3752636791376522701095488605,0.868620695924437874915436859627,1595,91,158,C1,Eckard Specht
1088,0.028254015133243164370872405399,0.058151030358241774508699010283,35.3931997022050874705055285137,0.868538835810692717081907689880,1584,65,121,C1,Eckard Specht
1089,0.028249143599290876279500848067,0.058140712535975619028655083386,35.3993032208276390227642478865,0.869037370247665429289176665827,1594,72,135,C1,Eckard Specht
1090,0.028259197504484422536081834738,0.058162006641919997061657228152,35.3867090472512902912665995881,0.870454645521229889544800577519,2680,25,74,C1,"Yuri Stoyan, Georgiy Yaskov"
1091,0.028253773656975589319622004722,0.058150518913365073525100349091,35.3935021969396100152805639963,0.870918816912832072676078339071,2774,29,79,C1,"Yuri Stoyan, Georgiy Yaskov"
1092,0.028241693061265633526837339676,0.058124932629047572294021066630,35.4086420325674920958085342671,0.870971803847679458416534952996,2760,28,79,C1,"Yuri Stoyan, Georgiy Yaskov"
1093,0.028208323004080086189183388210,0.058054259306438821002565808804,35.4505299678878032656811661985,0.869710468965847559574015812152,2139,23,80,C1,Eckard Specht
1094,0.028190958058716499028653706347,0.058017484592245213576653375233,35.4723666332015683552709336067,0.869434747197534115127816762044,2667,27,80,C1,"Yuri Stoyan, Georgiy Yaskov"
1095,0.028167119153954915884176217574,0.057967001753292330358328811467,35.5023882468857678970765605707,0.868758328569237816548451161649,2672,33,82,C1,Eckard Specht
1096,0.028158855006304068086815555592,0.057949501626599122614305675278,35.5128075973303901366887424903,0.869041542331597023497108915307,2738,31,78,C1,"Yuri Stoyan, Georgiy Yaskov"
1097,0.028142278752658222724294985067,0.057914400714003068198221467594,35.5337252107043195343963456213,0.868810675171373342151657908575,2659,39,82,C1,Eckard Specht
1098,0.028129839696155811604882220639,0.057888061276336205459265485723,35.5494382762749528954696449219,0.868834093701902765120771589581,2638,29,82,C1,Eckard Specht
1099,0.028110610735244102276028637550,0.057847345687167265300498514564,35.5737557400784222149330704504,0.868436873063354644213349361961,2779,32,83,C1,"Yuri Stoyan, Georgiy Yaskov"
1100,0.028099694435246876116719460433,0.057824232124134724399723171851,35.5875755981762254181915278982,0.868552110089668681722422754711,2273,30,80,C1,"Yuri Stoyan, Georgiy Yaskov"
1101,0.028079618973135926434648680514,0.057781726818958023588662494978,35.6130188574392963975220979108,0.868099966845821104786881263446,2567,37,82,C1,Eckard Specht
1102,0.028060746789562057127752103523,0.057741770788398289736522057484,35.6369703023006023544394241472,0.867720872447484860199631032252,2337,38,81,C1,Eckard Specht
1103,0.028050871669680130854723139311,0.057720863884857473223688947105,35.6495160569604923165182222498,0.867897095776036299546962359250,2523,32,82,C1,Eckard Specht
1104,0.028035544299763651278478638158,0.057688414705588979259516985885,35.6690060769902842223125427220,0.867734885579147216524228878887,2177,22,85,C1,Eckard Specht
1105,0.028020069512891300112993083466,0.057655654471896378904702513196,35.6887051811176339468423303584,0.867562346535522852929882262883,2465,22,83,C1,Eckard Specht
1106,0.028014930758133360471987009092,0.057644775922298012898079283255,35.6952515297464246692926988995,0.868028997993605325415321081763,2149,18,86,C1,Eckard Specht
1107,0.028008522113747742589573967709,0.057631209225530787144678537906,35.7034189786528788790955280570,0.868416383272900020128682332933,2733,33,82,C1,Eckard Specht
1108,0.027997492642418425210182019693,0.057607860947870313242259689403,35.7174841608823416360417753339,0.868516430442599429845055242294,2675,21,85,C1,Eckard Specht
1109,0.027987065156119181455445213385,0.057585787499040441183746006435,35.7307918648039021352161774647,0.868652880002622164363151145848,2023,30,85,C1,Eckard Specht
1110,0.027975427082820874744680521056,0.057561151975536542785823660293,35.7456562518067545815370962299,0.868713217717512722414836888127,2641,21,82,C1,Eckard Specht
1111,0.027998444593285101314249209126,0.057609876110886888141614549935,35.7162697616363707890520739512,0.870927231503657107530713579195,2655,31,89,C1,Eckard Specht
1112,0.027953991781031663298342698268,0.057515779180556227432620853306,35.7730662523323615457644284907,0.868945330021312190834180766449,2805,15,84,C1,Eckard Specht
1113,0.027941093186740727632133344260,0.057488477274162660741821879627,35.7895803616783252398708769508,0.868924318267253699637368013254,2702,28,83,C1,Eckard Specht
1114,0.027925146548816466904448897859,0.057454724704940297559050822852,35.8100179797402832763755949681,0.868712584086984122694552028466,2704,27,85,C1,Eckard Specht
1115,0.027919157038300283541046569707,0.057442047624839998820245048306,35.8177003205423402266405738037,0.869119452648138570034805693510,2776,29,85,C1,Eckard Specht
1116,0.027910673627408054027180661049,0.057424092354883396526599058216,35.8285870613315527470995472362,0.869370363806631670117553458911,2647,33,80,C1,Eckard Specht
1117,0.027903063788230736288924451973,0.057407986279574309441386743735,35.8383583820566360447650683231,0.869674942116171996423445530060,2142,28,81,C1,Eckard Specht
1118,0.027883894524161909558045224856,0.057367416025914124137188611774,35.8629960794566028876503990652,0.869257939547067734563112998340,2120,31,85,C1,Eckard Specht
1119,0.027883111668967467515898907463,0.057365759207904021602937326541,35.8640029804475100065906831401,0.869986598389058812249518269929,2329,27,83,C1,Eckard Specht
1120,0.027879447274310175662748040139,0.057358003996809061887538734326,35.8687168422259588653830918739,0.870535209959566013124214613883,2180,31,85,C1,Eckard Specht
1121,0.027874220826888556157088158147,0.057346943006898390470802399749,35.8754422665461972646639327723,0.870985821297591620300668094331,2084,32,84,C1,Eckard Specht
1122,0.027866700305390144400588222574,0.057331027162929836335302610864,35.8851241460609528649395326061,0.871292450191503769597147781833,2272,33,82,C1,Eckard Specht
1123,0.027859062119160326142525640052,0.057314862554579827806684798463,35.8949628570676399326716766604,0.871591005244819604665799451264,2935,27,90,C1,Eckard Specht
1124,0.027819836897046371204509982134,0.057231854655936355789945546975,35.9455737896928461796858355428,0.869912297275567238046742597658,2751,28,85,C1,Eckard Specht
1125,0.027813622318992431345903150162,0.057218704062357471356299353215,35.9536053424135848316496794093,0.870297284816498153686470964191,2804,30,88,C1,Eckard Specht
1126,0.027797045660333617760654608816,0.057183627217454309176099404815,35.9750461333018541247941235945,0.870032891620448685345259134644,2786,40,80,C1,Eckard Specht
1127,0.027792700556153805692652590527,0.057174433008377318182278452931,35.9806704634387155758648977168,0.870533348137944131907866107167,2810,35,81,C1,Eckard Specht
1128,0.027788514079785625289964654922,0.057165574532342278549311767075,35.9860911284722607899505127062,0.871043308652036761052883076344,2638,31,84,C1,Eckard Specht
1129,0.027780049272303468522673302171,0.057147663451074811383952644042,35.9970563838053953786601122521,0.871284454318345963768961009052,2686,46,80,C1,Eckard Specht
1130,0.027758738443209261320387942738,0.057102572254053244974279752473,36.0246919018264775904771099715,0.870718742753109208986501223242,2437,44,85,C1,Eckard Specht
1131,0.027750938163324013698136425964,0.057086068277401488707822403593,36.0348177821826753003068463541,0.870999577476380129714004161627,2713,31,85,C1,Eckard Specht
1132,0.027742011643039352188723773342,0.057067181705384935574455294531,36.0464126706870005751935842234,0.871208945722865066195501307414,2357,40,86,C1,Eckard Specht
1133,0.027732356497303669267022417574,0.057046753911083457358989826058,36.0589623928001534416662326262,0.871371715280381998036284285696,2667,22,83,C1,Eckard Specht
1134,0.027710595809131671713820016024,0.057000715403645098417044955462,36.0872789198730550520556430130,0.870772654190072580643590029462,2820,29,86,C1,Eckard Specht
1135,0.027737210767128341369857033040,0.057057024241385133241093767030,36.0526517390533896320099063949,0.873215497394013944398713254351,2988,54,60,C6,Eckard Specht
1136,0.027688306236237215814270685313,0.056953560085361867604790974466,36.1163298133146462435300095507,0.870905655335157462559614874995,2647,28,86,C1,Eckard Specht
1137,0.027677193065858225675052079917,0.056930050120140567101403395423,36.1308315341258610653996193688,0.870972717197446968628456443744,2572,33,83,C1,Eckard Specht
1138,0.027658476503877582038685561871,0.056890456358234259332357349159,36.1552813604829221303266120172,0.870560125022693935132214619206,2267,27,84,C1,Eckard Specht
1139,0.027647498088569089626394155724,0.056867232889760033033171027247,36.1696380915368212384511328204,0.870633547484914438019472978624,2382,26,84,C1,Eckard Specht
1140,0.027632975499742047756617225132,0.056836512969871320854533789032,36.1886471476564274707486941574,0.870482721865052472310904793332,2345,17,88,C1,Eckard Specht
1141,0.027613712321063207401112531898,0.056795766602131935651390561193,36.2138921552108471389148146448,0.870032020399649745474972603009,2841,32,86,C1,Eckard Specht
1142,0.027599926114883287002097157085,0.056766606371410157190193821751,36.2319810508749524284154632616,0.869925262406692789311675200966,2657,30,85,C1,Eckard Specht
1143,0.027584524587722551409431596147,0.056734030432881522688370562015,36.2522107937682077839738503134,0.869715554263155804064625960437,2772,38,82,C1,Eckard Specht
1144,0.027580024231565937458994043917,0.056724511875172893082634841875,36.2581262294714830257542573365,0.870192450686146335205621460940,2830,26,92,C1,Eckard Specht
1145,0.027556315265910026958569546133,0.056674367263632686805993841560,36.2893220791787794419303780292,0.869456335134188769731853780938,2706,21,91,C1,Eckard Specht
1146,0.027550128621494403720449267810,0.056661282874027133045607241993,36.2974711929223989229563402297,0.869824986771774363357033485494,2815,28,88,C1,Eckard Specht
1147,0.027554218556173185255930901852,0.056669932827025895373268673428,36.2920834775756050381336902080,0.870842499396838421927643610123,2878,43,84,C1,Eckard Specht
1148,0.027511240919870002000395706757,0.056579041480937390989528519625,36.3487784107095547357611509538,0.868884896739896819634031242744,2685,52,88,C1,Eckard Specht
1149,0.027493404891140780032990920980,0.056541323276194868085426993306,36.3723592606833041406767741403,0.868514522071926128025848371555,2841,35,86,C1,Eckard Specht
1150,0.027487244266049778324777840305,0.056528295601234146859191983359,36.3805112771936335036191137080,0.868880886942709379205740635845,2113,34,92,C1,Eckard Specht
1151,0.027469657275118391302569550410,0.056491105867509703781356997933,36.4038032941089945327512189037,0.868523963505146941795033651942,2316,18,82,C1,Eckard Specht
1152,0.027460458110740001590647168282,0.056471653702419509645117081637,36.4159984501093271536071356198,0.868696427118765700757545882147,2411,30,80,C1,Eckard Specht
1153,0.027451409326932337981828679939,0.056452519884757953728346876447,36.4280022235109339946928286313,0.868877594762110284300164823998,2121,37,84,C1,Eckard Specht
1154,0.027448960154756354537966125938,0.056447341126948251283654759978,36.4312525633769790199645084821,0.869476007268321902075860928948,2799,27,87,C1,Eckard Specht
1155,0.027422687325014527817532431154,0.056391789048812828235847055983,36.4661562212327863580856695239,0.868564366044966867299577287854,2834,25,85,C1,Eckard Specht
1156,0.027419783449032814343348546623,0.056385649188445949472116113302,36.4700181479833415114205684840,0.869132270196983062134888952605,2523,40,84,C1,Eckard Specht
1157,0.027402869427080272814847321937,0.056349887462526836242823082927,36.4925287353948548958107281736,0.868811261533115602179891133108,2901,29,85,C1,Eckard Specht
1158,0.027388967804613866610149334077,0.056320495856994853934785863941,36.5110509871621697605147639848,0.868680135471718566692366343902,2390,14,86,C1,Eckard Specht
1159,0.027409944745769174946682260896,0.056364846828717232133425279550,36.4831089327297404091087483041,0.870762577249732153496778995053,2165,43,79,C1,Eckard Specht
1160,0.027366289769890756042628696004,0.056272550461810210179675161701,36.5413071486303975140739988262,0.868740026292767841204150296032,2436,16,88,C1,Eckard Specht
1161,0.027359282409423685532355021646,0.056257736108761817970760664696,36.5506662431891128594119005815,0.869043717725934957060669849733,2861,28,83,C1,Eckard Specht
1162,0.027353278727654498574059132838,0.056245043815853168837615111776,36.5586886294909793547444050314,0.869410558011502593283465766618,2857,35,85,C1,Eckard Specht
1163,0.027345908340111253617758816256,0.056229462405167961997729350915,36.5685420854420818042144085231,0.869689891525926111612461037270,2632,29,86,C1,Eckard Specht
1164,0.027334387950292395147355101010,0.056205108131026399429275765223,36.5839543149274366425773403409,0.869704442014292861599843584053,2868,37,87,C1,Eckard Specht
1165,0.027335973281103455895438947393,0.056208459509531448940453139975,36.5818326538704299279343486190,0.870552582037360376772388189142,2874,25,92,C1,Eckard Specht
1166,0.027326025953546500623420849426,0.056187431107808070590879768593,36.5951493166248449725420434017,0.870665835686603830462584228365,2319,36,89,C1,Eckard Specht
1167,0.027299864078097616246086274818,0.056132127610372841413238778044,36.6302190054597785945565943860,0.869744769322599580551445531541,2805,27,84,C1,Eckard Specht
1168,0.027291500408263819896145186808,0.056114448305362951808072637652,36.6414445904631062779468715509,0.869956761616020641746506781503,2670,26,88,C1,Eckard Specht
1169,0.027284873561473415176944628596,0.056100440550099244321184109752,36.6503439258011656704735772876,0.870278796235475840669436175764,2388,30,85,C1,Eckard Specht
1170,0.027276359371370849153322522570,0.056082443629607520786025322273,36.6617841620607092119473717438,0.870479743250719303881718427043,2897,40,87,C1,Eckard Specht
1171,0.027275855182640690394532749635,0.056081377907530117254746972803,36.6624618478116508740959069148,0.871191535130877188663110737664,2115,33,89,C1,Eckard Specht
1172,0.027267023724154368734241694627,0.056062710711314554675744061634,36.6743363748260708087050315107,0.871370963010655895022875581178,2381,35,87,C1,Eckard Specht
1173,0.027238969092787781141008828952,0.056003413433172360243123563969,36.7121089125496957317826234434,0.870320765879995700207715128798,2851,38,84,C1,Eckard Specht
1174,0.027233317907949581183713011125,0.055991469299464683113263765252,36.7197270409748181599271362271,0.870701331419375192608695713513,2261,41,82,C1,Eckard Specht
1175,0.027218134650228415162812545445,0.055959379218982283936488150220,36.7402106298128692227343390216,0.870471553259608512882765110197,2169,35,84,C1,Eckard Specht
1176,0.027211719199206390247614566087,0.055945820352206263283545528699,36.7488725236134387137108462075,0.870801730249114218188977275333,2687,31,86,C1,Eckard Specht
1177,0.027200689633770699051524186221,0.055922510108545344587787319247,36.7637737669144116154766061826,0.870835836982552341689704571122,2757,32,85,C1,Eckard Specht
1178,0.027190624917063000034836601464,0.055901239468924442647138783617,36.7773820223038540490560898424,0.870930838222119772922098590169,2837,37,85,C1,Eckard Specht
1179,0.027181729535961711180281556296,0.055882440454157825713065509703,36.7894176372033129253286898277,0.871099929847518276619928422219,2865,31,88,C1,Eckard Specht
1180,0.027165087524424551507819243600,0.055847271055060071730406719624,36.8119557539023016430648440987,0.870771536647382761809212665632,2758,32,88,C1,Eckard Specht
1181,0.027145409219290764333067828330,0.055805686639165174421600544144,36.8386415515649860779552987065,0.870247298427334863843156998315,2920,26,88,C1,Eckard Specht
1182,0.027119165219334405372173421905,0.055750230140875119943808440162,36.8742913696715672813975115223,0.869300862432784264118084172763,2856,40,87,C1,Eckard Specht
1183,0.027113471037024851376686289200,0.055738198093719726335934136786,36.8820354514716363293946341957,0.869670988712217610457571149337,2858,32,89,C1,Eckard Specht
1184,0.027094852633221240935840294973,0.055698857605091202172449709999,36.9073791814571843768729233920,0.869211150431715600333290121048,2929,27,87,C1,Eckard Specht
1185,0.027090664501275288339015255612,0.055690008334411338882932374127,36.9130849467692153955952483987,0.869676362197978624475195420935,2817,33,89,C1,Eckard Specht
1186,0.027074709651268422252101400514,0.055656297394764747149413941471,36.9348374509032280720885284367,0.869385324602778116743796153930,2771,19,89,C1,Eckard Specht
1187,0.027067165573105273485837579704,0.055640357926761028183555372863,36.9451318165958690642150777768,0.869633533716169754421744563305,2824,17,96,C1,Eckard Specht
1188,0.027045673290890091079959361393,0.055594949420428654982910567954,36.9744908638245750063954441459,0.868984511183987991243232998993,2782,23,89,C1,Eckard Specht
1189,0.027035055979065116704186951680,0.055572518095746345027190409081,36.9890116289886968120336077863,0.869033265379718389436880406354,2810,25,87,C1,Eckard Specht
1190,0.027044338510349985450146995720,0.055592129386335194916366957120,36.9763157496825322605226446496,0.870361532100255131389038956891,2408,35,83,C1,Eckard Specht
1191,0.027035421454513080973496201495,0.055573290232063986894842661457,36.9885115969985314238052068234,0.870518589748767118046412748907,2260,24,85,C1,Eckard Specht
1192,0.027022033975401919463742441704,0.055545007017597290966277682385,37.0068367507159953535047741847,0.870386861639988590813430059051,2392,26,88,C1,Eckard Specht
1193,0.027016520237648438213579268456,0.055533358581272410054436479553,37.0143893885514555679808240921,0.870761592341262275919504347803,3001,39,89,C1,Eckard Specht
1194,0.026999463838565387500279961193,0.055497325715935253841254992592,37.0377725268612167903265499951,0.870391430798580010723136950391,2689,26,88,C1,Eckard Specht
1195,0.026988965739966338961752655367,0.055475148358397004570075019752,37.0521793845238033499912075576,0.870443104697126769288808664675,2882,38,89,C1,Eckard Specht
1196,0.026980626783825944189959670873,0.055457532555894350771671950938,37.0636311755169912937516509696,0.870633249091134671894730704263,2916,22,90,C1,Eckard Specht
1197,0.026977821272798173593899161224,0.055451606063260603276242688579,37.0674855425891381021254779498,0.871180000230568875524828691794,2915,24,89,C1,Eckard Specht
1198,0.026965782789375960721423212376,0.055426175796115745860665904871,37.0840337849929664025860912049,0.871129822849678113050348758056,2972,29,89,C1,Eckard Specht
1199,0.026957009885586209578863043328,0.055407644183154765411162038319,37.0961024328850154077597971734,0.871289777983939561031385431380,3021,32,87,C1,Eckard Specht
1200,0.026945345604347292876397873325,0.055383005430630363878333277272,37.1121608415615410605736453794,0.871261979685261573572179818057,3003,36,82,C1,"Yuri Stoyan, Georgiy Yaskov"
1201,0.026932514362896107889114611416,0.055355902361206483980496400338,37.1298418902047128428672990620,0.871157756219033778222349236788,2978,34,87,C1,Eckard Specht
1202,0.026919234636111234899311589229,0.055327852721545971362517943191,37.1481586871914298621970420932,0.871023522459600944583897207419,2949,27,92,C1,Eckard Specht
1203,0.026908001687795442019668192723,0.055304126915988351947214420646,37.1636664663049327126262015441,0.871020787460974034729852827044,3018,21,90,C1,Eckard Specht
1204,0.026890559383654708087186617519,0.055267287031195262082651203071,37.1877723230943642700203419957,0.870615029494895769996501253915,2432,21,88,C1,Eckard Specht
1205,0.026880364536952129367814567814,0.055245755110390748071068901303,37.2018764338300341608708658404,0.870677567155517565459183601640,2937,33,86,C1,Eckard Specht
1206,0.026858650476559452350253377240,0.055199895656910413625477029712,37.2319525462657685557897947258,0.869992849138916679992871902921,3005,33,88,C1,Eckard Specht
1207,0.026850313301165957974756030117,0.055182288332741294586144479703,37.2435132798459982470085906648,0.870173764515518863548875485709,3031,32,87,C1,Eckard Specht
1208,0.026837684314368678635211094228,0.055155617684312958868362649315,37.2610389289290546582712510205,0.870075649624114419593602091436,3010,22,89,C1,Eckard Specht
1209,0.026824258844242154089529832136,0.055127265733905921538391906559,37.2796879796979255207831240699,0.869924902814370239968328440630,3044,30,87,C1,Eckard Specht
1210,0.026831912935901062883880692794,0.055143429573094386255997783031,37.2690535478743807697380017252,0.871141377677727503068409585135,2633,31,88,C1,Eckard Specht
1211,0.026799619637151041748120565599,0.055075234613367179317483413197,37.3139624195914864538582783994,0.869763950974821770560516201483,3002,35,86,C1,Eckard Specht
1212,0.026803452759723215179537237096,0.055083328924112166201490645654,37.3086262044071989703500862687,0.870731196769369416334752848818,2453,37,88,C1,Eckard Specht
1213,0.026777085140679704867068525375,0.055027650360144554699814506274,37.3453643197631545533267753750,0.869735906109657547797204214724,2547,36,85,C1,Eckard Specht
1214,0.026757157624323165378292733481,0.054985572889514788523449925558,37.3731774518144641838651718799,0.869157817737310613359063355006,2382,32,83,C1,Eckard Specht
1215,0.026752826366071490216851726055,0.054976427552686922258367986232,37.3792281352456093189918755086,0.869592168066401424457219861496,2845,15,87,C1,Eckard Specht
1216,0.026743076055146069558989912842,0.054955840327854413200529594353,37.3928563018678533975628324344,0.869673614139853706997768461953,2357,15,88,C1,Eckard Specht
1217,0.026735539618533396804261016411,0.054939927854870038046910494157,37.4033969116818574781460214829,0.869898308770803537559041030240,2848,41,83,C1,Eckard Specht
1218,0.026728481251010824081501438758,0.054925025003026338379587977821,37.4132742750649837762460233605,0.870153462762506045679288285014,2237,55,83,C1,Eckard Specht
1219,0.026710033540806845295175269078,0.054886076012839918866116993914,37.4391143490040120231154605243,0.869666162044501500236965357827,3031,35,87,C1,Eckard Specht
1220,0.026705370405134151195457980788,0.054876230882421017375048682388,37.4456517482995990316526141612,0.870075706340006274081070546370,2380,34,82,C1,Eckard Specht
1221,0.026695386123711193353491622159,0.054855151703008964658775676558,37.4596567124304239501575106215,0.870137884799013234989636721479,2813,34,82,C1,Eckard Specht
1222,0.026685964419739673897948408382,0.054835260654245699402426893308,37.4728821589935691499767587087,0.870235931748189656511946636755,2679,21,88,C1,Eckard Specht
1223,0.026679930588928699882852892000,0.054822522266641390152879156526,37.4813568823513862829316904461,0.870554265489355213500737702158,2333,29,80,C1,Eckard Specht
1224,0.026671112725179069112198290899,0.054803906621644198247604422680,37.4937487724665611113654296810,0.870690262895031657588750644261,2947,34,88,C1,Eckard Specht
1225,0.026694929493557885834579725045,0.054854187659101889708904098198,37.4602974786400358550489666869,0.872958594315882686782566857181,2401,41,65,C1,Eckard Specht
1226,0.026648627956372613205696279328,0.054756439908070881137098866553,37.5253841074720412270943345769,0.870643130019483063161813390824,2360,22,91,C1,Eckard Specht
1227,0.026629710543727610778309844442,0.054716505798842593115064060483,37.5520416700714391138515654381,0.870116600429614352473207373220,2481,32,88,C1,Eckard Specht
1228,0.026626342069476628181838635077,0.054709395210235164051205546585,37.5567923446142433898998424454,0.870605448976958982997777662109,2455,37,91,C1,Eckard Specht
1229,0.026614439488404124491722583523,0.054684270176385195097846118916,37.5735885941050404513111885877,0.870535590427485574044716439067,3025,34,90,C1,Eckard Specht
1230,0.026603480256778205801861495893,0.054661136992345319138501936139,37.5890669321437208740380248185,0.870526548980528982814945200205,3081,37,84,C1,Eckard Specht
1231,0.026598344227642314466647484407,0.054650295836075040295294174781,37.5963252239118913037555399239,0.870897928167800626254522998739,3016,26,89,C1,Eckard Specht
1232,0.026589246742307305062012854213,0.054631093098821126867069261698,37.6091887706189351181053404148,0.871009268142305150075996511160,2806,32,86,C1,Eckard Specht
1233,0.026581194396512645721428570178,0.054614096714585634813432472559,37.6205818701358392362972591553,0.871188351207225775272740859640,3016,20,89,C1,Eckard Specht
1234,0.026571043860897211343442065796,0.054592672004098910091288853972,37.6349534943048147456181688993,0.871229138872430655260449752602,2350,31,86,C1,Eckard Specht
1235,0.026557916754595666315673159377,0.054564965315764814408093192912,37.6535557830211521399791042732,0.871073833794881013566978041622,2952,37,87,C1,Eckard Specht
1236,0.026549483323062520802578302257,0.054547165712530189619163328052,37.6655164182173836906651589601,0.871225579995866591651980849393,2935,18,87,C1,Eckard Specht
1237,0.026572314837482661170782594156,0.054595354626771921527159784610,37.6331533822341011474705321177,0.873430751872186566770886084691,1972,106,55,C1,Eckard Specht
1238,0.026525268397512303188550498686,0.054496059397140531494307323055,37.6999012795582465889437719957,0.871044251087360357048772525324,2947,29,87,C1,Eckard Specht
1239,0.026516509357195553037088441684,0.054477573810083496505220614159,37.7123544629994352295095193433,0.871172207659406519121091560939,3074,28,86,C1,Eckard Specht
1240,0.026503227221580257844429093688,0.054449543054854542880404802717,37.7312540710419525193992121804,0.871002105916803864357483915796,2986,22,90,C1,Eckard Specht
1241,0.026488976252985022886640270995,0.054419468515168407852635905329,37.7515533423950557268792047027,0.870767335897624738842060640021,3110,26,87,C1,Eckard Specht
1242,0.026478130488147955312112669866,0.054396580739218000606442315541,37.7670168385799130077949576808,0.870755511531058725605187094856,3114,23,90,C1,Eckard Specht
1243,0.026474754365159255923299105536,0.054389456223900869655917173935,37.7718329774571493692676403855,0.871234385038530211624687062832,3037,32,83,C1,Eckard Specht
1244,0.026465877601523509259247421535,0.054370724133058751860492101549,37.7845018047856067181523660578,0.871350690460216781272227233101,3069,29,87,C1,Eckard Specht
1245,0.026441362122746042901906480463,0.054318992393511614217258138389,37.8195342341972334238722474261,0.870436310478205459305636807638,2625,38,84,C1,Eckard Specht
1246,0.026424454020621439292387913633,0.054283315002616426306266172343,37.8437336574525908382267491485,0.870021705778768939326632182179,2763,22,90,C1,Eckard Specht
1247,0.026419356033171511085271141219,0.054272558101661812550617614104,37.8510361397311855407038836921,0.870384019389722474658928630305,3126,27,86,C1,Eckard Specht
1248,0.026400839082912767415643913655,0.054233487748786364645544435502,37.8775839987306724474448788006,0.869861371743754109047222866797,3088,28,88,C1,Eckard Specht
1249,0.026430294534746884623470563653,0.054295638794792360703443652697,37.8353710241608820642267355404,0.872502026022645326860484969191,2571,26,94,C1,Eckard Specht
1250,0.026369545934561943001629865460,0.054167463280251166479709902121,37.9225339139921838543009044011,0.869191190993715369929816160177,2760,42,89,C1,Eckard Specht
1251,0.026360074685166697336935464077,0.054147481013872725479481334758,37.9361595876933739128809582007,0.869261775296865263317536186886,3098,30,97,C1,Eckard Specht
1252,0.026347286653890701870576109212,0.054120501679380412603533264991,37.9545724436990582480486135953,0.869112751555903445973167141361,2858,38,93,C1,Eckard Specht
1253,0.026343564272802332141352887128,0.054112648581482514859152715994,37.9599354758695928253101544899,0.869561173379870135713810857049,3180,40,97,C1,Eckard Specht
1254,0.026323808906948810520187013264,0.054070971741432109028025328159,37.9884234661810526733037443487,0.868950415873425143221557627224,3147,25,89,C1,Eckard Specht
1255,0.026345865796488002756222825268,0.054117504093052455697394758045,37.9566193696053648997617442126,0.871101328931028311948425766659,2623,41,92,C1,Eckard Specht
1256,0.026307055039470733725451625176,0.054035628327443918522284517754,38.0126167105977513487672153425,0.869228797931276614627367896965,2691,35,92,C1,Eckard Specht
1257,0.026299644486236687389827165048,0.054019995653303302806771686566,38.0233276736241413929045645331,0.869430824228766819310271584939,3080,33,89,C1,Eckard Specht
1258,0.026288825195377934358637983842,0.053997172622883500094924703086,38.0389763547067384982145253377,0.869406731332647212263806368779,3165,30,89,C1,Eckard Specht
1259,0.026276955001576149918551466489,0.053972133321787991585063202454,38.0561598533779042033872199965,0.869312260470966021779398594106,3155,37,86,C1,Eckard Specht
1260,0.026270560720417744934581397095,0.053958645308812122844167218736,38.0654227613341312213435408318,0.869579374312096189231090294442,3160,28,91,C1,Eckard Specht
1261,0.026328627267059999151580236488,0.054081136622430930403520626160,37.9814712653519044536333499421,0.874120929961164627935726671007,2204,95,73,C1,Eckard Specht
1262,0.026250687512928858068317976412,0.053916726155896308103030269077,38.0942403701802085386735579529,0.869642426765616113828320654115,2610,19,93,C1,Eckard Specht
1263,0.026246124389874441791859043606,0.053907101265048915294942817308,38.1008633939795130314998642719,0.870028974452306455764611901257,2416,31,93,C1,Eckard Specht
1264,0.026232306730521193291352359631,0.053877956543094533683169985809,38.1209327213494207874999954919,0.869801270334842436800839195874,3131,22,89,C1,Eckard Specht
1265,0.026228190124591921422047160106,0.053869273804399327572436898447,38.1269159347135385932911515475,0.870216215872852606068764261480,3033,17,92,C1,Eckard Specht
1266,0.026214505162216345197175262477,0.053840410031129581503488813895,38.1468196256981522032694687153,0.869995555619232142098495314906,2437,24,91,C1,Eckard Specht
1267,0.026202988369009443762386102664,0.053816119901872880254034085534,38.1635859970350083454651937784,0.869917891523984788416956462475,2923,30,92,C1,Eckard Specht
1268,0.026188945940531655849336079007,0.053786503719298217562471792015,38.1840491889494971746601893329,0.869671607855681481174216910205,2645,23,89,C1,Eckard Specht
1269,0.026180217658885701204473519269,0.053768095768083643348545646745,38.1967794549864955301399918564,0.869777417969954365394881873473,3141,21,87,C1,Eckard Specht
1270,0.026174363407271492430714427532,0.053755749332810149789611490915,38.2053226831178742363111744024,0.870073570715409422035497364301,3088,31,95,C1,Eckard Specht
1271,0.026168485808356230242160792087,0.053743353808134085051905030645,38.2139038278124529911856621930,0.870367644517221751094745351160,3132,24,92,C1,Eckard Specht
1272,0.026163275933598773084081208771,0.053732366601148686092012902473,38.2215133356371495706217568452,0.870705633638743771691122319598,3050,32,92,C1,Eckard Specht
1273,0.026161932940159609000232281621,0.053729534355021286774595387646,38.2234753940891031619220342476,0.871300693865564897682768000446,3235,42,96,C1,Eckard Specht
1274,0.026149136199083687707073615593,0.053702547630392282155094431885,38.2421810183940906076840329249,0.871132310722783605989829496777,2539,31,92,C1,Eckard Specht
1275,0.026128238182661747775673193493,0.053658477855244402187900777718,38.2727680683645522679162375381,0.870423158925626671956612993101,2851,34,86,C1,Eckard Specht
1276,0.026122184724685471660021858261,0.053645712665301344029624789542,38.2816372573538892550726689478,0.870702250392794104297530535531,2816,25,86,C1,Eckard Specht
1277,0.026115210572655555476271169124,0.053631006164520964105453802460,38.2918604932509966037978488594,0.870919393095537425898080386022,2436,30,88,C1,Eckard Specht
1278,0.026108863834405237632388662295,0.053617622883808316892430250671,38.3011687656143499825839207235,0.871177800984650595357107295449,3127,19,90,C1,Eckard Specht
1279,0.026096699015419968186057771993,0.053591971582881330503829646922,38.3190226246285742962126895048,0.871047217662318145720714230483,3041,26,87,C1,Eckard Specht
1280,0.026085555423522634406700252704,0.053568474251075237054691574220,38.3353922799071620519264291884,0.870983938244699041911251808836,2885,32,88,C1,Eckard Specht
1281,0.026080240340256384806065941981,0.053557267077870944612666229230,38.3432049303794638588816774210,0.871309217279292218484421237589,2982,26,89,C1,Eckard Specht
1282,0.026074050857044566130688524080,0.053544216333879297412759518640,38.3523068771580860033261609553,0.871575556218746979110517885698,2407,28,86,C1,Eckard Specht
1283,0.026057124974081667643659805384,0.053508528358787452976046365179,38.3772193208066325532393390253,0.871123336536830233944069268949,2519,30,86,C1,Eckard Specht
1284,0.026038653959331394137676060545,0.053469583911483336055960426271,38.4044429317220142389969576895,0.870566766017724962888714567855,2471,35,92,C1,Eckard Specht
1285,0.026058070921145866533154023878,0.053510522841523754909910879702,38.3758261701755482485063204732,0.872544632268936109087147177719,3356,39,86,C1,Eckard Specht
1286,0.026024857584473140514003790340,0.053440496479057285177297131632,38.4248020091612913022614276169,0.870999071007652361813307072029,2920,37,87,C1,Eckard Specht
1287,0.026015128894662316550175289086,0.053419985600266572895561437957,38.4391714547751531340337810561,0.871024780719385789170081996937,3135,43,88,C1,Eckard Specht
1288,0.026001669383045246058265344555,0.053391609750655614224987258279,38.4590691185414446402059138263,0.870799812188288000258823603508,2566,19,86,C1,Eckard Specht
1289,0.025995685691818938362447731620,0.053378994959140890816672371063,38.4679216334235198862851366247,0.871074844543725600193205642870,3172,34,93,C1,Eckard Specht
1290,0.025983764416474065838221013361,0.053353863040912012010101896101,38.4855706036953666364531575960,0.870951257093562768012191532250,2631,27,86,C1,Eckard Specht
1291,0.025969462061707485123997117307,0.053323712245565592757774270470,38.5067660479005805713625355867,0.870667131068833519607451668918,2571,33,90,C1,Eckard Specht
1292,0.025963460014602979962619657991,0.053311059593292527054751138236,38.5156677668367958413079936531,0.870938822661415002061990885177,3237,34,88,C1,Eckard Specht
1293,0.025956040470515692354358581675,0.053295418993314958470326517391,38.5266774851862483238781351361,0.871114835720813689992849055423,3136,28,90,C1,Eckard Specht
1294,0.025950787922309388561925906737,0.053284346623422024445516288404,38.5344754461316149188000819039,0.871435751562550408603030083120,2930,24,95,C1,Eckard Specht
1295,0.025928424209285145682576166163,0.053237205260275501175061801406,38.5677120957429096114283775702,0.870606720659754021594727507144,2422,53,86,C1,Eckard Specht
1296,0.025926378185233635516921153274,0.053232892472605929201134294657,38.5707557320732842479169260242,0.871141503201671067533296621759,2451,39,85,C1,Eckard Specht
1297,0.025917237533301051260563985229,0.053213625231741201438959479879,38.5843591052132882442152079797,0.871199052160740741912451964156,2955,50,96,C1,Eckard Specht
1298,0.025907213785377848395273490758,0.053192496961310427612059803056,38.5992877614807284866285290296,0.871196476505411087845757359046,3263,36,91,C1,Eckard Specht
1299,0.025894168359865892056841564404,0.053165000185384429904120155006,38.6187339984213757921171961556,0.870989833608754741105490090261,2497,29,91,C1,Eckard Specht
1300,0.025903536959236205430429403182,0.053184746977470955831644970876,38.6047666607721091357493814360,0.872291195098070903837688357169,3114,30,86,C1,"Yuri Stoyan, Georgiy Yaskov"
1301,0.025881953371752544722027447754,0.053139254449373467474872479715,38.6369601102595217094921935324,0.871508038949182366905765054412,3090,24,92,C1,Eckard Specht
1302,0.025876133927032560724546888511,0.053126988934884160932876628269,38.6456494165579014648455075409,0.871785747726662643532788075230,2799,29,90,C1,Eckard Specht
1303,0.025873765078715797379140869929,0.053121996207825297968853498417,38.6491875827773183131907286497,0.872295590311190739588988958195,2507,27,90,C1,Eckard Specht
1304,0.025868044584382528353458749937,0.053109939450340316526487585335,38.6577345163436154245889710097,0.872579072727961339294209272372,3322,28,92,C1,Eckard Specht
1305,0.025859242028346064943867331117,0.053091387084942258204952794671,38.6708937138927867780735465950,0.872654019756156256720951032710,2583,33,95,C1,Eckard Specht
1306,0.025846990168782281732804628576,0.053065565487008135087472611786,38.6892242953606762318074448226,0.872495372425377069707078931194,2542,37,93,C1,Eckard Specht
1307,0.025838661513566676416778281736,0.053048012670493634105568956467,38.7016951119912548734308447539,0.872600812458162002619377891898,2748,20,98,C1,Eckard Specht
1308,0.025829359885042664563671993361,0.053028409646988872967779109863,38.7156323056647911365920201702,0.872639828348934982632706182908,3043,36,93,C1,Eckard Specht
1309,0.025814674054674178117868655661,0.052997460271995463025936667699,38.7376574223656831080106553678,0.872314192082730236690755296882,3224,30,90,C1,Eckard Specht
1310,0.025799262331649849903924161313,0.052964982131706749109435483853,38.7607981633345599953128066009,0.871938537283045773310903429623,2890,26,92,C1,Eckard Specht
1311,0.025795597650978179722273665047,0.052957259459676636064934500659,38.7663047598387233635753617906,0.872356257062378939488164473508,2770,32,91,C1,Eckard Specht
1312,0.025787237094508905887802888127,0.052939641270149403031522768027,38.7788732982541368437521011914,0.872455855222561947355061784987,2712,29,91,C1,Eckard Specht
1313,0.025771934755320757416750955756,0.052907395454365373252386604734,38.8018986348529580246041612529,0.872084911415685614845982712965,2573,40,90,C1,Eckard Specht
1314,0.025753980948799111341641475146,0.052869563632151987312700669365,38.8289485026830092406688392562,0.871533540610395353866107822163,3254,35,93,C1,Eckard Specht
1315,0.025748146657160217474400905068,0.052857270055609388692679064515,38.8377467829092579297801846753,0.871801679006399609441815896962,3321,26,91,C1,Eckard Specht
1316,0.025733866483168519725154266617,0.052827180578013881873719034444,38.8592985299764229639428636504,0.871497159572384058633647828692,3217,31,96,C1,Eckard Specht
1317,0.025728294435197401440213093524,0.052815440063061777093003249750,38.8677143958659557838842367886,0.871781742194724008926958317877,2510,37,91,C1,Eckard Specht
1318,0.025720093179911303433267238617,0.052798159953555926759615351964,38.8801079764769550532286429453,0.871887568615615686821717262779,3277,19,93,C1,Eckard Specht
1319,0.025713779900357566793819203955,0.052784858021963527204446318224,38.8896538694450889016578974695,0.872120790851759260129050431990,3036,30,90,C1,Eckard Specht
1320,0.025703978044390195277509336165,0.052764206083479835830354122420,38.9044839002360787306074732129,0.872116723244571034069088277544,2628,15,95,C1,Eckard Specht
1321,0.025697468492922633427571872983,0.052750491068052749171143399572,38.9143389853911501797674740793,0.872335410654016653474130501770,2575,31,89,C1,Eckard Specht
1322,0.025679894689146111123180525564,0.052713465624222171275935077811,38.9409696614784389073560119753,0.871802142426728998354496836748,3249,43,99,C1,Eckard Specht
1323,0.025680133600572858446467610397,0.052713968966830372468842334041,38.9406073797720641200993833869,0.872477833286347695568495668046,2694,42,86,C1,Eckard Specht
1324,0.025666828596016331629616359139,0.052685938135578886803276523873,38.9607931599000462174806091439,0.872232783394720962183557825463,3150,33,93,C1,Eckard Specht
1325,0.025647401701514242037450187583,0.052645011151614641682685585103,38.9903044229606791704663385337,0.871570708601457219837643353248,3319,32,90,C1,Eckard Specht
1326,0.025639255988417415117424804439,0.052627850918658586356591489299,39.0026918273974872258287550997,0.871674539570107322252899314314,2732,24,92,C1,Eckard Specht
1327,0.025627078517030182196173888999,0.052602197684283849838934884841,39.0212251207433350889303883271,0.871503472453025653827132802334,3187,34,91,C1,Eckard Specht
1328,0.025619228769960987876016119250,0.052585661635378498348407667922,39.0331812475369361911636577364,0.871626004315368539565788532722,3317,46,90,C1,Eckard Specht
1329,0.025611797162035083650524968821,0.052570006671753960807770828880,39.0445072508352304025127467795,0.871776360492204496986517409868,3260,37,91,C1,Eckard Specht
1330,0.025605698630571508431399025254,0.052557160062584258176760446804,39.0538065150101479694891463822,0.872016897138336657550128277123,3364,43,92,C1,Eckard Specht
1331,0.025594726105563845385963044975,0.052534046748882217934735898172,39.0705489824568783456101980154,0.871924795881464603334453851113,3341,41,87,C1,Eckard Specht
1332,0.025585930830428183350193796076,0.052515520126332673620556991861,39.0839796538004199182355709540,0.871980288803994630177805589823,3372,45,91,C1,Eckard Specht
1333,0.025572182113921437174547646969,0.052486560101286249104376548646,39.1049928999059606310572678009,0.871697351924062096493974889708,1910,79,88,C1,Eckard Specht
1334,0.025555856827078215165596367570,0.052452173900629937699621724913,39.1299734838250525249814646528,0.871237825433604372247874710537,3241,41,95,C1,Eckard Specht
1335,0.025548594237298383158009511694,0.052436876967305594341988265464,39.1410967942846880609200760656,0.871395441115325063762876779589,2525,41,93,C1,Eckard Specht
1336,0.025529448098767110051402187289,0.052396551232786022706540325119,39.1704511641320148837177507530,0.870741634224131863080294726388,2701,14,96,C1,Eckard Specht
1337,0.025531125422467226483522997064,0.052400083960682449817003388038,39.1678777747888238077774958923,0.871507894456574843800391187935,2516,26,93,C1,Eckard Specht
1338,0.025523783652090580574992154586,0.052384621038258421750710814648,39.1791441907984062625409432479,0.871658205707255889886951304898,2505,38,92,C1,Eckard Specht
1339,0.025522569534053808361544413485,0.052382063937284205259991672964,39.1810079571234966611010568821,0.872226682975998975855984605927,2612,47,87,C1,Eckard Specht
1340,0.025496811373762241597813001533,0.052327815180790182817466603696,39.2205905805562957587601403840,0.871117102907143551517085731223,3297,23,98,C1,Eckard Specht
1341,0.025493873510492240780304159631,0.052321627986741500161787553274,39.2251102833957616629982469128,0.871566303588999455730765694024,3397,32,93,C1,Eckard Specht
1342,0.025492268019589156553606520481,0.052318246809152237115926494194,39.2275806621664569503817212172,0.872106388026206333702769766466,2474,30,97,C1,Eckard Specht
1343,0.025485940708770124741649799657,0.052304921546860406767933195561,39.2373195648173117223244557159,0.872323052428100811428616866948,2546,38,93,C1,Eckard Specht
1344,0.025469545621428712883687996080,0.052270394438663027422079939419,39.2625771524818058444599487680,0.871849781593779771336943281304,3108,34,91,C1,Eckard Specht
1345,0.025512989856558233134575957679,0.052361888031330027204291246656,39.1957197342335528779821453837,0.875477516161034229536584565720,2949,45,78,C1,Eckard Specht
1346,0.025438537800390547521807446575,0.052205096932470806267479337183,39.3104355229351038732008519778,0.871022450497875725296762387228,2805,30,98,C1,Eckard Specht
1347,0.025432471170062022367116938210,0.052192322066375737598453927190,39.3198125857763939873105051879,0.871253864482200401787634656469,3035,36,95,C1,Eckard Specht
1348,0.025420805413959846294562425725,0.052167757233433501886944170870,39.3378566774619016290139138028,0.871100984961664993181975438680,2550,38,93,C1,Eckard Specht
1349,0.025416234100647942740606801280,0.052158131481276381236169850979,39.3449319061200627276155199063,0.871433705453709167984185735280,2506,37,92,C1,Eckard Specht
1350,0.025404739860945158121681645351,0.052133928616316932470126935819,39.3627333117197285451298240508,0.871291089993099346222504737083,3235,37,91,C1,Eckard Specht
1351,0.025390345358607203687063233290,0.052103619613638180821990396366,39.3850491545600367228445032884,0.870948680167046946949099896639,2817,34,82,C1,Eckard Specht
1352,0.025391125049759499670689732307,0.052105261305066333480833647536,39.3838397487421230446452899895,0.871646880707492927456909261948,2896,27,92,C1,Eckard Specht
1353,0.025390629647686608223150731056,0.052104218202843876419304778845,39.3846081753672472902744686461,0.872257551994793882535087823618,3131,37,91,C1,Eckard Specht
1354,0.025355831944311888796495888712,0.052030951962487167064319428205,39.4386586169313792099864952989,0.870511261198405494464297698906,3083,36,96,C1,Eckard Specht
1355,0.025384225691688378074131429277,0.052090734340317148772609685887,39.3945441608420837909132181167,0.873106328424705488546459917370,2527,25,90,C1,Eckard Specht
1356,0.025377248596015331123834684690,0.052076043904081548466436669250,39.4053751026822258314196236850,0.873270435988172600409969931299,2520,39,94,C1,Eckard Specht
1357,0.025370824096175315926836744285,0.052062517157148762484008204167,39.4153534867143426657053739619,0.873472016687978039256433801135,3453,55,71,C1,Eckard Specht
1358,0.025367159162777009845648565000,0.052054800741141190935973338348,39.4210480402302707618796471501,0.873863173497960462434494159930,3084,40,95,C1,Eckard Specht
1359,0.025351380893396312508344572122,0.052021580693633479293528969142,39.4455830317506019274802912434,0.873419125441599018351334531886,3294,28,94,C1,Eckard Specht
1360,0.025336791717226630928496034434,0.051990865156112089290905078882,39.4682961900063388119575773017,0.873056099750088652719971268851,3097,32,92,C1,Eckard Specht
1361,0.025327137949266375729850140016,0.051970540958691530247597670407,39.4833400443087149735797416226,0.873032390630291003982579676162,3372,28,89,C1,Eckard Specht
1362,0.025320924252847364953309749856,0.051957459399520377726316146656,39.4930291649029727994946889637,0.873245217235106954227243660418,3317,40,90,C1,Eckard Specht
1363,0.025305596580270588884878318120,0.051925191098841928907433723416,39.5169502061708419327816617135,0.872828696520277638466813136902,2455,55,102,C1,Eckard Specht
1364,0.025269250225139404215620441322,0.051848677659909661030967467868,39.5737899261110050152357606335,0.870961749467125480991439145866,3160,29,95,C1,Eckard Specht
1365,0.025258441918485620778931767503,0.051825925978162391404057273463,39.5907238944988483918678158180,0.870854832324083289230565876043,3446,40,94,C1,Eckard Specht
1366,0.025254999092771748591981454938,0.051818678873481913484347476792,39.5961210026814341636505843618,0.871255261554281919510617981488,3045,21,93,C1,Eckard Specht
1367,0.025273876331974900521764529889,0.051858415852990407270075226692,39.5665463763808805072547781066,0.873196983561694758092418854974,2558,34,95,C1,Eckard Specht
1368,0.025260978767300259083437100549,0.051831266045662283983469606064,39.5867479725083496143187722298,0.872944122049768499189921649500,3395,30,92,C1,Eckard Specht
1369,0.025292106020455522509069654053,0.051896791185701242508236942106,39.5380281575298227462520886583,0.875736468294498645507944215464,3519,21,84,C1,Eckard Specht
1370,0.025225920613831807040722310987,0.051757471084411678329656627563,39.6417643307607479357216765448,0.871795487017021954750869508931,3365,44,96,C1,Eckard Specht
1371,0.025219870175632660610315296201,0.051744735872235502845599999780,39.6512746907871106975017237140,0.872013378647474867296484950404,3317,29,97,C1,Eckard Specht
1372,0.025211478519612023852683988817,0.051727073029797181803866662181,39.6644726417809814860822178122,0.872068786626745842505925078945,3449,42,97,C1,Eckard Specht
1373,0.025195444271553692303319125523,0.051693324828023165118570476478,39.6897149033020164892615035703,0.871594695732248746266413995568,3284,38,93,C1,Eckard Specht
1374,0.025183680187510580493811365727,0.051668564991515082146412920365,39.7082552094960710774192837940,0.871415185459080988767163869237,3454,15,97,C1,Eckard Specht
1375,0.025183979985598211817177752066,0.051669195968334922130683502016,39.7077825098281952620721444146,0.872070165883140549994003268770,2985,39,94,C1,Eckard Specht
1376,0.025172648211387806707614910681,0.051645346563575710944925094499,39.7256574517897521646568913668,0.871919211932617183978557028682,2956,30,94,C1,Eckard Specht
1377,0.025163639216671614082531954597,0.051626386189475754064518072691,39.7398798873841768813533763743,0.871928433089122332139146114443,2656,39,95,C1,Eckard Specht
1378,0.025165175287395025142137529949,0.051629618986609496568827111142,39.7374541833964339957200251057,0.872668173104047220464188343349,3527,22,96,C1,Eckard Specht
1379,0.025160008942496271579848394389,0.051618745995848535935332515948,39.7456138543321262314226392114,0.872942922931372956355665488278,3411,22,97,C1,Eckard Specht
1380,0.025151734281605666043283609899,0.051601331542751658773924618176,39.7586897509224489923124194901,0.873001437574046811825681669732,2592,49,91,C1,Eckard Specht
1381,0.025158576573512336988186347088,0.051615731479858546473442707598,39.7478767162379275421656594065,0.874109439758496876739175720909,3468,36,91,C1,Eckard Specht
1382,0.025122241732996279392007929935,0.051539265348826825094594614092,39.8053649283443944225532488085,0.872217555033100066308441913117,2744,37,97,C1,Eckard Specht
1383,0.025110169896659780732630935128,0.051513861610389460839011232368,39.8245015511831549731820486588,0.872010034386701664678570420055,2896,28,92,C1,Eckard Specht
1384,0.025096766735103737678773745060,0.051485656993989184213411110900,39.8457701964159604438731592046,0.871709217569793976893270926349,3158,35,94,C1,Eckard Specht
1385,0.025085335258291791625468860944,0.051461602057115114425103964056,39.8639280561122504904946515463,0.871544552353942771669763842748,2719,28,94,C1,Eckard Specht
1386,0.025077174820830866710507366289,0.051444430621925873336602658114,39.8769002945790211238401735948,0.871606470034395866098546841879,3357,41,89,C1,Eckard Specht
1387,0.025065948083755289128866553298,0.051420807457669293567345800093,39.8947606792530960561403994094,0.871454531879133930638552124452,2733,52,88,C1,Eckard Specht
1388,0.025057677799487000627536095655,0.051403405573634488528792692567,39.9079279413702391045293768867,0.871507456783630327309000962453,2929,31,93,C1,Eckard Specht
1389,0.025054958352849769596978882606,0.051397683525873246077680527651,39.9122595183343921335203348333,0.871946052969557614641799610900,2667,32,92,C1,Eckard Specht
1390,0.025041961482047648967077486267,0.051370336963659056606982219657,39.9329741289192050451387647396,0.871668770467017736093391118135,2929,24,97,C1,Eckard Specht
1391,0.025030894507568693859554029309,0.051347051648218629460586671438,39.9506297986125071781963401427,0.871525040670004353638285535329,3279,38,92,C1,Eckard Specht
1392,0.025019597087406529186990888739,0.051323282011955524731846258980,39.9686692198310527252558358841,0.871364491875296499664205777718,2682,41,94,C1,Eckard Specht
1393,0.025030540325890803851362579078,0.051346306445860259853847071422,39.9511950992776390071405973291,0.872753432965421672737555397625,3487,40,94,C1,Eckard Specht
1394,0.025008689814694483630853188871,0.051300333763880144145778069395,39.9861011276338391593127087122,0.871855785349159426772779507885,3193,46,90,C1,Eckard Specht
1395,0.024994084525996474068634070049,0.051269605915868699278644641874,40.0094669984769767692120378817,0.871462444503255663802825748677,3503,34,95,C1,Eckard Specht
1396,0.024991752238217461478687202735,0.051264699135803689579633392007,40.0132007739256089768496132536,0.871924401191280703630563865708,3473,40,92,C1,Eckard Specht
1397,0.024976673981070537505958141045,0.051232977334094325338235494575,40.0373564854105729990775802128,0.871496437689890304197883589777,3300,30,93,C1,Eckard Specht
1398,0.024980880641167335650638255061,0.051241827252771470937725055665,40.0306143872304590103046598690,0.872414067856332038687634142784,2641,23,93,C1,Eckard Specht
1399,0.024969853706503196242585135038,0.051218629088391169143288115816,40.0482923029524236248724442524,0.872267538179715799178919902028,3512,37,91,C1,Eckard Specht
1400,0.024960022876107310073436153634,0.051197947697965586787270593672,40.0640658449571495557801889283,0.872203838766120329212232698613,2787,28,95,C1,Eckard Specht
1401,0.024955290644800519883506809765,0.051187992520473326762634175742,40.0716631288103957896824957473,0.872495910164222154784549919671,3503,32,96,C1,Eckard Specht
1402,0.024945673583924065849212893190,0.051167761442820835767154455795,40.0871115640845138693500338474,0.872445856039073101064004901463,3498,32,95,C1,Eckard Specht
1403,0.024934533617795136549954786915,0.051144327181045567368533608731,40.1050212259164001746550627972,0.872288546331949016525632249599,3469,38,94,C1,Eckard Specht
1404,0.024926745397077517285365311160,0.051127944037862869752478552278,40.1175518131317236355829663567,0.872365061071378173613403353369,2960,28,96,C1,Eckard Specht
1405,0.024919422562986738396753308860,0.051112540111273920832751884478,40.1293407771541941004139905286,0.872473557326133027100025557699,2905,33,97,C1,Eckard Specht
1406,0.024904066112355595510954985870,0.051080237845038887798121549734,40.1540855010769651561594098434,0.872018787553581152749478714196,3553,32,93,C1,Eckard Specht
1407,0.024892240398409670018179738520,0.051055363170487219207210100487,40.1731617562189614561745163260,0.871810450297471299432606127768,3357,27,96,C1,Eckard Specht
1408,0.024890250507580807126887924857,0.051051177614698460549925387753,40.1763734637958208461238964898,0.872290595024818290560194710539,3173,31,93,C1,Eckard Specht
1409,0.024881054299176994952925817042,0.051031834442094350181124099876,40.1912229271199966521154762415,0.872265210021378979068981639345,2674,31,95,C1,Eckard Specht
1410,0.024873704479128712531330050641,0.051016375198542318080972928290,40.2030988524081900739781756035,0.872368656066189164688907897211,3390,18,90,C1,Eckard Specht
1411,0.024874449669820461682944634964,0.051017942584722390503848035532,40.2018944448557836363608214863,0.873039665637144529359649513709,2664,38,91,C1,Eckard Specht
1412,0.024870665920506971928676854128,0.051009984114536960241028985320,40.2080106417840406300096073017,0.873392632941207270337449774172,2811,47,90,C1,Eckard Specht
1413,0.024849448410400254989879855610,0.050965357851447645837608365945,40.2423419419430405712287558714,0.872520556943516132235515569909,2860,20,94,C1,Eckard Specht
1414,0.024844057672055259698683542574,0.050954019954482743187844047731,40.2510738463147992722774107383,0.872759263079944643150616761219,2766,33,96,C1,Eckard Specht
1415,0.024839465628818730551701141300,0.050944361986175158468974840083,40.2585150157095450294491111019,0.873053659606252936849442855183,3522,40,91,C1,Eckard Specht
1416,0.024830948060373338029530008193,0.050926448108631400379352624357,40.2723245833636852968172208227,0.873071589912973148265070663070,2675,28,91,C1,Eckard Specht
1417,0.024823738261354998230841251600,0.050911284934472610496810316311,40.2840212651120348404205996766,0.873180879457124519830722904614,2763,31,87,C1,Eckard Specht
1418,0.024815728955720584130552856575,0.050894440553571635859979184384,40.2970229802367941253135591558,0.873233332310172848753824213860,3548,27,88,C1,Eckard Specht
1419,0.024810635482007699421304224849,0.050883728606435066902287457499,40.3052957158306160852850198359,0.873490471256883327473225449603,2898,28,83,C1,Eckard Specht
1420,0.024802826347085328246722738084,0.050867305642772455336805073212,40.3179857813871157593313272317,0.873555876621211581448911185438,3634,26,92,C1,Eckard Specht
1421,0.024786821696793459834026236632,0.050833647961813970837805634313,40.3440187787111373246670441970,0.873043258886484667021095393768,2482,54,92,C1,Eckard Specht
1422,0.024783857063887451701109608307,0.050827413478349421996708675102,40.3488447105797589276464821135,0.873448669909676000107631907591,3309,35,92,C1,Eckard Specht
1423,0.024776560453327854368307365043,0.050812069211226337061949513332,40.3607273044909418543479660610,0.873548319858014106070275904125,3458,30,91,C1,Eckard Specht
1424,0.024758350462967277255061188030,0.050773775863080859269506861094,40.3904129839250383658342940839,0.872877706729487476600008708949,3087,31,96,C1,Eckard Specht
1425,0.024748339105197561677352897029,0.050752723830258809628557098504,40.4067519743166689691910747402,0.872784411063837458108734587776,3097,33,90,C1,Eckard Specht
1426,0.024746447913072361585797422969,0.050748747051713639324340193339,40.4098399702750050153402318386,0.873263411832339305435267465872,3620,37,92,C1,Eckard Specht
1427,0.024739253024079995873396475583,0.050733617857155135820754734612,40.4215923183552964908798897024,0.873367723550346892198141604192,2880,39,91,C1,Eckard Specht
1428,0.024729928583035831887218512722,0.050714011037180426662202648669,40.4368333148352574823603980128,0.873321057107091152659502881879,3539,39,91,C1,Eckard Specht
1429,0.024724555447667957544761699262,0.050702712932584799189763267711,40.4456210392377714274325577465,0.873552904539189598136864654754,2918,34,91,C1,Eckard Specht
1430,0.024712399658490072679772553259,0.050677153384984484976783296252,40.4655158470798213007130734504,0.873304856539744572961521716492,2766,29,94,C1,Eckard Specht
1431,0.024702436575604258212340922592,0.050656204838389654415804033937,40.4818365564627916794930333219,0.873211043436375725297913181882,2556,53,92,C1,Eckard Specht
1432,0.024700874425530198395416649114,0.050652920274035746448880701320,40.4843967372436547986904876339,0.873710738656482509909940838172,3520,42,93,C1,Eckard Specht
1433,0.024691992491724633807160697895,0.050634245390454513100895769323,40.4989593421893238864999230821,0.873692208771915693958867226202,2679,32,94,C1,Eckard Specht
1434,0.024681936236139119701593043962,0.050613101824216774388917429162,40.5154599879326704414298647476,0.873589898107176738252050736782,2966,30,95,C1,Eckard Specht
1435,0.024672025302325649105824024913,0.050592264227781057273626667815,40.5317353458508899119613764629,0.873497174664186748326083910213,3461,35,89,C1,Eckard Specht
1436,0.024666391325060491316518410303,0.050580419060041514988631246666,40.5409930792763672314629027612,0.873706716397463945414446924112,3410,34,93,C1,Eckard Specht
1437,0.024652760320486128405110055583,0.050551761090925314974296587997,40.5634090057255290215801596326,0.873349095869584849827859603541,2588,37,97,C1,Eckard Specht
1438,0.024645903419623051977891713549,0.050537345372377862744345870371,40.5746944217837298824381865713,0.873470758621178861625539632908,3571,37,92,C1,Eckard Specht
1439,0.024636912482689057419783906082,0.050518443435049097002065687214,40.5895016553978722989814027571,0.873440560162059368929538488686,3463,36,96,C1,Eckard Specht
1440,0.024629975568886146016372441683,0.050503859975093286563656936916,40.6009334927336069424237306765,0.873555402994456942210540014768,3438,30,101,C1,Eckard Specht
1441,0.024628927167987903965922187862,0.050501655942034970787323103253,40.6026617878742322317884572269,0.874087621015761905452206208843,3206,36,98,C1,Eckard Specht
1442,0.024618837925540699408509244554,0.050480445763748162415200631645,40.6193014887414580398387677724,0.873977714719427248656277984646,3612,28,102,C1,Eckard Specht
1443,0.024612466643838879011540364369,0.050467051919663357270315483557,40.6298163638273620314458614205,0.874131181126359536430520851898,3566,48,100,C1,Eckard Specht
1444,0.024598156519950399276460950826,0.050436969510307303651253781458,40.6534530012014266459029882164,0.873720075235888719606692516197,2661,34,99,C1,Eckard Specht
1445,0.024590513448005284684881469751,0.050420902783980611699308709002,40.6660886570921629068412023057,0.873781893114784050878607628319,3133,46,95,C1,Eckard Specht
1446,0.024577738134066529638563232925,0.050394047982974182318429648237,40.6872265684175139857995044465,0.873478296243637749744899085661,3496,31,103,C1,Eckard Specht
1447,0.024565582493194086350044035849,0.050368496440761860919915850881,40.7073595864071521309455702095,0.873217969153699714774539782397,3522,32,101,C1,Eckard Specht
1448,0.024555352023902445421605806929,0.050346992163729937319362055629,40.7243194488349903125877310621,0.873093773249730847849453154800,3340,63,98,C1,Eckard Specht
1449,0.024544613517496871289569815035,0.050324420486322531048026567838,40.7421367334686316210456918353,0.872932738396047408266113421028,3280,41,103,C1,Eckard Specht
1450,0.024537115896243564997753225985,0.050308661244016417804669245811,40.7545860005939798880237424988,0.873001581933248539559717687938,3385,41,100,C1,Eckard Specht
1451,0.024530918978634982946997854842,0.050295636132208068182060086692,40.7648812859780093782270524506,0.873162445593649646650446011976,3260,28,103,C1,Eckard Specht
1452,0.024525172805125340202881336094,0.050283558573522973171873448392,40.7744323738676027801341363958,0.873354914828068864124590852442,2851,37,104,C1,Eckard Specht
1453,0.024514491894366433850328982946,0.050261109346407232819453027946,40.7921977053012281345008311994,0.873195334555005373247398041004,3597,43,100,C1,Eckard Specht
1454,0.024509611351743052767458175416,0.050250851544946890769930806780,40.8003205619530514640864362333,0.873448404684017243376092364945,3067,57,100,C1,Eckard Specht
1455,0.024488072750042361420457592228,0.050205583480821402351281537628,40.8362066793627162953835303282,0.872513603701539365616242884209,3629,41,95,C1,Eckard Specht
1456,0.024481622184704528684317493711,0.050192026601347895862755008536,40.8469664491748264809020406891,0.872653344900962264626895031061,3436,33,97,C1,Eckard Specht
1457,0.024466269426541890741341228643,0.050159761082089144915247123543,40.8725982112812002291381394112,0.872157780873165735098856564992,3626,38,105,C1,Eckard Specht
1458,0.024456710267229327002806089921,0.050139671964590566555843135574,40.8885736909573679559032903825,0.872074527204802153190144433922,3017,26,96,C1,Eckard Specht
1459,0.024451334274834118827480153744,0.050128374183482533922025715365,40.8975636568521836141231884334,0.872289044068909827951215391800,3669,34,101,C1,Eckard Specht
1460,0.024441949345811073401801413233,0.050108651821223372258979196428,40.9132670169526667653664038110,0.872216976221863764183028810551,2686,30,102,C1,Eckard Specht
1461,0.024445236160915891628668571094,0.050115558996845996764343368849,40.9077659719583138442770661995,0.873049143176869833003674231842,3464,36,98,C1,Eckard Specht
1462,0.024439457562275975433417291303,0.050103415419419948439155615424,40.9174384272575039648792136380,0.873233719641777587627628801762,3444,22,99,C1,Eckard Specht
1463,0.024429988962265586637384324251,0.050083517709362327984546552275,40.9332972497283547166586574202,0.873154039698860111422074631956,3599,21,101,C1,Eckard Specht
1464,0.024417576421496393713606197203,0.050057434064732407852454020830,40.9541054664063393574792938809,0.872863208070638749416379064381,3188,15,101,C1,Eckard Specht
1465,0.024419875342560779484558044451,0.050062264954681121117298414269,40.9502499898975913420181685935,0.873623906708194642616987990058,2908,24,107,C1,Eckard Specht
1466,0.024414096838304110184875450173,0.050050122206937343706312699002,40.9599423899665153096538845888,0.873806550414513038400551500583,3669,37,97,C1,Eckard Specht
1467,0.024406335903548990591397636890,0.050033813875068554493997592394,40.9729671816320173226307116115,0.873846763691480255199595519677,3232,32,103,C1,Eckard Specht
1468,0.024398932671698520444427772086,0.050018257439007057755542635234,40.9853993801928656754519040686,0.873912019980537771214488653859,3415,31,103,C1,Eckard Specht
1469,0.024394708562566450232097623210,0.050009381410024681008327171098,40.9924962798897564861179050076,0.874204552797400187327735956258,2814,50,85,C1,Eckard Specht
1470,0.024394787095267083464935816033,0.050009546428385505729670816011,40.9923643151619650281188585595,0.874805287012411858502145002440,2787,31,99,C1,Eckard Specht
1471,0.024371734601459893121593042889,0.049961108069176615023072130225,41.0311377648146112753915598885,0.873746709248960198067806428139,3483,37,99,C1,Eckard Specht
1472,0.024375314706378544831950847420,0.049968630506807264375171454848,41.0251113491601192752439279783,0.874597583475511411254486921099,3501,45,97,C1,Eckard Specht
1473,0.024366076107048284657973357047,0.049949218677889625633211173942,41.0406663595183346302199086671,0.874528444330633265276165399455,2739,37,96,C1,Eckard Specht
1474,0.024361642153241256879084529864,0.049939902336368951127906522762,41.0481359881132827022882185659,0.874803682785404840503301755186,3530,28,99,C1,Eckard Specht
1475,0.024357968040577595345382012405,0.049932182588850701125355101329,41.0543276160849750199919019546,0.875133145422054320800952152443,3202,31,96,C1,Eckard Specht
1476,0.024349027194161609952163337645,0.049913397050457802837475490535,41.0694025689773426032114651011,0.875083684945783887321150777098,3552,28,99,C1,Eckard Specht
1477,0.024348115076448578015301793205,0.049911480626835275115738055472,41.0709410917512487428858643299,0.875610955385126217562536394193,3499,32,90,C1,Eckard Specht
1478,0.024337392630914560574546456171,0.049888952281447673923019696614,41.0890359195565801948378378507,0.875432229145373058868789852858,2853,16,97,C1,Eckard Specht
1479,0.024328134920946395212379021832,0.049869501810375998223219269126,41.1046717411537084429224654679,0.875358201974290000032716625110,3492,32,97,C1,Eckard Specht
1480,0.024326139546252955867087318325,0.049865309571663296289663615439,41.1080433908812980069960055753,0.875806376531182509028141481307,3594,16,97,C1,Eckard Specht
1481,0.024311234826363130166999404739,0.049833995622644318675547521000,41.1332458899043204672293787966,0.875324521536988444520964232346,3177,12,96,C1,Eckard Specht
1482,0.024307086992198977146054641287,0.049825281434640559014630653757,41.1402649902448675732418426758,0.875616696464659159573868319269,2860,24,94,C1,Eckard Specht
1483,0.024305697161163892622478409902,0.049822361554116147148050623696,41.1426174435275655795271469263,0.876107334188982184578267832271,2802,15,96,C1,Eckard Specht
1484,0.024284948358261242421434462870,0.049778771614518753378521467593,41.1777692605148351392312033408,0.875201935676908473769011134973,3713,28,96,C1,Eckard Specht
1485,0.024275894327619490414648611401,0.049759751115077242062910119248,41.1931270792469557541835464052,0.875138782427536003662654232582,3335,37,96,C1,Eckard Specht
1486,0.024265281070535687773651743103,0.049737455477977760856487499926,41.2111443132739155966917304999,0.874962544032096994499076866303,2903,52,90,C1,Eckard Specht
1487,0.024260056393235044749660126148,0.049726479995395457629797170772,41.2200195989178157065130144760,0.875174349933778572931722370727,3649,30,93,C1,Eckard Specht
1488,0.024253034257853859710347412724,0.049711728776747311514215937729,41.2319542935610217676130595152,0.875255990020397784455843090611,3036,27,98,C1,Eckard Specht
1489,0.024246135500305095840503969198,0.049697236941484185227414311123,41.2436860293640082538262386541,0.875346004095041854826209873919,2963,35,93,C1,Eckard Specht
1490,0.024235439045551824403484724429,0.049674767900662078986556130318,41.2618891747925700769770099161,0.875161193538680308866412343149,3739,34,95,C1,Eckard Specht
1491,0.024230515962924596748024786990,0.049664426607553003627541624424,41.2702726400920228215681185937,0.875392794609849653669856602108,2929,29,99,C1,Eckard Specht
1492,0.024218701225898079331305105768,0.049639609318859933455741525735,41.2904057353272848770568524972,0.875125869691421158897362186775,3600,32,99,C1,Eckard Specht
1493,0.024214425178449012167444946741,0.049630627472387630633490273949,41.2976972457725806704751852185,0.875403211376999273800878315677,3717,32,100,C1,Eckard Specht
1494,0.024200999105218634328521574699,0.049602426489526984288900764359,41.3206081142477649205647664508,0.875018406390044950267773655544,3747,32,98,C1,Eckard Specht
1495,0.024203077884634348689342139872,0.049606792839981695918146083735,41.3170591263875378312072024547,0.875754523739066066891267370208,3036,60,87,C1,Eckard Specht
1496,0.024188219060848063555323690039,0.049575583187914704369876684897,41.3424401972047868157764845109,0.875264632238018072249167697712,3826,37,97,C1,Eckard Specht
1497,0.024171508773681259195695167321,0.049540485835384958050269216161,41.3710211209005364899026082374,0.874639969085036685898153165012,3408,31,101,C1,Eckard Specht
1498,0.024168598470583652671925545661,0.049534373320441036261916698637,41.3760028831266683443586556994,0.875013485744383115621548914160,3679,36,97,C1,Eckard Specht
1499,0.024160887158858823967630839147,0.049518177414542767322297769958,41.3892086588112012406816556670,0.875038953986360713143744248912,3760,25,95,C1,Eckard Specht
1500,0.024147191418789303595949528078,0.049489413170612950573565717156,41.4126836805494701799204483237,0.874630280123477671141861452128,3220,44,92,C1,"Yuri Stoyan, Georgiy Yaskov"
1501,0.024133032205140847602856492974,0.049459676373048314039299557585,41.4369811261006312712032857156,0.874187268364962347566224627302,3821,30,92,C1,Eckard Specht
1502,0.024125180456354074105214454854,0.049443186714533476644423589821,41.4504671502517470302089689067,0.874200546741576154096079047057,3023,53,88,C1,Eckard Specht
1503,0.024124742894911522299383918887,0.049442267788358560609374104062,41.4512189562411296545749955818,0.874750839277612718131999723639,3796,54,91,C1,Eckard Specht
1504,0.024122617342769375913073285519,0.049437803911564284116036690670,41.4548714092894480926821101014,0.875178603868379511142348191806,3704,35,101,C1,Eckard Specht
1505,0.024111073088279226792137214997,0.049413560136563209991393830398,41.4747197828418422585409228134,0.874922487429855870250815346539,3779,28,94,C1,Eckard Specht
1506,0.024105555527985660740530710381,0.049401973060780005638256553821,41.4842129997392878542617480512,0.875103177813076871012817819161,3659,30,97,C1,Eckard Specht
1507,0.024102319328816407241054189745,0.049395176986668911977772034885,41.4897830518913387407373292413,0.875449148121553140367189218317,3863,42,94,C1,Eckard Specht
1508,0.024078027911869883712100557288,0.049344166030715271501013771862,41.5316405338588488175285134866,0.874265153612176070320642124658,3784,26,98,C1,Eckard Specht
1509,0.024064913933235972209512606922,0.049316628281544708884360190297,41.5542728627382848000767826074,0.873892204664608738943912226972,3784,35,93,C1,Eckard Specht
1510,0.024046725098115856888406546787,0.049278435180277159959984545234,41.5857043285429922576603301952,0.873149931795976151315650387884,3662,25,97,C1,Eckard Specht
1511,0.024032258840657524521019018630,0.049248059801873862632792247521,41.6107369111808351404735212406,0.872677241591370596039202565981,3778,31,105,C1,Eckard Specht
1512,0.024031258490249460076765477284,0.049245959359466581298022535963,41.6124690434229252168485442475,0.873182093553282380024457849684,3769,36,114,C1,Eckard Specht
1513,0.024017211918645580832553348330,0.049216466134326115440956205798,41.6368062782365493027846283997,0.872738446606183720530246948270,3589,31,110,C1,Eckard Specht
1514,0.024011916572111783169248548536,0.049205347851741318636242669778,41.6459884406491881520108679759,0.872930216123609522002800825582,3818,43,107,C1,Eckard Specht
1515,0.024009290311590760151393601579,0.049199833714105469189442888289,41.6505438945539567049649082239,0.873315722218362600129150984655,3201,34,99,C1,Eckard Specht
1516,0.024003489261091211548544580833,0.049187653842980681753875053222,41.6606098022991954572325186766,0.873469925008298813330986699887,3243,35,102,C1,Eckard Specht
1517,0.024001156063852000860815216928,0.049182755108718570411718229476,41.6646597080419006674734947671,0.873876181972892961244075323615,3820,31,107,C1,Eckard Specht
1518,0.023991501946531803183549555151,0.049162485766015304614874224673,41.6814254575903859606893641362,0.873748907457366859134040408694,3698,38,100,C1,Eckard Specht
1519,0.023987214181696786883132538902,0.049153483499881735957408514202,41.6888760997948808852187623757,0.874012008737666493365091415045,3861,45,103,C1,Eckard Specht
1520,0.023972534723753336553635080230,0.049122664221274450526396781079,41.7144040679663181815843513884,0.873517280043970379366913846826,3795,32,101,C1,Eckard Specht
1521,0.023962567729185411699295512976,0.049101739209806613348860465730,41.7317547644128953787607919539,0.873365275959388907431055365867,3916,42,103,C1,Eckard Specht
1522,0.023956232896515155313322655106,0.049088439891600066996331508563,41.7427900421466991200216168443,0.873477465969138010194261100503,3817,30,108,C1,Eckard Specht
1523,0.023949669503408152259922864892,0.049074660916764638538641578258,41.7542296296696381520547987809,0.873572497378134740990800750897,3740,27,105,C1,Eckard Specht
1524,0.023941058127888183450121758021,0.049056582755071080692030713305,41.7692482369913108641222296504,0.873517578767171377447338091535,2802,28,98,C1,Eckard Specht
1525,0.023932755316024791184101196982,0.049039152673899194672613611598,41.7837389299853957373635140482,0.873484584950487176376818900365,2807,47,83,C1,Eckard Specht
1526,0.023923225656869565911466133362,0.049019147439440220184347200329,41.8003832068042844563611709733,0.873361427615820469181382776305,2819,33,93,C1,Eckard Specht
1527,0.023920816401548364858473645320,0.049014089847426002837703704246,41.8045932552398686894650557583,0.873757733322425696603928086043,2766,44,92,C1,Eckard Specht
1528,0.023916197894254190999126753544,0.049004394587142603405315088487,41.8126662281987386450123465860,0.873992349183772500360001170666,3691,35,101,C1,Eckard Specht
1529,0.023911161119969292826124008323,0.048993821397251259583479033224,41.8214738708299172411708385056,0.874196004314745552868774221946,3659,33,92,C1,Eckard Specht
1530,0.023900205091457435426264327824,0.048970822893568599433102260463,41.8406451397953238867168200477,0.873966299223003716511285863661,3770,41,96,C1,Eckard Specht
1531,0.023895731216960698399566777819,0.048961431644495864000125613250,41.8484787479623378704197535518,0.874210140672035160816429027950,3832,40,92,C1,Eckard Specht
1532,0.023885014679313612655346180021,0.048938936577162755614568193312,41.8672549892164083015749960133,0.873996694985932994472447384915,3773,33,96,C1,Eckard Specht
1533,0.023882149761535410402745922554,0.048932922916430686545104294898,41.8722774115837748467243160226,0.874357399397278183326709180166,3987,27,96,C1,Eckard Specht
1534,0.023875435386946139071821494769,0.048918829117696910126065733130,41.8840529520457918997561042631,0.874435860481512058062299739461,3108,33,96,C1,Eckard Specht
1535,0.023868581938212305394215067464,0.048904443595527132149621957618,41.8960792303733061589530067940,0.874503627742672454122553495855,2880,27,98,C1,Eckard Specht
1536,0.023856438745026545235738266227,0.048878955292919515939083213000,41.9174048016062043885756440741,0.874183172498232920994391711992,3719,34,96,C1,Eckard Specht
1537,0.023850043848571938626265629939,0.048865532797037040846909903585,41.9286440875821147420880732652,0.874283397256622008881046461268,3485,33,99,C1,Eckard Specht
1538,0.023836442317809519400527172864,0.048836984602061837475812187694,41.9525693753738116282276723566,0.873854660885460577452197047355,3908,27,99,C1,Eckard Specht
1539,0.023838254586885703055961643184,0.048840788319966972464104839761,41.9493799915257481068756564475,0.874555805511983805091464589717,3559,32,97,C1,Eckard Specht
1540,0.023830712538622159066587569647,0.048824958631091990232119172074,41.9626563150099525117069087860,0.874570404551602819340133126577,3043,50,100,C1,Eckard Specht
1541,0.023819363067389633585024072643,0.048801138162780376875443033133,41.9826507186948933579417549426,0.874304929738569078267770932959,3023,36,98,C1,Eckard Specht
1542,0.023806154292819371650677940442,0.048773416053598584500222004667,42.0059446687543765575152769131,0.873902258573251227992549083308,3054,36,100,C1,Eckard Specht
1543,0.023798508682807116268824777051,0.048757370060346221828358456275,42.0194396770094817250441824205,0.873907390956071321560033726161,2969,40,99,C1,Eckard Specht
1544,0.023790034137294170875845044515,0.048739584657426046617582324631,42.0344079469966630842167459527,0.873851078247592375914568907765,3291,31,99,C1,Eckard Specht
1545,0.023783406508800596843643617919,0.048725675567027747632612662803,42.0461215103887256751137374662,0.873929906876616528390389727766,3821,34,99,C1,Eckard Specht
1546,0.023776014739615589412996680354,0.048710163033484381901273089783,42.0591933068497079501714755829,0.873952063684953863197401639552,2863,46,97,C1,Eckard Specht
1547,0.023766496180421389962192305689,0.048690187516477134996615727964,42.0760381508735117165428715342,0.873817289053594049738389007859,3863,36,99,C1,Eckard Specht
1548,0.023760141368145591104278995459,0.048676851611947295545052728569,42.0872916749841311267793668924,0.873914604007439808004242145591,2940,36,97,C1,Eckard Specht
1549,0.023757153007934000483293860172,0.048670580442423618982316704274,42.0925857431670118204241341452,0.874259192196658279060166801170,2874,39,102,C1,Eckard Specht
1550,0.023749596835446682576547836916,0.048654723743952266468571917897,42.1059779215907684815196779919,0.874267192261701573128372738077,2915,37,101,C1,Eckard Specht
1551,0.023742752994713759337344336093,0.048640362092154993257377404482,42.1181149558623842784400527966,0.874327113960151229539469460565,3142,37,102,C1,Eckard Specht
1552,0.023739508092817915380937228413,0.048633552806057725575666811986,42.1238719896869814717222375197,0.874651707446877246609808437000,3015,34,107,C1,Eckard Specht
1553,0.023734071017530583794307279328,0.048622143440502615500430024523,42.1335218581496096694254822790,0.874814415332232679581112241448,3440,36,104,C1,Eckard Specht
1554,0.023727132883274964046658522331,0.048607584380275730902725457332,42.1458422692482464763804603031,0.874866001373353920819262335456,3122,33,102,C1,Eckard Specht
1555,0.023718983133655797983254555475,0.048590483116815530340153022392,42.1603234154275641025138710876,0.874827700191177979450856137620,3867,34,102,C1,Eckard Specht
1556,0.023711608716536441386949239766,0.048575009040851780292773675231,42.1734354659201784285317034120,0.874846043613053526714247712881,3356,33,102,C1,Eckard Specht
1557,0.023694843148519631382703005262,0.048539829954261299080275148377,42.2032757816536297694078776254,0.874170786483899597113030197944,3545,43,102,C1,Eckard Specht
1558,0.023693853724412332341265057263,0.048537753889596284785349066420,42.2050381348339541142970757610,0.874659181320975421650133646733,3024,44,102,C1,Eckard Specht
1559,0.023681748023279153812045517272,0.048512353375206217244924317539,42.2266126223875108290899143310,0.874326470333976243934307592071,3653,38,96,C1,Eckard Specht
1560,0.023676154147035161349994236632,0.048500616363314369618032019567,42.2365893459611840100022057324,0.874474029302905619162580040531,3705,38,103,C1,Eckard Specht
1561,0.023673985634801907316605961018,0.048496066450087586893892596150,42.2404581732089711858661703103,0.874874307101255830873468581045,3876,21,104,C1,Eckard Specht
1562,0.023663080595169714017272945863,0.048473186099721805401995213748,42.2599245258086777200140587856,0.874628440641963043395722846794,3814,38,96,C1,Eckard Specht
1563,0.023659084087325632934417492969,0.048464800976223232755641528944,42.2670630996957431885404811772,0.874892782147339599868239685921,3944,37,105,C1,Eckard Specht
1564,0.023653304724044427835773250366,0.048452675342664082992029908314,42.2773904816549518122531356947,0.875024881312337826250219526739,3871,42,107,C1,Eckard Specht
1565,0.023649211385468885616187062512,0.048444087230221370314989231549,42.2847080902851555526318273259,0.875281336676935178437087724695,3073,51,99,C1,Eckard Specht
1566,0.023633981913614258783155224835,0.048412135358695369270276396280,42.3119558801030512351721261751,0.874712948311709881766791732370,3550,38,95,C1,Eckard Specht
1567,0.023625231855350646960249243743,0.048393777934766504792640388153,42.3276269254271810101579600396,0.874623526203290481900294397027,3808,32,94,C1,Eckard Specht
1568,0.023617085260749949240381588626,0.048376686859697987570631817647,42.3422276271295248969673193685,0.874578211022818956710478454198,4004,40,99,C1,Eckard Specht
1569,0.023615763198124120471631390331,0.048373913277168443231506973359,42.3445980386284261436725723126,0.875038001873471657275230940976,3351,51,99,C1,Eckard Specht
1570,0.023610071680460304326827838479,0.048361973010302333347901458069,42.3548057597639576351691955381,0.875173711067663644162533610132,3885,33,97,C1,Eckard Specht
1571,0.023598119427112409351836031913,0.048336898763993786279235194346,42.3762581204279160923260935562,0.874844718819624628014819924032,3239,47,100,C1,Eckard Specht
1572,0.023586823911225066241717171708,0.048313202830193199996856105128,42.3965517258173915673873879379,0.874563748208485771587855966144,3265,25,99,C1,Eckard Specht
1573,0.023568823967255210510168495653,0.048275443361027681678561906141,42.4289307514590632835632973109,0.873784925612756306139116738419,3823,30,103,C1,Eckard Specht
1574,0.023563406455488551118105018939,0.048264079022176464702500613797,42.4386856751381591640292316892,0.873938510840044691035938581734,3199,34,100,C1,Eckard Specht
1575,0.023555463983433510699458956691,0.048247418290707431497190722654,42.4529952245176359575379802650,0.873904316472862472107625356707,3796,27,106,C1,Eckard Specht
1576,0.023543954635263262345125533500,0.048223275890455186196256771466,42.4737481655795019098607863835,0.873604852590919103674959419907,3143,31,103,C1,Eckard Specht
1577,0.023535690284706189512911107871,0.048205940658636984594581100450,42.4886624485288010157785676828,0.873545586989096199287635854575,4029,35,95,C1,Eckard Specht
1578,0.023521514686678011430647860345,0.048176206727444033718494837606,42.5142688861944168985105939547,0.873046888679551617803420443356,4043,31,100,C1,Eckard Specht
1579,0.023524155004678812404951408243,0.048181744843450846605804732276,42.5094971445778195829649494489,0.873796286652281086824905376573,3317,29,96,C1,Eckard Specht
1580,0.023507296769310601727023059198,0.048146384896758765531905560757,42.5399827897492013781949579585,0.873096942212696232228672563161,4027,32,100,C1,Eckard Specht
1581,0.023507261746463968605974712024,0.048146311438028443877368523444,42.5400461689427922738243595274,0.873646931965310573908796257723,4039,43,93,C1,Eckard Specht
1582,0.023506334787838877847211429311,0.048144367188970337791464337541,42.5417237108932481740349703712,0.874130580299899399858320103498,3244,38,89,C1,Eckard Specht
1583,0.023495498831338837067575394549,0.048121639589412832045702385492,42.5613436504772984841082574033,0.873876890622842894265165644007,3792,43,90,C1,Eckard Specht
1584,0.023481966356682252463518082488,0.048093256955169059526157836848,42.5858714219403715217262734021,0.873421946458549769200748287831,3748,41,91,C1,Eckard Specht
1585,0.023476214129840294722931577667,0.048081192633564243429535041982,42.5963059660847817819084129010,0.873545218344129273542127268173,3946,35,98,C1,Eckard Specht
1586,0.023462091137782380174845755043,0.048051572652450321210101267738,42.6219467875837121218690707123,0.873044976804363913284798372682,3360,42,95,C1,Eckard Specht
1587,0.023457398679082683703348148752,0.048041731404965039404328392865,42.6304729557124800326005744139,0.873246040276825464320461629396,3414,38,92,C1,Eckard Specht
1588,0.023446805293402530964355473611,0.048019514800618832757894812127,42.6497336198454420967711812117,0.873007253405165566471041995583,3007,38,92,C1,Eckard Specht
1589,0.023465575438934995384706860400,0.048058880155673687703061293546,42.6156180402361285496956497318,0.874956203551075039786222800742,2947,38,104,C1,Eckard Specht
1590,0.023458137251864307750562672129,0.048043280368646114102371661670,42.6291307473924077730377682969,0.874951883290413259323348882530,3055,36,111,C1,Eckard Specht
1591,0.023454844738241900225048493408,0.048036375198553814091727209029,42.6351148839434520120593478747,0.875256419036798701158645252936,3092,19,112,C1,Eckard Specht
1592,0.023449243949684739285402868589,0.048024629143754517593877003793,42.6452981659327394721397699051,0.875388330564427551892422985774,3556,41,110,C1,Eckard Specht
1593,0.023444716564688585982966768363,0.048015134344909008023904551276,42.6535333554066751057294399883,0.875599992534143312388792424492,3785,49,107,C1,Eckard Specht
1594,0.023442842596505422870108373739,0.048011204298243226294229352144,42.6569429830607648826552814871,0.876009589193219412168032069888,3675,47,103,C1,Eckard Specht
1595,0.023436492250553029704533594679,0.047997886598412681334508883615,42.6685012974329830153908521097,0.876084324571320383353973024933,3885,53,106,C1,Eckard Specht
1596,0.023428100174932140448003990671,0.047980287327802054572295840624,42.6837853916123825244898938506,0.876005900979422002218185285611,3457,44,106,C1,Eckard Specht
1597,0.023435429176602231859800441205,0.047995657177778778846129638667,42.6704368187288409945422246455,0.877103287084388043585892705388,4175,49,102,C1,Eckard Specht
1598,0.023419453905461271756685190493,0.047962155296085800123925531673,42.6995438935835385517094670486,0.876456372325580292470491562225,3166,34,109,C1,Eckard Specht
1599,0.023412821508331665825644856051,0.047948246759685285403546764565,42.7116398441828504075414644407,0.876508177358615577526564324542,3723,32,109,C1,Eckard Specht
1600,0.023398725671001005924922438719,0.047918687566894175322301256643,42.7373701482957571366728444424,0.876000580842818359941778451309,3032,40,97,C1,Eckard Specht
1601,0.023394087935980400671868813394,0.047908962350100629710152381505,42.7458425708483149387606927640,0.876200643920570340978365046368,3235,38,101,C1,Eckard Specht
1602,0.023387010856540780451503936260,0.047894122065798888868237200848,42.7587777734461615563513684801,0.876217547439938039564813079294,3653,44,98,C1,Eckard Specht
1603,0.023373627458164381335169023379,0.047866058331663838523862924660,42.7832608263250616605461305325,0.875761316266548636461997086321,3113,44,98,C1,Eckard Specht
1604,0.023363687603070437148409116719,0.047845215883340710427838170016,42.8014625511676846499459741250,0.875562485055843034788538176775,4083,31,104,C1,Eckard Specht
1605,0.023361713780084705214851614298,0.047841077110557209769365958322,42.8050788316940927182620873944,0.875960321541872368223979702900,3050,48,108,C1,Eckard Specht
1606,0.023359613742332418546527600630,0.047836673705134775242311354961,42.8089270238143785614114671966,0.876348516030690721896329987409,3724,35,112,C1,Eckard Specht
1607,0.023351539337863857216145816369,0.047819743292345471020129308948,42.8237293281359155306984701520,0.876288083842619728095300643273,3338,50,91,C1,Eckard Specht
1608,0.023345573383936985750273546962,0.047807234058878572863081640175,42.8346729186807620443857197037,0.876385400972657502228669603057,4052,33,105,C1,Eckard Specht
1609,0.023330513338441081436888066573,0.047775657286456629101347829759,42.8623230656620807592209375840,0.875799379890000138833821313498,3896,24,99,C1,Eckard Specht
1610,0.023330221120023931133992506647,0.047775044594455513433382648774,42.8628599298494022655759865300,0.876321740189829213629586963785,3800,55,101,C1,Eckard Specht
1611,0.023327885908222050408739926203,0.047770148387854815466526465679,42.8671506682714067255628629277,0.876690510385657142359714693819,3861,32,98,C1,Eckard Specht
1612,0.023323295329750823752776400855,0.047760523453101832153431905303,42.8755879416583101724505675800,0.876889481322507857427728171555,3925,37,99,C1,Eckard Specht
1613,0.023316964595165392438567488886,0.047747250131155442469778444779,42.8872289923767745298816625846,0.876957191584632814642810776008,3088,32,93,C1,Eckard Specht
1614,0.023315070266565433565214232264,0.047743278424350803532353340064,42.8907135413626615285846018932,0.877358297477302061585123411772,3332,48,96,C1,Eckard Specht
1615,0.023311124300765376144646398250,0.047735005242230064158362329300,42.8979738213298838693716893486,0.877604753607660485725411578433,4033,54,90,C1,Eckard Specht
1616,0.023294414228704782659245027306,0.047699971348703617323887743496,42.9287463587618213613581904283,0.876889650561709876382040105946,3078,39,101,C1,Eckard Specht
1617,0.023290539491879022165018280872,0.047691847849538404149348505053,42.9358882111202875522810774849,0.877140404623429341743484677563,3870,36,100,C1,Eckard Specht
1618,0.023288242469983386829554849320,0.047687032106332937702070515545,42.9401231668262242884963507279,0.877509740017313951027834908708,2956,48,105,C1,Eckard Specht
1619,0.023277581821366974758002168191,0.047664682182220028803102604407,42.9597888506648605577552281628,0.877248375214253044196950105550,3043,45,105,C1,Eckard Specht
1620,0.023259541714073401945122530377,0.047626862421346548892604341934,42.9931084753463007208004199461,0.876430174812927451387999326913,4085,20,109,C1,Eckard Specht
1621,0.023258659155631036770814199755,0.047625012238192960414973450380,42.9947398647825766374764633090,0.876904630888585332273415182375,3455,28,106,C1,Eckard Specht
1622,0.023251917571715998501698368075,0.047610879386442469681673919255,43.0072056171580389616323229498,0.876937009975761600881441188236,2733,45,113,C1,Eckard Specht
1623,0.023247390845066949991137952831,0.047601389803668158387619777459,43.0155799704377580572391022151,0.877136036930660183498061207917,3171,40,110,C1,Eckard Specht
1624,0.023239688822254879672876837514,0.047585243905402411914740892046,43.0298360553940023604614351144,0.877095013765707155515662365628,3920,42,107,C1,Eckard Specht
1625,0.023230647509089041481080198522,0.047566290751951510427745536529,43.0465831659986154060264572234,0.876952348498760442353761383020,4127,49,101,C1,Eckard Specht
1626,0.023235687536638444717589226997,0.047576856034059937509048847904,43.0372459787635826316643832689,0.877872807038279922404359988194,3953,45,103,C1,Eckard Specht
1627,0.023232744164778773294353599572,0.047570685904929828909920516043,43.0426983961720991287090496296,0.878190173120203102293402741287,4102,56,102,C1,Eckard Specht
1628,0.023195714623000048038485165227,0.047493064824234685784295821270,43.1114115798111890313324092855,0.875931035947059648424460601829,3441,45,102,C1,Eckard Specht
1629,0.023195126913575005587625807975,0.047491832919066047473114852166,43.1125039205863330879858637557,0.876424663522531198946245381281,3238,46,105,C1,Eckard Specht
1630,0.023190563267625144589002108286,0.047482267053443442278696606109,43.1209879837647475839347639785,0.876617626211651136425527114354,3250,35,105,C1,Eckard Specht
1631,0.023182582728877210236193703434,0.047465539248145317472146186732,43.1358322623112006863692715176,0.876551823571395785072433044788,3962,31,103,C1,Eckard Specht
1632,0.023171365163458551751970490127,0.047442026855275294530941315812,43.1567148912317373407462857737,0.876240650894571788618111045454,4011,36,103,C1,Eckard Specht
1633,0.023169118061349341967103545537,0.047437316918906472606654291865,43.1609005294075999704966192870,0.876607515832635426027387115865,4108,57,102,C1,Eckard Specht
1634,0.023156639219149407012627036522,0.047411161602488428005213462505,43.1841594342001474245158899892,0.876199721838836381250124748405,3176,46,104,C1,Eckard Specht
1635,0.023146672665827353229981973875,0.047390272455731907111864434926,43.2027537796545783621071851600,0.875981424740798211903199086316,4125,33,101,C1,Eckard Specht
1636,0.023140369780966052397870438404,0.047377062302753692271812580551,43.2145211794559537151771362019,0.876039903449349475766752811574,3169,44,95,C1,Eckard Specht
1637,0.023132251627337136391912458425,0.047360047797406596077965177889,43.2296871100184708043606593345,0.875960443978672890736365269154,3104,40,99,C1,Eckard Specht
1638,0.023131984951881038195979335062,0.047359488888049207911773720195,43.2301854804156082546676125174,0.876475336159415205458279410262,3085,52,99,C1,Eckard Specht
1639,0.023134076743151999542448869204,0.047363872958171234131243187642,43.2262765919981467114409501321,0.877169045576437764756303767500,4196,37,94,C1,Eckard Specht
1640,0.023109311811902845922498137535,0.047311970707316686799200888134,43.2725997268742945770059791580,0.875826079568393928787958847637,3230,28,98,C1,Eckard Specht
1641,0.023099358647017599854389631902,0.047291111642685747419414407017,43.2912452367638274709319080336,0.875605387011720235303740827906,4219,34,102,C1,Eckard Specht
1642,0.023086262891403769908848902989,0.047263667229683846421612414124,43.3158023324923932765629202978,0.875145827305833090737090030645,4231,26,108,C1,Eckard Specht
1643,0.023078760719649159011836956653,0.047247945467231587926375988608,43.3298829234190309219446385552,0.875109769610970850369709742886,4269,39,107,C1,Eckard Specht
1644,0.023071061266330519672492535200,0.047231810527050332355572782310,43.3443433076648933487144331502,0.875058238917652404860867937466,3856,30,105,C1,Eckard Specht
1645,0.023061703547844556250340792316,0.047212200876135844369780271866,43.3619310874137137772512551481,0.874880370519655887415850476497,4105,29,107,C1,Eckard Specht
1646,0.023056672714034924015559812534,0.047201658622488162137319344660,43.3713924121968302497432805696,0.875030317832933781476295133291,4181,35,108,C1,Eckard Specht
1647,0.023043963264837095540460925381,0.047175026098096457102692697471,43.3953130590997446645348829410,0.874596928140563042318540369153,4163,34,107,C1,Eckard Specht
1648,0.023038671923111592058878724783,0.047163938348434631166806137928,43.4052797547255699712132726738,0.874726105760309592166950476438,4240,38,101,C1,Eckard Specht
1649,0.023031773221232496884548833065,0.047149482633989479310906835580,43.4182809284576267646668830784,0.874732790650851588356267649627,4223,29,111,C1,Eckard Specht
1650,0.023028060634734385169578704390,0.047141703270813725090818960459,43.4252808285405315289274220993,0.874981101385055633733726844447,4264,40,103,C1,Eckard Specht
1651,0.023024612222221516232274031868,0.047134477511440981688227033579,43.4317846636687280274651056396,0.875249199941043178598323604279,3093,111,68,C1,Eckard Specht
1652,0.023004598575330521045499067409,0.047092542179389723392396852437,43.4695696482342288553701091820,0.874257489871187611717144328495,4142,35,101,C1,Eckard Specht
1653,0.023001377210523221378495729574,0.047085792495491670180482705671,43.4756576029063177342674869513,0.874541723469024395352183537453,4226,41,105,C1,Eckard Specht
1654,0.022993596618971826615096651983,0.047069490106513510119492718896,43.4903689305790578765945520685,0.874478872977291787302776389172,4149,39,102,C1,Eckard Specht
1655,0.022984273461889033830180310672,0.047049955978354406130204753596,43.5080100164198053878862601053,0.874298147974833727127769360623,4094,28,107,C1,Eckard Specht
1656,0.022979780241802995555293242393,0.047040541796545966090174955662,43.5165171066727273922279564876,0.874484416736342268483902419421,3002,33,100,C1,Eckard Specht
1657,0.022971070230502113442488313113,0.047022292852518670830344596110,43.5330173982120765459990544958,0.874349301904932314617555476257,3073,38,102,C1,Eckard Specht
1658,0.022969258651561834368311609060,0.047018497329697254404306473984,43.5364508349947670083638734791,0.874738985697893278545120493484,3206,25,104,C1,Eckard Specht
1659,0.022965436749359219462118970192,0.047010489931803664385066869328,43.5436961601830608793821538813,0.874975321962350642485726467085,3324,43,105,C1,Eckard Specht
1660,0.022951555897351762615329638892,0.046981408211403862066750287753,43.5700309152192939007210017890,0.874444704061375705620812948805,4112,35,105,C1,Eckard Specht
1661,0.022944096648071909460747287547,0.046965780707857042030780477930,43.5841957667151944950834090325,0.874402839424463352321194379848,3728,39,105,C1,Eckard Specht
1662,0.022939668939390486234447458927,0.046956504547655165789482432266,43.5926081863747374013294628819,0.874591619163166488380621265389,3605,26,99,C1,Eckard Specht
1663,0.022939660895008699226371782303,0.046956487694551048325718380471,43.5926234732434033175478806364,0.875117233809399557894411421423,3552,36,98,C1,Eckard Specht
1664,0.022937804387700803907041905651,0.046952598290483002083961984234,43.5961517108497803211754634513,0.875501735893701282722697125618,3257,31,100,C1,Eckard Specht
1665,0.022925610451265598666608185180,0.046927052221384864715939179249,43.6193401316733714844668522429,0.875096718247692113480773488904,4009,40,101,C1,Eckard Specht
1666,0.022921067287762503172283177762,0.046917534541731966220754865075,43.6279858806530068874308258309,0.875275292466487098135210262289,4214,37,97,C1,Eckard Specht
1667,0.022919673418840393755224810630,0.046914614480136312387532581925,43.6306391337139027002326021865,0.875694153187040272216624493740,3832,30,102,C1,Eckard Specht
1668,0.022905121447950301179227332452,0.046884129577862993101803282586,43.6583583401818847638872207097,0.875107173693648639956806681097,3072,31,94,C1,Eckard Specht
1669,0.022901784256333504197242561007,0.046877138628081570057601241737,43.6647201286707306132115967834,0.875376684224363765169645667054,3690,40,101,C1,Eckard Specht
1670,0.022888921230925736335462612245,0.046850192835312624624204273498,43.6892586553567018323524490849,0.874917534242923284792020811097,3199,52,102,C1,Eckard Specht
1671,0.022879536801963052502615639979,0.046830534542445590861374210907,43.7071785436757842832538746541,0.874723724339149827303302125384,3208,51,96,C1,Eckard Specht
1672,0.022876470325726001664115738978,0.046824111038144618007676994477,43.7130372719885169696511305589,0.875012599710710913481629481510,3366,40,100,C1,Eckard Specht
1673,0.022868821417698753506944933923,0.046808088655770124903002014107,43.7276579205815548075257953584,0.874950547346881159464622194929,4133,37,101,C1,Eckard Specht
1674,0.022865513595348036548003030762,0.046801159745126314079667163120,43.7339837493721940281415252043,0.875220285852922824655945499778,3434,34,98,C1,Eckard Specht
1675,0.022861558462022503393935859718,0.046792874970795968359699756926,43.7415498887004821846291815696,0.875440182648391824016495393517,3857,31,100,C1,Eckard Specht
1676,0.022856932548926026364498245176,0.046783185206541894728048063827,43.7504025467751042944660258801,0.875608376655354131833113497434,4088,35,102,C1,Eckard Specht
1677,0.022849799129739852659919314002,0.046768243222770836133435115875,43.7640608708224168982737872458,0.875584038091884634605644269099,4254,37,103,C1,Eckard Specht
1678,0.022842914378397801746860380634,0.046753822316842050799677766534,43.7772511613353880345781837986,0.875578281187408263282959432401,4199,41,103,C1,Eckard Specht
1679,0.022831720085606969005347137996,0.046730375013006340909920815459,43.7987149566710158599628161687,0.875241615231347107444531438434,3324,33,106,C1,Eckard Specht
1680,0.022823429493707541734400654964,0.046713010079401145243091106915,43.8146248036782420450896406454,0.875127008875122015308347258470,3427,26,105,C1,Eckard Specht
1681,0.022821624181988566260782832187,0.046709228830169772511948303483,43.8180907732775057500899057671,0.875509397440898422786430493676,3445,49,102,C1,Eckard Specht
1682,0.022818099459724793335510003750,0.046701846293118749961897604545,43.8248593738078523289077119640,0.875759645088447867076735557910,3963,39,106,C1,Eckard Specht
1683,0.022804024883924295878984576434,0.046672367599990435721765428183,43.8519079456429771428710290718,0.875199636175872588998725160148,3098,39,100,C1,Eckard Specht
1684,0.022802346402746340375903934561,0.046668852138165683889370325649,43.8551358854700527497898218622,0.875590750476892824090494288295,3403,36,101,C1,Eckard Specht
1685,0.022786057701602160714054428677,0.046634737216314313091424144056,43.8864858983345239407422699687,0.874859457103552195875470939507,3228,34,95,C1,Eckard Specht
1686,0.022781491290921679001080083866,0.046625173567406951130626790787,43.8952826761826371951652896611,0.875027838409041759914202578567,3213,43,97,C1,Eckard Specht
1687,0.022778953715691903934868063828,0.046619859042750706892232496897,43.9001726102600888413795981892,0.875351795527816552332777785186,4247,27,103,C1,Eckard Specht
1688,0.022778491606434931546073740019,0.046618891235580844350153171280,43.9010632169120304436363674470,0.875835139611152148703819087906,4250,27,105,C1,Eckard Specht
1689,0.022778351713816923610762793473,0.046618598255093498866010593962,43.9013328340794139999538369552,0.876343235182407037554408778664,3576,34,110,C1,Eckard Specht
1690,0.022767545332123191515111962134,0.046595966442520560900573969107,43.9221701510825462803599324062,0.876030293560980850686908887673,3290,24,111,C1,Eckard Specht
1691,0.022762231242884467705723342489,0.046584837325381422940459093704,43.9324242570728905834776345141,0.876139518422336913053829391310,3695,32,111,C1,Eckard Specht
1692,0.022753500126472122644463463419,0.046566552306745141582390339987,43.9492822836768400853792777745,0.875985231465080796791139908099,3642,36,110,C1,Eckard Specht
1693,0.022743029468348226855469288446,0.046544624708024258404184873561,43.9695160836735997882441841296,0.875696444251077820689596292316,3791,41,104,C1,Eckard Specht
1694,0.022740649324552815660824502149,0.046539640288599502607528305862,43.9741181409587800748380751932,0.876030301103669826357184306662,3317,61,103,C1,Eckard Specht
1695,0.022727598393094050105150140253,0.046512309885603228651265920286,43.9993695200042535646939933088,0.875541620176622266184367424305,4284,31,103,C1,Eckard Specht
1696,0.022717880296059019923692556352,0.046491959359578177660422123579,44.0181912646786335417564837963,0.875309136407729060005439963702,4278,44,98,C1,Eckard Specht
1697,0.022715118136019625629741160827,0.046486175234175251891181290734,44.0235438799804624633944169555,0.875612276510857126402141405656,4148,57,96,C1,Eckard Specht
1698,0.022706540888257767295528996907,0.046468214181839799450238263899,44.0401734866242865475479121522,0.875466724488986877214045131194,3954,43,97,C1,Eckard Specht
1699,0.022702702726405739287199008078,0.046460177040784592269611798114,44.0476190016305880806459942427,0.875686196130952448874790560233,3520,36,102,C1,Eckard Specht
1700,0.022694663790780158984182174127,0.046443343651040342824292832390,44.0632216109875087860104387546,0.875581199780131694856826759431,3350,42,107,C1,Eckard Specht
1701,0.022688342246102829057795079985,0.046430106642227569451235879355,44.0754987364389636240981686283,0.875608246463576716954147025109,4176,36,106,C1,Eckard Specht
1702,0.022684119716339750643997568304,0.046421264964518568646135924908,44.0837031590731415033371120788,0.875796926993507943292734961597,3902,27,118,C1,Eckard Specht
1703,0.022682923238134977717129510134,0.046418759637946944138272032362,44.0860284850226132268051671965,0.876219056285991802512005092547,4310,38,111,C1,Eckard Specht
1704,0.022662837002099043108227648820,0.046376701634024974564895909623,44.1251022503219481401036152948,0.875181524396241062362354003696,3457,41,103,C1,Eckard Specht
1705,0.022662207415530934394478420514,0.046375383388384199301330302802,44.1263281049434263465832705133,0.875646474630449690410673046573,4293,28,103,C1,Eckard Specht
1706,0.022652949692342330424814633680,0.046355999509511879193480357586,44.1443614885192162805454952374,0.875444357377029975395527738536,4362,32,118,C1,Eckard Specht
1707,0.022646076827449077840714106940,0.046341609299399996640184771418,44.1577588745044898629965833304,0.875426066216757436472287637986,4224,34,117,C1,Eckard Specht
1708,0.022640394470616050344441210448,0.046329711894227401407603907454,44.1688417265810020067539249601,0.875499384728953919702029150129,4371,36,116,C1,Eckard Specht
1709,0.022630118397677758527660647221,0.046308196771067738865210259445,44.1888982826805401163533441802,0.875216940106188934052450980235,3292,44,114,C1,Eckard Specht
1710,0.022623283161824533220640430363,0.046293886015642168133141326113,44.2022491981818755572208619224,0.875200129144359797745675682996,4304,37,112,C1,Eckard Specht
1711,0.022622667072070619970749707189,0.046292596134391399933315758513,44.2034529710502187707812091606,0.875664246991363302559221456710,4281,18,110,C1,Eckard Specht
1712,0.022611348317647915258237839646,0.046268898822853377848354013416,44.2255802684491268119563804418,0.875299500534302643509210948694,3202,40,113,C1,Eckard Specht
1713,0.022603604660147632235104390999,0.046252686766433366430769728035,44.2407312919915775042895530659,0.875211002442040407663513217953,4264,39,106,C1,Eckard Specht
1714,0.022599909272240235097315962556,0.046244950223838485723686503026,44.2479652441929540222062169696,0.875435611080522121883155934835,3581,34,101,C1,Eckard Specht
1715,0.022588561073293909341739443301,0.046221192373394711791337626426,44.2701948457568568637000008761,0.875066901685708045596599932020,3889,32,106,C1,Eckard Specht
1716,0.022582218485485114890113983807,0.046207914184851083778515627286,44.2826288587526185812309438947,0.875085511402134551552742567539,3398,25,102,C1,Eckard Specht
1717,0.022579328187778307345521518813,0.046201863412432842835186790099,44.2882973170688912701742780064,0.875371347443373835952901927017,4257,41,109,C1,Eckard Specht
1718,0.022570747800608192578642332176,0.046183900778127820659254334850,44.3051337436437948441105649300,0.875215611486737128569315060178,1755,451,62,C1,Eckard Specht
1719,0.022568607551786234539315721952,0.046179420317691430572804171599,44.3093353325138189491420943714,0.875558978494826824157010771930,2727,87,91,C1,Eckard Specht
1720,0.022567503964049382249062308845,0.046177110042020404513091772449,44.3115021312514611757898486899,0.875982644487901480178163416501,1991,486,70,C1,Eckard Specht
1721,0.022566898981469511732831245781,0.046175843559940336559512933127,44.3126900519710653685619544110,0.876444943910181309694828400620,2369,302,79,C1,Eckard Specht
1722,0.022566824427228091951570842689,0.046175687486776829808229648195,44.3128364482441762852680174580,0.876948414463920897650354651328,2426,158,92,C1,Eckard Specht
1723,0.022566567317270497890943504907,0.046175149248440950734420495354,44.3133413221729355423388940292,0.877437681915484416485749529906,2928,58,102,C1,Eckard Specht
1724,0.022544747493602126878081633533,0.046129472292041443856538831265,44.3562297729786297342285683747,0.876249962584681654394841793898,3182,48,102,C1,Eckard Specht
1725,0.022530181034202303748000035859,0.046098980443283946373790168750,44.3849074484547600226150448084,0.875625624073527851522897054296,3328,37,103,C1,Eckard Specht
1726,0.022523642545157245103442632112,0.046085293773865599724744106456,44.3977921419733960967107380541,0.875624781264482277541728675304,3438,36,108,C1,Eckard Specht
1727,0.022519150413675288226265885263,0.046075890741400236981893250686,44.4066486359417130026797218033,0.875782657755894999672970768371,3189,42,107,C1,Eckard Specht
1728,0.022513721346490855704274138783,0.046064526609015090482838605432,44.4173570690421161844062665354,0.875867297242932913784519847468,3620,35,107,C1,Eckard Specht
1729,0.022510754839661159531698397535,0.046058317165359074508468734246,44.4232104664088812686788886640,0.876143230287346658669165879380,3224,58,108,C1,Eckard Specht
1730,0.022502849857132734376056513292,0.046041770769037645642093389716,44.4388158099463891166278978600,0.876034375428299592380808018317,3505,32,111,C1,Eckard Specht
1731,0.022496249669276468611280914587,0.046027955722247008426818514446,44.4518537401244227686298564501,0.876026642334771830055392732079,4097,37,115,C1,Eckard Specht
1732,0.022490047951130663002814642907,0.046014974894099701903201190011,44.4641115115864425785194709635,0.876049508854079114806937927643,3416,65,100,C1,Eckard Specht
1733,0.022488398729120842836400114194,0.046011522932072212942613311436,44.4673723569776730365764223434,0.876426758134068186664850788601,3378,48,102,C1,Eckard Specht
1734,0.022483958815001741026885350382,0.046002229871840179468317554193,44.4761533423900539119215573359,0.876586252526800253599243942456,3190,48,107,C1,Eckard Specht
1735,0.022488900420442574247380230813,0.046012573013473497273116178867,44.4663803611755387539721099431,0.877477364079210104431272722327,3051,54,85,C1,Eckard Specht
1736,0.022480811860461379243827386825,0.045995643120311403939268126900,44.4823792933729375322471376519,0.877351661707880329944698875713,3318,53,115,C1,Eckard Specht
1737,0.022476932629214301742470223767,0.045987523731117321436224880911,44.4900563834165729658038263896,0.877554113226480349706206325201,3813,38,118,C1,Eckard Specht
1738,0.022472810968213578453022465968,0.045978896997171556221366419040,44.4982161517061241998900480936,0.877737330629099172336593709112,3586,34,119,C1,Eckard Specht
1739,0.022469601207160494902165277475,0.045972178941766709339581210570,44.5045726793462286374044433750,0.877991499452952534984548698228,3976,33,118,C1,Eckard Specht
1740,0.022465328793167710121685860756,0.045963236813754648629709441857,44.5130364753052698949706128544,0.878162336146126483446351357066,3815,47,117,C1,Eckard Specht
1741,0.022460609299228328874246857333,0.045953359041883565979751700677,44.5223896946712234817648985528,0.878297886931185405934268339462,3932,22,119,C1,Eckard Specht
1742,0.022450672663412463358296807865,0.045932562246410915628846286320,44.5420952410787023647269332012,0.878024968695149859325124321461,3185,51,116,C1,Eckard Specht
1743,0.022445588506077837864052881176,0.045921921567058246273175450328,44.5521844851258431566645193438,0.878131144818614489578933814271,3228,37,116,C1,Eckard Specht
1744,0.022444502995335864605779892125,0.045919649706043803002701171836,44.5543392165024759294415290808,0.878549966450125203480187127503,3239,47,118,C1,Eckard Specht
1745,0.022440725180009140848225379266,0.045911743171055090382643818717,44.5618397791720858722238012656,0.878757825825195020685653161369,2944,76,102,C1,Eckard Specht
1746,0.022431509453412775622935089231,0.045892455966682519727282237483,44.5801474963985519644751447269,0.878539388162022572744336260517,4145,28,115,C1,Eckard Specht
1747,0.022426154469856796559990809489,0.045881248915154804333245029253,44.5907924759953530666686103555,0.878622910322368824015148318896,3236,50,119,C1,Eckard Specht
1748,0.022422956086489650745237237203,0.045874555312232736673716891594,44.5971528527642753940407013940,0.878875101479812442448756471817,3375,34,120,C1,Eckard Specht
1749,0.022417960972379780573689383604,0.045864101584105295328400748795,44.6070898790508918464326495570,0.878986139804341101651433780201,4462,44,115,C1,Eckard Specht
1750,0.022407988977455280116155795083,0.045843232605832984241360757502,44.6269409096060285499040284464,0.878706447524075327811044915410,3278,34,116,C1,Eckard Specht
1751,0.022401807042503451045920585142,0.045830295521991464865545437767,44.6392560253142778527526406560,0.878723518805494685453900529289,4032,50,109,C1,Eckard Specht
1752,0.022394229195431760066964629038,0.045814437402515206993372566958,44.6543612317762576156533593159,0.878630630203189434114704597191,3749,46,109,C1,Eckard Specht
1753,0.022386360721288781586869308668,0.045797971349510964400596670867,44.6700565782016065717002139454,0.878514453540438043960395619158,4556,39,110,C1,Eckard Specht
1754,0.022384976093321067988178754221,0.045795073819278560078440516923,44.6728196550706491597535680074,0.878906869341266773447075252077,4271,28,112,C1,Eckard Specht
1755,0.022378509498358743257227880671,0.045781541661642049644068343681,44.6857285143740584344949685775,0.878899941331072521323399585243,4564,37,106,C1,Eckard Specht
1756,0.022370824106094217242133835362,0.045765459251232376334331026709,44.7010800879517847975032252552,0.878796822202275571196999479649,3758,44,109,C1,Eckard Specht
1757,0.022362784653906406190455764061,0.045748636207531750378346047545,44.7171501884188044392056803202,0.878665399547074703818870063972,4638,38,109,C1,Eckard Specht
1758,0.022351201857349551388915400565,0.045724398986246691779771910149,44.7403234234215773879232233251,0.878255002614719450857655394745,4410,37,114,C1,Eckard Specht
1759,0.022358530073252465862784117048,0.045739733350156964987761265253,44.7256593668606640972608001113,0.879330902117264918123487483061,4634,70,90,C1,Eckard Specht
1760,0.022338854156008613808506261932,0.045698561819645635073174697828,44.7650534363251609207527749070,0.878282952806025038905420953866,3491,43,117,C1,Eckard Specht
1761,0.022327431555660444548254401315,0.045674660978138266166504176319,44.7879550098309567648025757683,0.877883505975827832677208272496,3304,51,117,C1,Eckard Specht
1762,0.022322474015257901044235573561,0.045664287910830573060211760254,44.7979018506854592628426220912,0.877991994937204718535533402024,3381,46,113,C1,Eckard Specht
1763,0.022319418745663121938205860112,0.045657895172732041160697239811,44.8040341639411928164783281865,0.878249826893327501833857493467,3428,58,106,C1,Eckard Specht
1764,0.022317391026117226060799541132,0.045653652466090658347342200137,44.8081049809870962450549028084,0.878588322063057609306486202827,4259,22,114,C1,Eckard Specht
1765,0.022316031762412935472585389461,0.045650808415403851012571357051,44.8108342310350945892269059437,0.878979307941105571857169231310,3691,51,114,C1,Eckard Specht
1766,0.022303981302871158139249227128,0.045625595024092036406499448032,44.8350447581872522606054764909,0.878527749739287077857918602180,4218,34,115,C1,Eckard Specht
1767,0.022292476121862261727593546164,0.045601523108746811893657986835,44.8581841933341194225046050073,0.878118586734593017804533092855,3434,37,119,C1,Eckard Specht
1768,0.022288294189881695195366082378,0.045592773529112909605583199827,44.8666008928567509388755682002,0.878285926357854584528193671439,3465,34,115,C1,Eckard Specht
1769,0.022284163651572634026527776423,0.045584131550532141699620981147,44.8749172567411197496043525021,0.878457006930975582229667719876,3280,47,118,C1,Eckard Specht
1770,0.022279430305009319790201036014,0.045574228456622533779686904448,44.8844510972598536707729734494,0.878580236046908779895744015246,3245,23,112,C1,Eckard Specht
1771,0.022263532800438174181017379887,0.045540968445629336999517165752,44.9165013011914600017201382336,0.877822525071206203840067666802,3847,41,114,C1,Eckard Specht
1772,0.022253989725053700635260644005,0.045521003391864079143169821044,44.9357626364944733971965890015,0.877565383985913949205066234550,3291,61,112,C1,Eckard Specht
1773,0.022231640841783176724279200959,0.045474248851584654576054943834,44.9809353756990184896197969845,0.876297900060488101790385258357,3534,62,116,C1,Eckard Specht
1774,0.022231320584637442981377583207,0.045473578879475299660921418397,44.9815833563675987426547364856,0.876766884898104062294760353619,3636,27,120,C1,Eckard Specht
1775,0.022226436989200357369766069923,0.045463362541240774650928024318,44.9914667153305661152813162834,0.876875739691936578477921264119,4300,33,115,C1,Eckard Specht
1776,0.022222305949465807842824543353,0.045454720607110309166081928750,44.9998304529705458628249217466,0.877043645919914268364806741281,4471,41,112,C1,Eckard Specht
1777,0.022219778019067909144445270344,0.045449432335728349325657378497,45.0049500558398783860463458604,0.877337837079993121282336435843,4544,34,113,C1,Eckard Specht
1778,0.022203330673970187098209364280,0.045415026192049465556212607704,45.0382879345366958099203020590,0.876532473785409086253756877262,4322,28,110,C1,Eckard Specht
1779,0.022189294564676618084565455424,0.045385665019484313154832931780,45.0667774536605139170825678959,0.875916967241539417494905317207,3677,30,111,C1,Eckard Specht
1780,0.022188540114177525344435446060,0.045384086860197868223578801098,45.0683098056119021323114775874,0.876349736069268037218413016418,3467,26,113,C1,Eckard Specht
1781,0.022179414258781856592594407532,0.045364997592005443303651778829,45.0868534368103846072764930312,0.876120948432390216814786654856,3555,28,108,C1,Eckard Specht
1782,0.022166569282886679482960557259,0.045338129351193057984176316830,45.1129801476330795467425917276,0.875597806503513228790233248016,3869,26,118,C1,Eckard Specht
1783,0.022165751537532986805186678276,0.045336418871370289114665749950,45.1146444688199560674084265057,0.876024525001760761945722817147,3974,23,113,C1,Eckard Specht
1784,0.022159754529076937318148235559,0.045323875002516199982648618003,45.1268536701455471660541308216,0.876041621887479371441081573453,3681,40,109,C1,Eckard Specht
1785,0.022157460890906855951478092555,0.045319077468432482723628325128,45.1315249939304849636122658966,0.876351235540739314141498239408,3247,35,107,C1,Eckard Specht
1786,0.022156530264637329237326391677,0.045317130911829132496899049336,45.1334206238978805231143806765,0.876768534394872794916637982461,2989,47,105,C1,Eckard Specht
1787,0.022155529799264161099758996601,0.045315038279484231245577522471,45.1354586895598599625452859998,0.877180223726028960442467494467,3490,39,108,C1,Eckard Specht
1788,0.022155154948042731897885364890,0.045314254219677416145126347585,45.1362223529988756978419724064,0.877641392699946835259042869583,3214,46,99,C1,Eckard Specht
1789,0.022155501680804298064435314459,0.045314979465318062719459848294,45.1355159728298055792778495125,0.878159729708610395102307801838,2037,318,72,C1,Eckard Specht
1790,0.022132503249643748007106577618,0.045266875774467109160008433775,45.1824174030606468449782247446,0.876827383170929007637120299648,3494,31,108,C1,Eckard Specht
1791,0.022120892239549347125942540859,0.045242590958325829554626404045,45.2061331510004351356816033954,0.876396967391494363715110972010,3672,41,107,C1,Eckard Specht
1792,0.022102850089381256066156732360,0.045204856341797272824073038606,45.2430340863789414087100273377,0.875456479876000510696702770558,3732,33,108,C1,Eckard Specht
1793,0.022093423372489998246936227022,0.045185141199649595628108243927,45.2623381691570262660731481400,0.875198005874744578792806613800,3968,21,110,C1,Eckard Specht
1794,0.022084340454527477075448482081,0.045166145442015120494009538399,45.2809538079273506073923647779,0.874966259400793133589996816869,4623,44,106,C1,Eckard Specht
1795,0.022083417781540439846756530888,0.045164215809579476967173631935,45.2828457031638197855222884917,0.875380826940731384838431755949,3457,50,111,C1,Eckard Specht
1796,0.022076494977517720550487138419,0.045149737917405280156389026035,45.2970456142780290864799701546,0.875319448364287792865855188576,4544,38,110,C1,Eckard Specht
1797,0.022070784735765239127734298399,0.045137796051632943095440979468,45.3087650471947734375184826942,0.875353811317920713789505495367,4216,39,109,C1,Eckard Specht
1798,0.022063905841426913715699537748,0.045123410360287273522900918986,45.3228910233297181784771144156,0.875295061880876128226997750411,3702,35,105,C1,Eckard Specht
1799,0.022058470826937949603890773816,0.045112044368522482811755910511,45.3340581876960131433949125448,0.875350467265947789813417708640,4015,41,110,C1,Eckard Specht
1800,0.022055194713935587518150259069,0.045105193247555708862381244680,45.3407921793657719304643212378,0.875576904965302107847658570507,4185,45,106,C1,Eckard Specht
1801,0.022046658504172785980208590429,0.045087342245697221527439192995,45.3583476067690404430696959245,0.875385327310505219253645349404,4402,36,108,C1,Eckard Specht
1802,0.022043458551335940182074194632,0.045080650554640354583067530277,45.3649320804695216203554443692,0.875617144957846986980126487017,4394,40,101,C1,Eckard Specht
1803,0.022039452376347939905279948634,0.045072272966228834916404583682,45.3731781953515840241519410763,0.875784642271903866142637603333,4624,48,105,C1,Eckard Specht
1804,0.022032014034301104135489096739,0.045056718318944750670028289257,45.3884968683809134455136753848,0.875678994903384028877546267529,3353,33,103,C1,Eckard Specht
1805,0.022026378114259711605542755791,0.045044932953893355888169727737,45.4001104862813336345048349372,0.875716205762372272325548061110,3620,46,104,C1,Eckard Specht
1806,0.022022271821130256114890525367,0.045036346302361675562775720715,45.4085758327851154230519570885,0.875874703831728395283377839486,3454,42,106,C1,Eckard Specht
1807,0.022018771560266546628972153045,0.045029026979168483305957041260,45.4157943036443661222247987829,0.876081125948927626326329640748,3271,57,106,C1,Eckard Specht
1808,0.022017917791047313702231190002,0.045027241687937248217589542724,45.4175553515150794810245654059,0.876497976566798615112560975558,3844,40,107,C1,Eckard Specht
1809,0.022007603974764645237970835397,0.045005675022031108205524453833,45.4388401911750707709686169507,0.876161350572528590804664976767,4622,39,102,C1,Eckard Specht
1810,0.022004314769122806334487225575,0.044998797236877805493181366071,45.4456323903907061250457149449,0.876383661910131271931093419934,3391,37,101,C1,Eckard Specht
1811,0.021998857521458097417406793750,0.044987386140892507749989009043,45.4569060699893747325858986787,0.876432965103687857688561422514,3566,48,102,C1,Eckard Specht
1812,0.021994087912920564420577647680,0.044977413001491673092424852201,45.4667637939440875566000643383,0.876536704455756586434178667860,3758,60,103,C1,Eckard Specht
1813,0.021986417725788688155053081557,0.044961375024389445219704219905,45.4826253404192697850369888129,0.876408849280542429551602245108,4714,28,102,C1,Eckard Specht
1814,0.021980490860776180165201526903,0.044948982418810207292469354434,45.4948893695765158746457998688,0.876419548963926639521178394977,4506,39,104,C1,Eckard Specht
1815,0.021977347527260316515176533705,0.044942410018203312885336396112,45.5013963245390525089788582115,0.876651904866164895019677663975,3526,30,108,C1,Eckard Specht
1816,0.021968965225487066962497438814,0.044924883657811650296584157060,45.5187574715563016264764229023,0.876465946470846587145463505800,3310,56,100,C1,Eckard Specht
1817,0.021964656727380256466174845299,0.044915875235927500162878926851,45.5276862466710109907889650034,0.876604645740549427330788545732,3676,32,111,C1,Eckard Specht
1818,0.021960385826974420196470756021,0.044906945503516987513340124045,45.5365405634940266189074377465,0.876746036027294602400575677012,3619,34,108,C1,Eckard Specht
1819,0.021951273764609689590033990780,0.044887893978661758292378928095,45.5554429653290219270326120554,0.876500465777802968444401657018,3597,42,105,C1,Eckard Specht
1820,0.021945304775737406537187111205,0.044875414192874904920079315226,45.5678337675945073081957331472,0.876505451094005501912490295282,3598,47,100,C1,Eckard Specht
1821,0.021939287062698422350845719838,0.044862832690233692612862408106,45.5803325396210487395895402492,0.876506148928284677468128613360,3676,47,106,C1,Eckard Specht
1822,0.021937245479398823967123908304,0.044858564295603701730175632048,45.5845744598653391936300042270,0.876824270865042339400599751095,3985,49,102,C1,Eckard Specht
1823,0.021930750416793964763395485118,0.044844985007226276286375261934,45.5980748946113370083874972052,0.876786094637080885697682483694,3562,22,105,C1,Eckard Specht
1824,0.021925604819665532450572177093,0.044834227187028966659925091214,45.6087760508699461070619099730,0.876855435595648136608812627822,3297,38,108,C1,Eckard Specht
1825,0.021921473728635295795161703683,0.044825590460930443220962604485,45.6173710024674612978557218973,0.877005594044326611125020043691,4560,38,107,C1,Eckard Specht
1826,0.021916967091892016106462170572,0.044816168677881850453183544373,45.6267509919262944988861884197,0.877125393321923656664261590351,3853,45,103,C1,Eckard Specht
1827,0.021906139858414147298639752275,0.044793533118065135400452909785,45.6493022715683998797667331119,0.876738866307924622351750493328,3556,44,105,C1,Eckard Specht
1828,0.021897188485523333132192204006,0.044774819636021950148997745854,45.6679632940603261071340596371,0.876501986606939156678829107033,3492,36,107,C1,Eckard Specht
1829,0.021895014413985749606736150110,0.044770274636454777175570473910,45.6724979071599003084592986301,0.876807339169029397285159393392,4574,50,107,C1,Eckard Specht
1830,0.021894323975814041050452586634,0.044768831246967740718996498240,45.6739381907688949038162743529,0.877231402914967170409425875782,3844,35,121,C1,Eckard Specht
1831,0.021888459482525111540843510622,0.044756571363926266842046459124,45.6861754386306089707009619677,0.877240629746720700335258050876,3704,38,123,C1,Eckard Specht
1832,0.021883630279849876403776327528,0.044746475894501232564110323373,45.6962573033773666222049364687,0.877332478380497479881346996142,4253,55,127,C1,Eckard Specht
1833,0.021880485583600022401336763806,0.044739901946757756470112923345,45.7028248381071260841023844591,0.877559105302777380833258013325,4614,52,120,C1,Eckard Specht
1834,0.021870822847452173800431534115,0.044719702383525212247057462520,45.7230167778755658509656807647,0.877262523973182445237335026362,4408,22,128,C1,Eckard Specht
1835,0.021869972574474149699939605937,0.044717924940995259279273640114,45.7247944227952191141431597750,0.877672610249141442575366247418,4532,37,120,C1,Eckard Specht
1836,0.021863876371426424349335976891,0.044705181299957319988320869620,45.7375436547420824101585736617,0.877661409212494348167280692766,4319,52,120,C1,Eckard Specht
1837,0.021857435151327998127709832143,0.044691716600042964351924613792,45.7510221614104950565911126482,0.877622104951712644315125052864,4482,32,122,C1,Eckard Specht
1838,0.021850077111926242615306465415,0.044676335601830783570328305288,45.7664288724261968682608659923,0.877508748687112168579324432381,3739,28,123,C1,Eckard Specht
1839,0.021844673742198569577334953333,0.044665040726755116360145287279,45.7777493864897811414966796672,0.877551988690800270745650101517,3370,42,125,C1,Eckard Specht
1840,0.021840090606407951844327698220,0.044655460516568635530332690135,45.7873558320585368244338651991,0.877660786160840298208792610937,3896,45,120,C1,Eckard Specht
1841,0.021837085199848705412305684923,0.044649178310568532755815721121,45.7936574798420593480776176133,0.877896111936855980263889543285,4315,46,116,C1,Eckard Specht
1842,0.021831374968594854632728563090,0.044637242311659577285936090867,45.8056353041680899791066511795,0.877913654621716361766874995886,3528,35,122,C1,Eckard Specht
1843,0.021828468236999339499251444244,0.044631166473751186590311703000,45.8117348932893086668117754025,0.878156373132308924180983198946,3413,33,120,C1,Eckard Specht
1844,0.021820129268457950813077277941,0.044613736024110859849520378175,45.8292427004797000656613807719,0.877961668142845027405574004134,3723,42,118,C1,Eckard Specht
1845,0.021801675719636876896924352195,0.044575164725774485582226899255,45.8680338548148877239303901358,0.876952603419856627452767222947,4479,35,120,C1,Eckard Specht
1846,0.021797112142922149808860497434,0.044565626238688547735439239125,45.8776370669228786935038467843,0.877060624485495335513137788945,4666,40,119,C1,Eckard Specht
1847,0.021795222698955467200070948637,0.044561677073568293507473047963,45.8816142331927102070978791400,0.877383609922076543111906207334,4634,44,116,C1,Eckard Specht
1848,0.021782270098960198411448935536,0.044534604992620150290204886701,45.9088972571199612613646243357,0.876815553147174622944962038614,4680,42,115,C1,Eckard Specht
1849,0.021772018332186460586884551328,0.044513178400533216761033923049,45.9305143300223714574683619088,0.876464426393310058074238535365,4555,36,111,C1,Eckard Specht
1850,0.021762238396625140432572363753,0.044492738372634218009691262971,45.9511554728248311387774186671,0.876150787058359291671410852012,4324,25,112,C1,Eckard Specht
1851,0.021756212660244416577942790484,0.044480144810136632746352437811,45.9638823915028630335563186863,0.876138993027209731769010699147,3618,37,108,C1,Eckard Specht
1852,0.021748274282231968316862429607,0.044463554135362673549437350806,45.9806597536332259389483472856,0.875972728240616392738341704395,3442,47,104,C1,Eckard Specht
1853,0.021738294755661615380081802177,0.044442697979743747331540607694,46.0017683649981643897696204528,0.875641559312098862960656495679,4650,44,114,C1,Eckard Specht
1854,0.021734426237814453444082916175,0.044434613300821419035542852726,46.0099562352448325494805010318,0.875802316326493062385382707154,3309,56,104,C1,Eckard Specht
1855,0.021722090115735045013112997911,0.044408832901695335532091815288,46.0360856009717094784164905629,0.875280264137791732023172479075,3701,51,113,C1,Eckard Specht
1856,0.021718482264244309527702380553,0.044401293227969791949567104455,46.0437330672192258913315191047,0.875461227776418833251641108001,4705,37,115,C1,Eckard Specht
1857,0.021716254245628101518427314019,0.044396637151284393039611119697,46.0484570077880341298322024094,0.875753212041632331242480325354,3657,57,107,C1,Eckard Specht
1858,0.021710612692471450877973064681,0.044384847621058056069905925090,46.0604228063433767430656554987,0.875769607070489573827777871858,4540,36,115,C1,Eckard Specht
1859,0.021704715412954885738251627835,0.044372523827745548199905477704,46.0729376531299902268292292365,0.875764993681534798252383859741,3530,35,109,C1,Eckard Specht
1860,0.021704067789623619824450218396,0.044371170471055984541339618594,46.0743124142878222089641350323,0.876183799026834191683069726482,3772,39,110,C1,Eckard Specht
1861,0.021701613832957042020940186984,0.044366042385051066708043308605,46.0795223662746797691991081718,0.876456639938868725152407185472,4044,32,110,C1,Eckard Specht
1862,0.021701171184472782304814614413,0.044365117375735631437836318007,46.0804622708797103621175052294,0.876891826908248371289125006994,3664,31,111,C1,Eckard Specht
1863,0.021698828741460654592616894265,0.044360222350640983068569896748,46.0854367724128641205921444345,0.877173371383558211000872723632,3404,61,103,C1,Eckard Specht
1864,0.021698605555517127904398278070,0.044359755958108247441663792188,46.0859107946564859120723948947,0.877626156412504581433212435065,3273,58,109,C1,Eckard Specht
1865,0.021698334686217497640906288043,0.044359189921766981420335456781,46.0864861041703400147600859791,0.878075063009279015721262531322,3120,81,96,C1,Eckard Specht
1866,0.021697999814131323669587425014,0.044358490139055009080031561471,46.0871973714704752149362595026,0.878518763612924156852475654732,2496,218,90,C1,Eckard Specht
1867,0.021702472024060179826074713227,0.044367835762524647572338052735,46.0777002219545426294207856811,0.879351944080199254230763716941,2793,130,78,C1,Eckard Specht
1868,0.021680855825378941708782987512,0.044322664959542295081617720226,46.1236405082049766755703511799,0.878071163411381408558270977384,3271,50,104,C1,Eckard Specht
1869,0.021679009184917514049378689978,0.044318806175988869855964782066,46.1275693676867122195070032163,0.878391571939070203996388413998,2702,205,86,C1,Eckard Specht
1870,0.021665509941279040510067270855,0.044290598279896372244584633443,46.1563103158126823813333105968,0.877767380299285945403183190625,3498,54,103,C1,Eckard Specht
1871,0.021660608064204703525990254824,0.044280355555030553397584835250,46.1667556624392602431222367013,0.877839412941449079016654603627,3889,35,108,C1,Eckard Specht
1872,0.021647997777794123194160132100,0.044254006183098448999988671204,46.1936484964799131550679938735,0.877286232177974042136927532947,4424,28,109,C1,Eckard Specht
1873,0.021647540717129703716163589752,0.044253051161127130911535202780,46.1946238174158869107949989641,0.877717803773903686390812020176,3517,43,107,C1,Eckard Specht
1874,0.021646982585045060525795009786,0.044251884953023641372681137170,46.1958148703300392243750676357,0.878141136339795501605152694460,3329,39,108,C1,Eckard Specht
1875,0.021646095266282831681042498044,0.044250030917338329524761824355,46.1977085334949954957460665081,0.878537700519360025837983133988,4009,38,107,C1,Eckard Specht
1876,0.021641792356068137402363389374,0.044241040115941971588747048588,46.2068937520145007664473594707,0.878656822894825535067868322918,4288,29,108,C1,Eckard Specht
1877,0.021634756784705527750355710000,0.044226339671685750023687554416,46.2219201237769344677071336528,0.878553690027320221023786254501,4069,31,106,C1,Eckard Specht
1878,0.021633331527858107026326009062,0.044223361700663040521369740120,46.2249653370429777934317146063,0.878905939963144369929256828500,4703,24,107,C1,Eckard Specht
1879,0.021632459850862607724876919981,0.044221540398948773619641565301,46.2268279656658824724577114545,0.879303076775264249049820063898,5027,31,108,C1,Eckard Specht
1880,0.021619310040595067965956310777,0.044194065280442316390835644389,46.2549451449781402865323414156,0.878701785266984472287980714738,3358,55,106,C1,Eckard Specht
1881,0.021612015699585695532254902017,0.044178824855538536666381284211,46.2705568004547626905287568517,0.878576017708979670253808019271,4642,28,105,C1,Eckard Specht
1882,0.021607794430603806869304764612,0.044170005254750962469076015173,46.2795961527507026516226797197,0.878699740252148307100986289307,3448,65,100,C1,Eckard Specht
1883,0.021605157046334420069069345086,0.044164494941757554213629857581,46.2852455946235423153218209952,0.878952033106925145124838955189,4298,19,102,C1,Eckard Specht
1884,0.021597926434323469243318370787,0.044149388105060429270304552578,46.3007410938671379638465806977,0.878830283078452947996670778679,3561,47,106,C1,Eckard Specht
1885,0.021597378970271448964662249093,0.044148244303640755062350916222,46.3019147544009315116462093390,0.879252177256711671622948133909,4779,44,107,C1,Eckard Specht
1886,0.021589050616082103455129924048,0.044130844262681678154627693599,46.3197765285278715243604069562,0.879040282866082025720353335366,3594,35,106,C1,Eckard Specht
1887,0.021578378212752019297472069541,0.044108547342475043044719068780,46.3426857264480227397094829104,0.878637028674081534726566652512,3478,42,109,C1,Eckard Specht
1888,0.021576728572065727109411707957,0.044105100935663834920330822107,46.3462288390951074872831162577,0.878968247567464101113884353524,3474,43,107,C1,Eckard Specht
1889,0.021576575402437142570286774795,0.044104780936355532528556261078,46.3465578456462016158559216152,0.879421316917337916689497597143,3441,53,108,C1,Eckard Specht
1890,0.021572367022346730297636132983,0.044095988901489724960028201762,46.3555992239564590365505177544,0.879543665809513869075587187103,3067,80,103,C1,Eckard Specht
1891,0.021577966670329077007297259438,0.044107687552572859883730846413,46.3435695901345739177474702363,0.880465948878449284523818676118,2792,112,71,C1,Eckard Specht
1892,0.021550933257506676337574323437,0.044051211228102518766203455427,46.4017027964056932706181096939,0.878725634317907856851318962347,3875,52,101,C1,Eckard Specht
1893,0.021534272298685589675864323127,0.044016405866918872291356824710,46.4376035618829834129040281115,0.877831204340443782782242726692,4246,34,111,C1,Eckard Specht
1894,0.021532954244572877270979738031,0.044013652453564900295817178339,46.4404460550060380280129294419,0.878187416436858059610094672010,3650,70,105,C1,Eckard Specht
1895,0.021527809837962890551962803571,0.044002905865720800332741319787,46.4515437253893394015089262017,0.878231300214936991249743941795,3509,41,107,C1,Eckard Specht
1896,0.021525630760746745150354192746,0.043998353840341362009023969942,46.4562460963308386473458233776,0.878516870212620320885341640853,3402,41,104,C1,Eckard Specht
1897,0.021518116375802261803947138639,0.043982656676486108011647391101,46.4724691759976092723862481884,0.878366643491794277659780104543,3468,36,106,C1,Eckard Specht
1898,0.021511998058166253119062163088,0.043969876003538436003592326406,46.4856866059629508362803535538,0.878329982742733328044553295632,3655,41,109,C1,Eckard Specht
1899,0.021504390083413102614668638810,0.043953983779745872736905483936,46.5021326399452780712827787383,0.878171267640372398429533045876,4813,37,107,C1,Eckard Specht
1900,0.021496425938201118142195084784,0.043937347819730045582167071479,46.5193610730846373744233757390,0.877983023421475062447919064805,3517,49,109,C1,Eckard Specht
1901,0.021494832217271524586983246648,0.043934018797219740815177387328,46.5228102220998096181205648325,0.878314870704491037227190556333,4499,31,111,C1,Eckard Specht
1902,0.021484963498597920868302390990,0.043913404898540127510850724988,46.5441796103241517228372691603,0.877970154731633692947052135586,4806,41,116,C1,Eckard Specht
1903,0.021483844257459019210688642092,0.043911067040392676637718773827,46.5466044166098431598982749902,0.878340238441870530009990649089,4547,40,119,C1,Eckard Specht
1904,0.021478801851985735050579670204,0.043900534587574223142473954046,46.5575317883734318848585904659,0.878389320810032562901333512278,4808,33,112,C1,Eckard Specht
1905,0.021474831267577366858608966328,0.043892241004686210570813977924,46.5661400334165547141740462970,0.878525760034599813032442403728,4606,36,120,C1,Eckard Specht
1906,0.021471914902676657130462351334,0.043886149472227123137314309829,46.5724647537300681148713884801,0.878748204994323772185826774944,4574,39,125,C1,Eckard Specht
1907,0.021465895025240459296549370393,0.043873575619102522535693100701,46.5855254963354632966098936505,0.878716326090464389144784154243,3684,46,117,C1,Eckard Specht
1908,0.021458471159177199680559773731,0.043858069436453732805661842232,46.6016424274628447610130502058,0.878569098405469293699731212139,4796,34,128,C1,Eckard Specht
1909,0.021457543580476645865590647234,0.043856132025154174940189951564,46.6036569493378402633398395208,0.878953570953876069643755109376,4988,37,124,C1,Eckard Specht
1910,0.021456719242658574101926671564,0.043854410253682787142956143372,46.6054473981221727790406886363,0.879346429257304741509523218012,4952,50,115,C1,Eckard Specht
1911,0.021453892241752996546852853005,0.043848505597557903440168585123,46.6115886446854851016321078492,0.879574999824952133268202742005,4983,32,117,C1,Eckard Specht
1912,0.021449100811507250589033253509,0.043838497985735601641594399874,46.6220010240946301699313249830,0.879642225789648303897869549994,4810,40,117,C1,Eckard Specht
1913,0.021444314773334123972035739583,0.043828501733893480168750297493,46.6324063310007912264057422459,0.879709570855160575587808497822,4950,41,114,C1,Eckard Specht
1914,0.021438621668405291045360629608,0.043816611084645960440438981499,46.6447897382194376809863798864,0.879702151164506279606160114806,3840,29,117,C1,Eckard Specht
1915,0.021436009574915753887783966725,0.043811155498587349171867505546,46.6504736576621034206033893240,0.879947299939609969603991236867,4989,37,113,C1,Eckard Specht
1916,0.021411870075764906271379348006,0.043760739418375472082578979636,46.7030668718587641279187129842,0.878425033150992627205939193748,4959,42,117,C1,Eckard Specht
1917,0.021406880662047106336423968064,0.043750319185831783582458458972,46.7139522000946948078973308296,0.878473952564885227688866069774,4911,35,115,C1,Eckard Specht
1918,0.021398191505842879983882337240,0.043732172411922618884677841371,46.7329213184649342651220347504,0.878218826264353196163716226578,3716,31,116,C1,Eckard Specht
1919,0.021393049854044638284756087493,0.043721434536825943017245469982,46.7441532096900530683138412805,0.878254494968609853963852123119,4877,29,119,C1,Eckard Specht
1920,0.021391205962573330238047870953,0.043717583763620314355957283716,46.7481824890858789350394961423,0.878560689663806968045397184577,4825,29,119,C1,Eckard Specht
1921,0.021388633490429184076068271570,0.043712211450632079514799466408,46.7538050267433897380286087324,0.878806867411373000560890580093,4933,42,119,C1,Eckard Specht
1922,0.021374718481864845639457318826,0.043683152041006709444687410625,46.7842419000016046292023781045,0.878120650323989203317586421306,3480,57,118,C1,Eckard Specht
1923,0.021367949708944994334514350760,0.043669016772115630941184072928,46.7990618482868600587583438646,0.878021175371176746143585442383,4571,48,123,C1,Eckard Specht
1924,0.021359640434390330727425703482,0.043651664731814782842705501035,46.8172675037140928080845580951,0.877794676771915093583656379505,3535,52,120,C1,Eckard Specht
1925,0.021351065904536422428561851736,0.043633759074740288955302525937,46.8360691906970230117479656629,0.877545929375226108046094056065,4997,27,121,C1,Eckard Specht
1926,0.021346036008119039831455523792,0.043623255601090334532905509479,46.8471054588142962370853880166,0.877588165778595583391596632477,4340,39,128,C1,Eckard Specht
1927,0.021335652861394228993784852784,0.043601573764845679249832636745,46.8699039348099245835862951244,0.877189829983239360638372567600,4970,44,118,C1,Eckard Specht
1928,0.021335029898517781959516343055,0.043600272923440706696175587558,46.8712724920752722108057294992,0.877593789485808722370616338587,4469,28,121,C1,Eckard Specht
1929,0.021327725208234167663920002303,0.043585019740693303727398221348,46.8873257807129800326183170726,0.877447822874280091781508911686,3922,30,123,C1,Eckard Specht
1930,0.021312983122234511874523842873,0.043554236961736312319071939087,46.9197575142243740811767851508,0.876689471667500602913458187368,4795,18,126,C1,Eckard Specht
1931,0.021313793806192601497534540784,0.043555929717419294624430235992,46.9179728908447866665046551446,0.877210444183298512596385142901,3636,36,116,C1,Eckard Specht
1932,0.021307347283169539990618197716,0.043542469076519143870276953399,46.9321678907392650815186126570,0.877133889210484472375487179332,3525,36,113,C1,Eckard Specht
1933,0.021305896131670671943154716737,0.043539439028922780839881009152,46.9353644559228592964021237982,0.877468358878851472078720525723,3600,41,112,C1,Eckard Specht
1934,0.021301231814784871786655300977,0.043529699857052833884019100868,46.9456418621722479037829871571,0.877537950183810993326027755994,3187,67,103,C1,Eckard Specht
1935,0.021295824628934350647220690662,0.043518409678512421128972801116,46.9575617485745746998792292747,0.877546003721942500093654656230,3717,28,112,C1,Eckard Specht
1936,0.021286883436463472221376779719,0.043499740784523471699109260322,46.9772854718152426278981700814,0.877262402863160541639867102950,4282,21,113,C1,Eckard Specht
1937,0.021282796023812183212562338807,0.043491206524923809353035087752,46.9863075735515876568466006561,0.877378496567146024067597250081,3783,37,114,C1,Eckard Specht
1938,0.021276457596631896424886445550,0.043477972430059484114635433537,47.0003051710216035153307636614,0.877308661555151210069367764656,3589,51,104,C1,Eckard Specht
1939,0.021270392015428306990585535690,0.043465308174806141247473518344,47.0137080348428970971802476989,0.877260948814102778020420387981,3945,36,106,C1,Eckard Specht
1940,0.021268330290888369398067048570,0.043461003560270037296519315558,47.0182654831354140962322955152,0.877543234322900318212690737348,4990,42,107,C1,Eckard Specht
1941,0.021264799974245963159044925267,0.043453632757228737516732666184,47.0260713108569642331548268192,0.877704124530645455053875873890,3612,45,108,C1,Eckard Specht
1942,0.021262691078522037884893840007,0.043449229705879943962391894280,47.0307354937834917416008755449,0.877982145951083006845507024121,3624,56,102,C1,Eckard Specht
1943,0.021251570857055978376066482595,0.043426012700046405748760921091,47.0553450719610453028650509843,0.877515659743071097235659901934,3902,41,109,C1,Eckard Specht
1944,0.021248279779303221331387600093,0.043419141627688764595977453573,47.0626333231005789678219112445,0.877695381118637719895581266444,3868,56,111,C1,Eckard Specht
1945,0.021235118564571050176925977120,0.043391664264513096636207983140,47.0918020523046709985992958446,0.877059356577953663825987672838,4845,47,106,C1,Eckard Specht
1946,0.021231054266841435979689581848,0.043383179164798820440997349628,47.1008169180649428788176784749,0.877174416637927328286986666756,3800,43,111,C1,Eckard Specht
1947,0.021229166570444226861854626422,0.043379238214646156619047047193,47.1050051202775357656338272754,0.877469118347723059040616084066,4866,42,109,C1,Eckard Specht
1948,0.021224707808299190808808481709,0.043369929702193923995316073432,47.1149006635080483631199562888,0.877551055574874094438880124563,4825,38,108,C1,Eckard Specht
1949,0.021218782416138290185799871410,0.043357559452391659020113290718,47.1280576042588443005748761964,0.877511381358444597278202930725,4550,37,112,C1,Eckard Specht
1950,0.021214755402710723623125218345,0.043349152472030384772209127773,47.1370035155920115415023011726,0.877628401253845482638581477965,4570,28,114,C1,Eckard Specht
1951,0.021207460753768609558997686532,0.043333924000075614346496396519,47.1532170499147539616782535143,0.877474720055762526031439115268,3900,44,114,C1,Eckard Specht
1952,0.021198551623162517147242755676,0.043315325408061917884252433375,47.1730341665113472767032132383,0.877187009475617843660649517313,4859,59,106,C1,Eckard Specht
1953,0.021194940172389992350084564853,0.043307786284069489430693141526,47.1810720797725940766623570033,0.877337379843556254702576641541,4258,46,112,C1,Eckard Specht
1954,0.021191518290771208489889193287,0.043300642948589606989459032434,47.1886906015363036633719565006,0.877503194352649192116784753468,5058,37,114,C1,Eckard Specht
1955,0.021174472268659263854709449845,0.043265059336439871336679277565,47.2266787720664414580819875734,0.876540429298910475833334204669,4113,23,114,C1,Eckard Specht
1956,0.021173776078015585902567994176,0.043263606063139566416448722676,47.2282315783194193740052287591,0.876931119894204589987933965947,3691,41,116,C1,Eckard Specht
1957,0.021170124605216793403904613098,0.043255983776912051062899163669,47.2363776145926688044077663560,0.877076862041393549357646552305,4266,37,111,C1,Eckard Specht
1958,0.021166516195908040470403888659,0.043248451439661621052321196949,47.2444303419814686820408707717,0.877225916612665999185550130856,4293,35,114,C1,Eckard Specht
1959,0.021162540006422625738096636640,0.043240151447741861846808291038,47.2533070083510624999637228910,0.877344221966415332355632407872,3806,46,111,C1,Eckard Specht
1960,0.021157376586178568692496591647,0.043229373302911326380048779418,47.2648390941468483762751704017,0.877363784658379126864812984294,3982,55,114,C1,Eckard Specht
1961,0.021148757929795697904163634237,0.043211382937140688458797884085,47.2841007173824245893337451073,0.877096395429242067385657936085,3948,50,106,C1,Eckard Specht
1962,0.021147447489569711343707719705,0.043208647585039365794222079715,47.2870307630846408559683536463,0.877434918305900458252729396312,5013,37,108,C1,Eckard Specht
1963,0.021142931333206110670326892352,0.043199220825984008596936947267,47.2971313315219551707334179603,0.877507219542992705974591447729,3821,40,109,C1,Eckard Specht
1964,0.021136309997584722789215708118,0.043185399996873048652954288999,47.3119480228228801459353614258,0.877404431016695812005309768098,3671,42,110,C1,Eckard Specht
1965,0.021134918521603742995132079840,0.043182495568609563815988292175,47.3150629361460532970118244296,0.877735594497638877830563411208,5008,48,114,C1,Eckard Specht
1966,0.021127252489341256943266240139,0.043166494405057909035320275476,47.3322312262089966947700369530,0.877545328373307881155083074282,3936,58,115,C1,Eckard Specht
1967,0.021115638714292114537973738831,0.043142253670408926888258460914,47.3582643428706829356790698982,0.877026680080710993631642463842,3612,28,115,C1,Eckard Specht
1968,0.021114074604599532629383118147,0.043138989042203144181057862050,47.3617725960936967400334869207,0.877342560132114783165388176814,3696,38,116,C1,Eckard Specht
1969,0.021109856145787311431160359420,0.043130184277207776718227275307,47.3712370702043021215680946244,0.877437646170297782246589760070,4934,46,115,C1,Eckard Specht
1970,0.021107986314546451950848472861,0.043126281590706820049598412130,47.3754334069686000457044874402,0.877727759922508205175794834605,5020,42,113,C1,Eckard Specht
1971,0.021100378152337780151956303329,0.043110402091097041265308186037,47.3925155644287217555007824461,0.877540363556329074085846928037,4695,47,116,C1,Eckard Specht
1972,0.021095407480009124317955765457,0.043100027604739878000084570315,47.4036825762972877036788902311,0.877571979426316328062321754568,5080,53,115,C1,Eckard Specht
1973,0.021089022814691597797777510683,0.043086702072397812818024814339,47.4180339595134449143595718212,0.877485600708643710638906153492,4122,39,116,C1,Eckard Specht
1974,0.021087964714223022557641097845,0.043084493711565706440371456695,47.4204131859884227501113610157,0.877842252926134373474298196531,4121,38,114,C1,Eckard Specht
1975,0.021080248223014634134976245619,0.043068388771906350536792626599,47.4377715774825195353091176341,0.877644308659225489246196591173,4499,43,116,C1,Eckard Specht
1976,0.021075799603307122587391473981,0.043059104259076448623336111882,47.4477846070943073402630438099,0.877718113943471075660180582442,3746,46,118,C1,Eckard Specht
1977,0.021068200738563570141610320580,0.043043245207600072992037351278,47.4648980427447738839999512659,0.877529175826531681847197291010,3801,46,116,C1,Eckard Specht
1978,0.021064345976490010176040219488,0.043035200301294024817411487979,47.4735840892522121904576792052,0.877651796063361801304575972096,3826,35,118,C1,Eckard Specht
1979,0.021056669329403856753623960443,0.043019179291981301704584773171,47.4908915724665261804395107998,0.877455596707509134555705992663,4931,45,113,C1,Eckard Specht
1980,0.021054563200501220724296536493,0.043014783886905188288966266717,47.4956421787080436713243628724,0.877723370496522409531228184400,4973,38,123,C1,Eckard Specht
1981,0.021045765495760647501426086007,0.042996423640618123304988446903,47.5154966542526067518041213169,0.877432929944350386963459411657,4610,47,111,C1,Eckard Specht
1982,0.021040746169964656128756488686,0.042985948777021729098203934124,47.5268316019839985654250477094,0.877457164788764809877048936423,3730,52,110,C1,Eckard Specht
1983,0.021032419749630304313540476628,0.042968572553242856308728816357,47.5456467636148912689152955410,0.877205195480358884733397635465,3697,61,113,C1,Eckard Specht
1984,0.021030068940621325143535570090,0.042963666755043086903740607854,47.5509615695275696028012595570,0.877451378500214917694712980594,3569,53,111,C1,Eckard Specht
1985,0.021024791375262835354190691084,0.042952653325712771120207156359,47.5628976360056171522179910310,0.877453076961053117587461171304,4950,46,116,C1,Eckard Specht
1986,0.021017623632741640996437594445,0.042937695591073699135420355730,47.5791182425677083480928495750,0.877296639290813749104574382790,4172,50,120,C1,Eckard Specht
1987,0.021014623304626910328205610049,0.042931434533911215830585610118,47.5859112725482095915547972075,0.877487798166477100615676204210,5153,39,117,C1,Eckard Specht
1988,0.021009262236878551814893815296,0.042920247202506209645728588187,47.5980540737243355720525705030,0.877481530279007167214045598997,4840,23,117,C1,Eckard Specht
1989,0.021003125096801480445429483666,0.042907440534737625854776911325,47.6119622861403511996266621611,0.877410083761633580492052891854,3680,41,114,C1,Eckard Specht
1990,0.021000528724716645959268603919,0.042902022607551622711754368388,47.6178487269725972029175208467,0.877634191368121423000446252537,3841,52,114,C1,Eckard Specht
1991,0.020994256973936502609047122127,0.042888935276404368922498682563,47.6320739162837929555086072093,0.877550822342373817900322163100,4915,41,119,C1,Eckard Specht
1992,0.020989069819233454494962006939,0.042878111310479425322195484157,47.6438455163765411507551494264,0.877557775338300102874179284419,4980,42,113,C1,Eckard Specht
1993,0.020982457543499625915720782317,0.042864313729969586774620369811,47.6588596891883342049177332437,0.877445204457575361462633836225,4719,51,111,C1,Eckard Specht
1994,0.020974316236957432368586415259,0.042847325835905094652357554876,47.6773587611865619757661821500,0.877204351566144995369628029301,5002,30,115,C1,Eckard Specht
1995,0.020964329972877455255597284147,0.042826488584009760500686467792,47.7000696561133732181787461134,0.876808746767317647406504194348,5179,36,108,C1,Eckard Specht
1996,0.020959167343995878613295416178,0.042815716454106452193990269174,47.7118190616702887878202856949,0.876816244724232012326802243537,5067,33,114,C1,Eckard Specht
1997,0.020956228075777109510136072348,0.042809583548219747544534619715,47.7185110022676392965629152767,0.877009499842485581464181233944,5111,40,116,C1,Eckard Specht
1998,0.020950115543170494592733228545,0.042796829611585076987769682918,47.7324336440707084154570816863,0.876936867861843507471562671970,4318,32,125,C1,Eckard Specht
1999,0.020947416640044324100456280298,0.042791198340248608975680460627,47.7385835773343375971480987322,0.877149733519320074957408695513,5219,45,120,C1,Eckard Specht
2000,0.020945043128290298030484966376,0.042786246024869119083685967919,47.7439933579944840856804601500,0.877389663291881267842092863924,3889,46,126,C1,Eckard Specht
2001,0.020936517293408255652728813540,0.042768457129112566144670579130,47.7634358181837796900806920088,0.877113850510743084782536384952,4917,31,124,C1,Eckard Specht
2002,0.020930360686551881633825190076,0.042755611748371350748757783398,47.7774852987849978876015025461,0.877036156935251420908170341299,4938,40,121,C1,Eckard Specht
2003,0.020923837706321848123174343069,0.042742002128422062484816524606,47.7923798700591064619293803695,0.876927389674073364268009774807,5008,43,124,C1,Eckard Specht
2004,0.020917329059242501391447808710,0.042728422594067484438072574521,47.8072509720423132306944473147,0.876819448565152099723976015350,3857,46,127,C1,Eckard Specht
2005,0.020914274271883983856267376180,0.042722049198155104803389417891,47.8142338098886734835947037065,0.877000770980774627883431474442,4999,38,133,C1,Eckard Specht
2006,0.020910961052428717933617137749,0.042715136663987243063075870453,47.8218096955354576194587249766,0.877160194025198653985386199368,4935,51,129,C1,Eckard Specht
2007,0.020908950905513889283030310720,0.042710942817527675808807787532,47.8264071936909319505295606331,0.877428745534164511842703488668,3601,57,118,C1,Eckard Specht
2008,0.020903256952825690812524166053,0.042699063399536896229081772756,47.8394348907824408843028658055,0.877387871681598014155667768438,3417,86,111,C1,Eckard Specht
2009,0.020902759320247287814684251770,0.042698025184373389925329352612,47.8405738055529411822354635807,0.877783022525171379212293605258,3882,46,117,C1,Eckard Specht
2010,0.020901967698390550324324512800,0.042696373619003935346766399879,47.8423856753448103409290638053,0.878153429865769539059513633083,3619,54,121,C1,Eckard Specht
2011,0.020896264411653373411833124897,0.042684474897027616803354099965,47.8554434563109111317878867706,0.878110925253441652478719393532,3365,89,102,C1,Eckard Specht
2012,0.020896112096411033921203753491,0.042684157124843621867906213735,47.8557922826109271866037613044,0.878534771500500376423285751489,4860,50,119,C1,Eckard Specht
2013,0.020890834580829554800051763382,0.042673146812768101963903860839,47.8678817799672112908529790567,0.878527489570454512700966810912,3584,51,115,C1,Eckard Specht
2014,0.020889606362683476787523763025,0.042670584437532658340268293248,47.8706962035612095629331699258,0.878860567131562118244669910510,3498,69,114,C1,Eckard Specht
2015,0.020888904442745585431093464793,0.042669120057018264454089174414,47.8723047798366249524388424519,0.879237852568584857878118943097,4290,101,118,C1,Eckard Specht
2016,0.020887540459480660845927382606,0.042666274452850543514975023095,47.8754309029289887865519034015,0.879559322436026218050546936315,3702,72,118,C1,Eckard Specht
2017,0.020885317509629605678322578660,0.042661636850359483907653396645,47.8805265727432398111274382960,0.879808315243208685051028077543,3382,108,113,C1,Eckard Specht
2018,0.020876194591414055937948977307,0.042642604492089683247189392595,47.9014504114307869942760393465,0.879475680248305502566090004743,3770,71,118,C1,Eckard Specht
2019,0.020872005186188564331664461060,0.042633864615744202787343328651,47.9110651362678174270959189891,0.879558372393918016219895829285,3709,47,116,C1,Eckard Specht
2020,0.020867769450334103938782837743,0.042625028161149065207191738448,47.9207901151116788513760157343,0.879636879701240567076328456821,3618,47,120,C1,Eckard Specht
2021,0.020865704104040983159371298154,0.042620719530506842629947410301,47.9255334501908194137524010673,0.879898145277690702821914642723,3843,57,119,C1,Eckard Specht
2022,0.020862413676187054587124957938,0.042613855228487971860284996291,47.9330922836329388876251201312,0.880055895489433153031689919887,3836,50,117,C1,Eckard Specht
2023,0.020855392184163225461549793773,0.042599207548484665083642602044,47.9492301640513453110863554191,0.879898556123084004465574970862,3629,38,120,C1,Eckard Specht
2024,0.020850299869853159635759638729,0.042588584497512024528611527124,47.9609409093377515069972755818,0.879903649437504539745800697881,3770,56,114,C1,Eckard Specht
2025,0.020844765402990345961822624533,0.042577039199651348114114744338,47.9736749570970040669420920258,0.879871095529049142176179249587,3634,40,112,C1,Eckard Specht
2026,0.020843995788541705191410390367,0.042575433738626681355379492158,47.9754462697462646261137404717,0.880240597036740037703383148285,3423,85,98,C1,Eckard Specht
2027,0.020843903677693570377087096456,0.042575241590146691633241962462,47.9756582770129399978521333753,0.880667285704109221003948189625,3104,197,82,C1,Eckard Specht
2028,0.020843557907754556859693377697,0.042574520294665853026496583174,47.9764541363623845846925368738,0.881072521882944730251450630822,2603,263,59,C1,Eckard Specht
2029,0.020843353965363344745584779498,0.042574094859641145963020300501,47.9769235633459068838461607367,0.881489725782093143182304280282,2154,468,47,C1,Eckard Specht
2030,0.020822845700295309608381552692,0.042531314397725199380258713116,48.0241756767096439411287568060,0.880189533208362931520946415402,3717,45,109,C1,Eckard Specht
2031,0.020815642861915176367562918848,0.042516289624467007677927698308,48.0407934856350339802736777351,0.880013996129999275590885047309,3687,57,104,C1,Eckard Specht
2032,0.020802044736914040205861587553,0.042487925194502784508231387241,48.0721973559388118235685551592,0.879297332560716580251492714024,4128,47,107,C1,Eckard Specht
2033,0.020797190494938022732703244044,0.042477799885909154765368588551,48.0834178175844072749414909249,0.879319528337411312398246348797,4231,80,113,C1,Eckard Specht
2034,0.020789845569720107571740370541,0.042462479531405537302537398048,48.1004053948565688776416912082,0.879130758705257135023377701790,4094,45,104,C1,Eckard Specht
2035,0.020785831218005830518979251853,0.042454106324585774806319081445,48.1096949894284230356189222390,0.879223336126671396957843493008,4021,48,108,C1,Eckard Specht
2036,0.020779162831268664120676790955,0.042440197435643760747561770862,48.1251342087368092936119680998,0.879091065823615909124652966096,3704,38,109,C1,Eckard Specht
2037,0.020766510995538684532028723377,0.042413808818264535152883181929,48.1544540734277515760589574903,0.878452133075987849281393360976,3788,34,106,C1,Eckard Specht
2038,0.020760896043315639707772083539,0.042402097627494207379233176153,48.1674778349448349661513548181,0.878408171614529609737029078225,3771,49,108,C1,Eckard Specht
2039,0.020758244986182405377492266856,0.042396568324212229042965102239,48.1736293538130840013656430491,0.878614754474082254320699350170,3865,60,105,C1,Eckard Specht
2040,0.020754618437339247457942330478,0.042389004488781822245550137858,48.1820469510978156969035321093,0.878738540418266141161881100060,3885,37,114,C1,Eckard Specht
2041,0.020748229893169102940429200544,0.042375680139757290362639519409,48.1968825846308915021148011148,0.878628138191283564189952513578,3905,27,116,C1,Eckard Specht
2042,0.020742269175456862276138774282,0.042363248249246292818816083888,48.2107329502426214083702609825,0.878553613777194334332806941336,3774,47,109,C1,Eckard Specht
2043,0.020736345022963810447501298437,0.042350892770446135641443340459,48.2245062421840290432158035636,0.878481838033982012545357156146,4011,32,110,C1,Eckard Specht
2044,0.020729774289812432109407471633,0.042337188950636703946183797468,48.2397920025326159028110364727,0.878354920065826063113162763378,4282,45,108,C1,Eckard Specht
2045,0.020728275182117394703226677031,0.042334062460492830597107231290,48.2432807946661933874951831769,0.878657546692319101166380583119,3916,49,120,C1,Eckard Specht
2046,0.020728037798580571947837915361,0.042333567382004082096026460000,48.2438332907941074054189641477,0.879067073303821553200335145508,4403,53,113,C1,Eckard Specht
2047,0.020725647712163830462865767854,0.042328582717893916427494888868,48.2493967806421083585594294221,0.879293912412613565252860033728,3966,43,110,C1,Eckard Specht
2048,0.020723000278397327447394698600,0.042323061369333990351457302857,48.2555608051817225962533705416,0.879498732622757295902295261250,3915,16,112,C1,Eckard Specht
2049,0.020717817737889945829191926066,0.042312253021968518494607661635,48.2676318834073939474000093505,0.879488114260055480614440610731,3729,34,114,C1,Eckard Specht
2050,0.020716123761381999085681299559,0.042308720206752771996405271246,48.2715787720940281866984378453,0.879773456578636524874155985873,3982,21,115,C1,Eckard Specht
2051,0.020714990774719641115695026197,0.042306357351691565477761053308,48.2742189400532864182618673847,0.880106338576072386140158096306,3725,28,112,C1,Eckard Specht
2052,0.020714266693717470533760431084,0.042304847276354331851617102799,48.2759063975600354924509222463,0.880473893239145367648725807682,3530,31,111,C1,Eckard Specht
2053,0.020713741959702105288638840373,0.042303752941766960233740889336,48.2771293542937184254825338141,0.880858344562822777972114545711,3102,65,106,C1,Eckard Specht
2054,0.020695196158871843614917040878,0.042265076363761427879475728484,48.3203924390592951625271806341,0.879710009887293751600868433467,3754,35,113,C1,Eckard Specht
2055,0.020689481136734886450225003424,0.042253158192868602985071469024,48.3337399034365126215055479138,0.879652264048519356294912207785,4005,51,123,C1,Eckard Specht
2056,0.020681304966981360449102871761,0.042236107759147947318695461062,48.3528482170997075155389901376,0.879384867282263903106285244230,3971,55,125,C1,Eckard Specht
2057,0.020674099107889438360363794181,0.042221081029423406866433414331,48.3697013727863103118335351049,0.879199595159271329797672007199,5212,40,133,C1,Eckard Specht
2058,0.020662041413100052880681392353,0.042195937024464145760247025370,48.3979283560038060528191903129,0.878601268124009634740177057242,5164,43,129,C1,Eckard Specht
2059,0.020659456914868569061656161532,0.042190547630728891851295510134,48.4039829372427518575466368370,0.878808296475642800500914877064,5367,44,129,C1,Eckard Specht
2060,0.020653962713216270346530925538,0.042179090794989619916624446337,48.4168589769027568947527172695,0.878767522063391679413726930973,5337,58,125,C1,Eckard Specht
2061,0.020647498847869561083053886075,0.042165612123478356325309782960,48.4320162634701612914178196358,0.878643889074588970650601777655,5371,53,130,C1,Eckard Specht
2062,0.020639469407185579956069334637,0.042148869108891597373077259168,48.4508579300906101008186741542,0.878386632059728218070095594039,4971,35,133,C1,Eckard Specht
2063,0.020638633942655676130090567101,0.042147127011434974001875421132,48.4528192504646460375636817345,0.878741474332071112916418694159,4128,47,133,C1,Eckard Specht
2064,0.020634444063517603151652919478,0.042138390386389835279563349316,48.4626577251981269248872781819,0.878810501656741667746818342448,4090,40,135,C1,Eckard Specht
2065,0.020631374279827647818221354181,0.042131989402165095626366120901,48.4698685815491825588922541951,0.878974693652499283906929510436,4004,54,106,C1,Eckard Specht
2066,0.020626627700411478486490790718,0.042122092112796039623030682660,48.4810224203567266728213416450,0.878995753421995453918227344912,4084,43,129,C1,Eckard Specht
2067,0.020621528204562234115317133077,0.042111459049652137315600293298,48.4930112880171281169816226098,0.878986428491045671067257661419,5176,37,129,C1,Eckard Specht
2068,0.020615942974736928081611512592,0.042099813299707701441664147273,48.5061489171470026172436826465,0.878935372597366931730535834754,5371,40,132,C1,Eckard Specht
2069,0.020610544198769188444329426923,0.042088556450524300005454536259,48.5188547355153080856726795108,0.878899887058526355239195257113,5292,51,130,C1,Eckard Specht
2070,0.020601707096573714009286620654,0.042070130703413730362156172425,48.5396668981043216892870392660,0.878570794056542559379247735950,5232,58,125,C1,Eckard Specht
2071,0.020599662129122256934144221077,0.042065866903627874327705402878,48.5444855227152012300067523199,0.878820731336200985242889753304,5174,34,131,C1,Eckard Specht
2072,0.020593501410680072128370460276,0.042053021784808967534268119664,48.5590080121773897054643846095,0.878719246328685354234321218402,4763,40,132,C1,Eckard Specht
2073,0.020591447536908503638666271309,0.042048739486955790425046528814,48.5638514828829255853124043573,0.878967986282074198177497314539,5086,32,130,C1,Eckard Specht
2074,0.020590433977721013701417316467,0.042046626236960065788248358247,48.5662420268560944703728647097,0.879305424664701725606707531006,5103,34,127,C1,Eckard Specht
2075,0.020588979343997387110785209389,0.042043593363299166390832028435,48.5696732845353476389155323495,0.879605096137168484550603354410,5151,49,121,C1,Eckard Specht
2076,0.020583856874330675578405037428,0.042032913218359219293761776299,48.5817602651066314601698099707,0.879591160096403114779466526746,5144,56,120,C1,Eckard Specht
2077,0.020586077101226241681014091361,0.042037542289163256848521309936,48.5765206786500107699099427104,0.880204706757420462618924695987,5433,49,115,C1,Eckard Specht
2078,0.020566441829360200247113559074,0.041996604379726703557128231231,48.6228978399375813673557905286,0.878949384343509521526209540234,5400,44,125,C1,Eckard Specht
2079,0.020564723931824604910035733065,0.041993022784270554393154152421,48.6269596088506796083005710553,0.879225462545299886187331478533,5381,45,126,C1,Eckard Specht
2080,0.020549298624570943101522084836,0.041960863565085711004211469156,48.6634613798591091236741494939,0.878329241840529968231196722306,5096,50,126,C1,Eckard Specht
2081,0.020540826352998383145245226957,0.041943200708437744771693242602,48.6835331166717211867176744826,0.878027063856452376547999301420,3949,37,118,C1,Eckard Specht
2082,0.020539919253877382720035233138,0.041941309620767194242030038417,48.6856831149045035109939954727,0.878371405113981468026999696199,4112,55,114,C1,Eckard Specht
2083,0.020532990675453760749037491616,0.041926865284852401849804827127,48.7021114364725095476077718187,0.878200519761038672309934069379,5388,32,131,C1,Eckard Specht
2084,0.020530883806395553422428851628,0.041922473035560959589913986101,48.7071092228621488234767614028,0.878441823692654410833191617227,4015,42,118,C1,Eckard Specht
2085,0.020525608410904002804717396244,0.041911475352823311582158389430,48.7196276953603500963705127907,0.878411752329757003661986875923,4091,47,119,C1,Eckard Specht
2086,0.020521706720977138053814993421,0.041903341527408699632656369727,48.7288905156122973166147415099,0.878498971903391127663002172787,5247,34,116,C1,Eckard Specht
2087,0.020516311263190050399218562698,0.041892093761456892486183865858,48.7417054250965533045864482001,0.878458011118982449089288585136,3896,49,114,C1,Eckard Specht
2088,0.020513731544824699838387502728,0.041886715935647605401633266396,48.7478349716575421504469587488,0.878657923792867897247708587616,3969,57,118,C1,Eckard Specht
2089,0.020509877261461541778049364725,0.041878681132829297649507369820,48.7569958245932288738708210313,0.878748431370373715254592377588,4496,51,116,C1,Eckard Specht
2090,0.020505715475061604443373650453,0.041870005367120688013513341672,48.7668914169889867156265680938,0.878812327331338210581328081511,4076,58,118,C1,Eckard Specht
2091,0.020500898725483734405529674287,0.041859964340565768137820413662,48.7783493489944175203443628879,0.878819800323362406603088293722,3866,51,121,C1,Eckard Specht
2092,0.020499463009713454062853756638,0.041856971457518949675849237892,48.7817656260635003212685992554,0.879116941872388505810179051192,3969,51,114,C1,Eckard Specht
2093,0.020496323225538110208773467934,0.041850426315975010352394482278,48.7892383914991666874072672407,0.879267763247679089810666913503,4880,47,118,C1,Eckard Specht
2094,0.020491942334259962260553301822,0.041841294053454120631998814340,48.7996688497471119114055571836,0.879311853120551011022131302993,3917,39,122,C1,Eckard Specht
2095,0.020480918852904069621740479246,0.041818315226527818153226473527,48.8259343822460429897863334248,0.878785537639110630394583460214,5305,36,117,C1,Eckard Specht
2096,0.020480420894712191879171579802,0.041817277227718930871371179593,48.8271215294305035371611336983,0.879162253491485595103612880267,3851,62,118,C1,Eckard Specht
2097,0.020472866739329694191936349106,0.041801530645055618492378103354,48.8451379444059811068650343282,0.878932957487760279536195816422,3798,64,120,C1,Eckard Specht
2098,0.020467550238210807101726721998,0.041790448582256310844399214165,48.8578256001103175789146975694,0.878895445557227493188923966917,3847,50,120,C1,Eckard Specht
2099,0.020458671381473273385643182337,0.041771941180525141383895440052,48.8790294029341717137736495354,0.878551635625043313117106689045,4272,39,117,C1,Eckard Specht
2100,0.020454166602871532286906571964,0.041762551389627489265896411078,48.8897944079330700698113907910,0.878583155977852835150713255809,3784,56,113,C1,Eckard Specht
2101,0.020452356505713305475907985678,0.041758778435226965669605208829,48.8941213067869684844494421186,0.878845960823902872063377485250,3673,46,119,C1,Eckard Specht
2102,0.020448662666621807758835822775,0.041751079065011491332240608722,48.9029535233270870012604070708,0.878946685801620838706786795806,4524,75,118,C1,Eckard Specht
2103,0.020439716940843649202162072707,0.041732432999448753638535880994,48.9243565796036413019584915841,0.878595606191668249890798224200,4945,40,120,C1,Eckard Specht
2104,0.020434798880564377059291198043,0.041722182162477247189961372474,48.9361312457596142563273457100,0.878590435128298207848089143837,4091,87,107,C1,Eckard Specht
2105,0.020430479100096192348857638440,0.041713178420102880098018190933,48.9464782054617467728942013372,0.878636422526178711853995378726,3856,77,113,C1,Eckard Specht
2106,0.020428913084805971397951346930,0.041709914385365268138297940825,48.9502302862970815146727548703,0.878919071574728263476087069618,3910,56,113,C1,Eckard Specht
2107,0.020421751138431541205510202578,0.041694986923535685520707232935,48.9673972237428481766747629039,0.878719966512983103077398347939,5104,60,112,C1,Eckard Specht
2108,0.020416909089214913501688549893,0.041684894887746425275029963081,48.9790102718458428354144177034,0.878720172604317884813470783132,4033,43,117,C1,Eckard Specht
2109,0.020414065832771383371753614165,0.041678968880103223731258512256,48.9858320332575061384287997875,0.878892182786342903535750631640,4055,43,116,C1,Eckard Specht
2110,0.020404227901165712880633966246,0.041658464608209988384094575544,49.0094506316932998050781743512,0.878461609272116733914683633234,4392,37,109,C1,Eckard Specht
2111,0.020406195872367805869820647414,0.041662566231807369617031389226,49.0047241658651356692639058813,0.879047484090821692674815222239,4105,56,112,C1,Eckard Specht
2112,0.020404000729277572582363817379,0.041657991140159191975141332468,49.0099962878900644430931323297,0.879274695045879715517891681979,4036,57,110,C1,Eckard Specht
2113,0.020393818023731754511111277476,0.041636768732081789369932981845,49.0344671525619216054713668623,0.878813210105287067075546809914,4131,44,117,C1,Eckard Specht
2114,0.020389452714248464901679491470,0.041627670854999235685010785365,49.0449652580024638874814844037,0.878852759119617631595370353768,4176,37,116,C1,Eckard Specht
2115,0.020387492403471231285580063588,0.041623585336801744672619005441,49.0496810598314294188229471222,0.879099425350877999573391012064,3966,31,116,C1,Eckard Specht
2116,0.020387198487886014835771217486,0.041622972783566476899241717677,49.0503881930710428345770632306,0.879489716382321189554519509897,3857,64,109,C1,Eckard Specht
2117,0.020376887229330531349173706448,0.041601483190200671534451485503,49.0752090221414212524486433127,0.879015517693059279717371909080,4198,31,117,C1,Eckard Specht
2118,0.020372187571623586204311028189,0.041591688829502396675660738585,49.0865301767052101998491683806,0.879025124028331932779845663362,4104,40,118,C1,Eckard Specht
2119,0.020368167935788625271901151402,0.041583311748598966443831991761,49.0962173501581295874617658904,0.879093139663173792667820133074,3766,52,111,C1,Eckard Specht
2120,0.020366359092867055414000661162,0.041579542070458032040518012557,49.1005778421255324368914037224,0.879351795323170207181482588049,4171,35,121,C1,Eckard Specht
2121,0.020364990176841356297459616099,0.041576689221259242977815469016,49.1038783380892185671024311924,0.879648321618934110191932634169,3666,73,115,C1,Eckard Specht
2122,0.020358294359272789588830242966,0.041562735114380623322651436705,49.1200285422987958089881606626,0.879484436642289955201930872218,5175,58,111,C1,Eckard Specht
2123,0.020353687397411233798674547246,0.041553134300762840688624404157,49.1311466308158516687360035242,0.879500709995672804689060729326,3858,36,115,C1,Eckard Specht
2124,0.020351898875122505642044964571,0.041549407081488769645147240800,49.1354642697427725108258599986,0.879760349336503797106348129437,4079,28,123,C1,Eckard Specht
2125,0.020349473672989972166527796942,0.041544353064936265119677166999,49.1413201181369336428807054323,0.879964792381387975907855960383,3924,37,122,C1,Eckard Specht
2126,0.020341589917810523345504573045,0.041527923832356921597478025651,49.1603657354447086948360376895,0.879696876097172180302173443374,4037,41,112,C1,Eckard Specht
2127,0.020340466437118974972413075439,0.041525582593257924689500682912,49.1630810478916464283530087385,0.880013440768831538625973390340,3962,42,116,C1,Eckard Specht
2128,0.020333718542233006442478219695,0.041511520661864454711771182497,49.1793961799464394225351982138,0.879843113558108809924682019390,4701,48,109,C1,Eckard Specht
2129,0.020329022409102610034083096755,0.041501734509056455867331782769,49.1907569324256203467393442388,0.879850024841755868468349516809,4027,50,115,C1,Eckard Specht
2130,0.020326732168741518010402523368,0.041496961969248400862067785168,49.1962993214325732246251884526,0.880064966605270175737844585665,4199,61,114,C1,Eckard Specht
2131,0.020317388759358253500445176667,0.041477491845300590849025670973,49.2189233490645710207456477542,0.879668885463649744322571555292,4320,38,110,C1,Eckard Specht
2132,0.020309026413042415476110130275,0.041460066409889775026100292245,49.2391894944704012451428935502,0.879357372798935352678179380705,4157,43,114,C1,Eckard Specht
2133,0.020305317755427640680612964096,0.041452338414058253667231851762,49.2481827689053799592585421533,0.879448546874571704647637539567,5435,41,114,C1,Eckard Specht
2134,0.020302285699348089693392859119,0.041446020344838075426502063290,49.2555377659821914892627610609,0.879598105054713732307658412222,5401,44,114,C1,Eckard Specht
2135,0.020297373817746315182244692127,0.041435785258312460436178021825,49.2674574050404576311412683583,0.879584524620807291442113364180,4989,44,112,C1,Eckard Specht
2136,0.020292707485669857900754576560,0.041426061928334655575164024436,49.2787865151149501977484481546,0.879591935083381734306409404260,4352,62,114,C1,Eckard Specht
2137,0.020289381289915503754346688336,0.041419131123900838083644807228,49.2868651690740913207416851063,0.879715268313624165625677483919,3932,43,113,C1,Eckard Specht
2138,0.020279324712250333898430380441,0.041398176487995781384552413108,49.3113066726487213004758071693,0.879254661058088593651070611892,5275,31,116,C1,Eckard Specht
2139,0.020275158377606452838798411341,0.041389495328160563466912224797,49.3214396344485271450397317596,0.879304499039996750586633546690,4550,43,116,C1,Eckard Specht
2140,0.020272612201491539210785196364,0.041384190038914827776053746381,49.3276342516148905239969768628,0.879494643710216172490506064613,3341,83,111,C1,Eckard Specht
2141,0.020271832336383773827612184959,0.041382565094002657145417297542,49.3295319044843059482720586562,0.879837925813607757357948423330,3362,100,104,C1,Eckard Specht
2142,0.020262573171827769868401890211,0.041363272683021528212360471534,49.3520734765492652953320406461,0.879444948846550758214395894607,5179,38,116,C1,Eckard Specht
2143,0.020248466779661092406890327639,0.041333881281321478234085086615,49.3864553243343121264309625535,0.878630872044644255804959016726,4247,41,118,C1,Eckard Specht
2144,0.020243140825929852240236689805,0.041322784599833703495752158907,49.3994488601827830148932062514,0.878578505068629504039585205028,4098,37,122,C1,Eckard Specht
2145,0.020241330328727544834183499896,0.041319012437050225012830571096,49.4038674217350320922360164716,0.878831067707447579479338305047,4045,38,121,C1,Eckard Specht
2146,0.020237718100863724157067888629,0.041311486418186364398888120542,49.4126855120746577578636518034,0.878926992013838418443215983585,4227,39,122,C1,Eckard Specht
2147,0.020228029237627740568621655465,0.041291300100957306815398472962,49.4363533022693937619728562918,0.878494789201878861204155425502,4210,41,115,C1,Eckard Specht
2148,0.020222158850796961861007083267,0.041279069604346115361364627794,49.4507044167833581516885939566,0.878393902044587955781872083736,4188,39,117,C1,Eckard Specht
2149,0.020220371101027132709191790452,0.041275344995179722372886033844,49.4550765168302511161123471458,0.878647462638531167843037036966,4317,48,115,C1,Eckard Specht
2150,0.020215697062918822661128118525,0.041265607138874553637170147211,49.4665109438287173704912387148,0.878649976640365132922002032653,4016,44,116,C1,Eckard Specht
2151,0.020215456373581137968293255338,0.041265105691010105461528856363,49.4670999021750746831626073830,0.879037718919541007534017381311,5379,40,119,C1,Eckard Specht
2152,0.020207802923497395016190976191,0.041249160758359378709128001521,49.4858349413736507038336914641,0.878780603437046029164488143548,4942,50,122,C1,Eckard Specht
2153,0.020195026307038886861329864429,0.041222542953466061323225437615,49.5171427259520050565965721914,0.878077555477910284443704649886,5408,39,114,C1,Eckard Specht
2154,0.020191310190839660595528771644,0.041214801217515982499522921537,49.5262561244627560391227454228,0.878162121557707714157386454853,4378,30,115,C1,Eckard Specht
2155,0.020190086818078550981269197647,0.041212252593998514947982811635,49.5292570562194314709310643262,0.878463350329938671218843965831,4195,38,113,C1,Eckard Specht
2156,0.020186132741671249143295031276,0.041204015203734931941648604668,49.5389588881306473266797650392,0.878526783118786078783308408222,4291,49,115,C1,Eckard Specht
2157,0.020180163395588704462251824167,0.041191579597987188467613280254,49.5536126441174222769819975597,0.878414511508923803198338973440,4118,68,112,C1,Eckard Specht
2158,0.020177990864430304219389122617,0.041187053722608196786794748604,49.5589480002588713416617635277,0.878632538471420816305058550515,3864,57,114,C1,Eckard Specht
2159,0.020177521707685925485015834502,0.041186076365286836351196042396,49.5601003179238192531111467381,0.878998813308271235857699509879,3727,57,112,C1,Eckard Specht
2160,0.020176655915078394179647302157,0.041184272730145684082116818493,49.5622269720465027752361817514,0.879330478857410776324256861025,4940,78,114,C1,Eckard Specht
2161,0.020186505677558025798831646033,0.041204792125295936247061029801,49.5380436799287901640804003315,0.880596719786848088531592699676,2420,490,58,C1,Eckard Specht
2162,0.020163158893126006468098150760,0.041156155897034177955612026876,49.5954034435010320968451424305,0.878967535299903035345857359396,4395,57,115,C1,Eckard Specht
2163,0.020160209644447869966521561323,0.041150012160931702373834313184,49.6026587836302789427081553642,0.879116856440196315732079877385,4114,67,116,C1,Eckard Specht
2164,0.020147722217019050196968479371,0.041123999349382327682908812097,49.6334021895183087590051580143,0.878434057595928799608554635803,4422,47,114,C1,Eckard Specht
2165,0.020153879522221634309309245276,0.041136825672983206055740389643,49.6182384586253802847398569905,0.879377231458826109224368068040,3942,42,130,C1,Eckard Specht
2166,0.020149622704194182408657612840,0.041127958249713951481590331863,49.6287208291919080020304123388,0.879411801232904046554865047812,4698,53,128,C1,Eckard Specht
2167,0.020148033728576443758249990452,0.041124648257317156046108164139,49.6326348005699336827966522105,0.879679051198059606192805916182,3938,57,128,C1,Eckard Specht
2168,0.020143117591103578780170330855,0.041114407527726710870495865707,49.6447481616083396642648995856,0.879655563874609327077276026543,5219,45,125,C1,Eckard Specht
2169,0.020138239873369322891273973281,0.041104246931254452833835378258,49.6567727014908328743667108792,0.879635141573078356029929568576,3965,62,122,C1,Eckard Specht
2170,0.020132647576861072925128155169,0.041092597946190443178053965673,49.6705659890119769536599769546,0.879551991645375367822097067800,3876,38,121,C1,Eckard Specht
2171,0.020129308020727018814815490224,0.041085641575965842333403303803,49.6788065923729936996495433200,0.879665408864865354124209533657,4285,46,128,C1,Eckard Specht
2172,0.020127711182984816941187473534,0.041082315343940779444887524414,49.6827478747489704618616912472,0.879930973215396272242903713817,3913,77,125,C1,Eckard Specht
2173,0.020122860168764099012802353100,0.041072210690066422671293010485,49.6947248856929148727838794095,0.879911806480557864494373566465,4936,50,124,C1,Eckard Specht
2174,0.020118216565139506867263832169,0.041062538165813149052552963562,49.7061952167660068342496488699,0.879910494494269852406901881615,4292,63,124,C1,Eckard Specht
2175,0.020111342016259792764988837875,0.041048218799963925147337513092,49.7231860107352010547308867794,0.879713718986573901759328601531,4188,65,123,C1,Eckard Specht
2176,0.020103983231636996090822071214,0.041032891016209455413635975762,49.7413864943108363683580028350,0.879474228508800740595107847671,4092,50,115,C1,Eckard Specht
2177,0.020103734100708019427224988619,0.041032372099628276143471360333,49.7420029030717082353145253774,0.879856591672119731924461377020,4118,62,112,C1,Eckard Specht
2178,0.020101847527856343359550264019,0.041028442552202474024301482608,49.7466712258283545996787669320,0.880095548844275150614532617325,3842,38,114,C1,Eckard Specht
2179,0.020097504299574372664520992320,0.041019396088401335370516620218,49.7574218715892061728037253484,0.880119190696603251991061837041,5255,37,118,C1,Eckard Specht
2180,0.020095619953065039151016489085,0.041015471228126379806301362684,49.7620875760778533902861830865,0.880357992029696083401123304538,4009,45,119,C1,Eckard Specht
2181,0.020094075947624193180291311656,0.041012255267374357052522568367,49.7659112370496534978011672860,0.880626488139967164504446129916,3883,55,108,C1,Eckard Specht
2182,0.020090918783568569670548459818,0.041005679340430789935517132675,49.7737316432662902272616606115,0.880753428333263354765509758511,4361,29,125,C1,Eckard Specht
2183,0.020085614590014115720184164122,0.040994631549592989364864982123,49.7868758517932521173419751800,0.880691867080097416110410314441,3835,59,123,C1,Eckard Specht
2184,0.020081659485492229706110349968,0.040986393774298214827797962417,49.7966814307571949218352989319,0.880748336157711935917483408331,4151,61,118,C1,Eckard Specht
2185,0.020081586755789939662295133225,0.040986242291959694629653824471,49.7968617799427216538295217823,0.881145226687244641532419125820,5800,51,116,C1,Eckard Specht
2186,0.020076644361645808177294078073,0.040975948263968510084519342992,49.8091205874218983292980055659,0.881114624329273663264009762950,3866,60,132,C1,Eckard Specht
2187,0.020073408521301081749174171350,0.040969208705747069179506431599,49.8171498347597927307125291160,0.881233562773074781490298843674,5391,62,123,C1,Eckard Specht
2188,0.020066142615599985418866875588,0.040954075551914748873117968103,49.8351885141378286543706650329,0.880998373879480039325896207907,4916,43,133,C1,Eckard Specht
2189,0.020064048678448462787632259436,0.040949714420396320325407287352,49.8403894461309300862687370820,0.881217082073446268824118104783,4007,44,130,C1,Eckard Specht
2190,0.020058656106509099876263329776,0.040938483168415558498054509600,49.8537885434656168795111725145,0.881145809710236616203498595227,4430,52,122,C1,Eckard Specht
2191,0.020047461115624704992965934857,0.040915167459941867810422038758,49.8816281140265824558451897221,0.880564427526823630065099176182,4397,56,124,C1,Eckard Specht
2192,0.020042123900606623896159315828,0.040904051876968287134762629551,49.8949115851804785188296951467,0.880497313140409861485319492402,5423,24,131,C1,Eckard Specht
2193,0.020041959709860234129153385958,0.040903709926042012408118941260,49.8953203417538285680315839746,0.880884566782572397988375641985,4443,27,129,C1,Eckard Specht
2194,0.020040465535618723114418705065,0.040900598097802653000971606146,49.8990404301067704861866852162,0.881154847992202105388437362101,4404,41,124,C1,Eckard Specht
2195,0.020031361435625167932267814599,0.040881637732755452154028940796,49.9217191609118674991807009633,0.880755692917409359510488651933,3567,66,110,C1,Eckard Specht
2196,0.020028634547187257014095090518,0.040875958733616016455585777911,49.9285159776623955182611840717,0.880917059207223247987988801112,4984,45,123,C1,Eckard Specht
2197,0.020027446699949710639342394288,0.040873484940996424310018742227,49.9314772862439335349430723435,0.881213671038560441378298428383,4627,53,116,C1,Eckard Specht
2198,0.020018368706577109017291421195,0.040854579447894313871173920699,49.9541203710293488828009144652,0.880815718308079557210160061751,4226,55,112,C1,Eckard Specht
2199,0.020010639189554454523347506037,0.040838482517821971869266057467,49.9734161676354442092343069306,0.880536072023197091849358231298,4529,19,121,C1,Eckard Specht
2200,0.020006590629370661459725731891,0.040830051382119558707288286032,49.9835288543341660351123716001,0.880580070944688311591895527510,4930,46,120,C1,Eckard Specht
2201,0.020001160978776412555804128082,0.040818744231886283820424558442,49.9970977215331537728717387090,0.880502215538141015549145362190,4297,63,121,C1,Eckard Specht
2202,0.019992567942553224475349702288,0.040800849643722468933277918068,50.0185870506183368918415982149,0.880145506008610330350511762817,4062,49,115,C1,Eckard Specht
2203,0.019988016189859640677701974380,0.040791370962932955714934650958,50.0299774875768786204261008839,0.880144303027018709353258736516,4130,47,119,C1,Eckard Specht
2204,0.019987176222484892615575616799,0.040789621804015148130395776941,50.0320800131353249175221222106,0.880469818220458677359232218874,3856,70,111,C1,Eckard Specht
2205,0.019983142811898278919024467090,0.040781222619444738464886394884,50.0421785208172661531348779129,0.880513822592791687116911166784,4097,60,114,C1,Eckard Specht
2206,0.019981656742109171152286046000,0.040778128041325892881921651040,50.0459002427265513579158767228,0.880782133187806031574980463398,4071,48,117,C1,Eckard Specht
2207,0.019981235337787043770011088269,0.040777250514532866566483956159,50.0469557109351239157414892591,0.881144232732233585745287191377,3983,54,112,C1,Eckard Specht
2208,0.019977183571709511917704561913,0.040768813208893831434671467360,50.0571062187234424233350094872,0.881186002514779149018355887895,3513,73,107,C1,Eckard Specht
2209,0.019978903567108004821098240541,0.040772394879717942596710533150,50.0527967734093451535313340393,0.881736902326056319093694112231,4065,63,87,C1,Eckard Specht
2210,0.019961595849164934885522975838,0.040736354340034004536459485397,50.0961950916280866837134038126,0.880608332548331254856121522867,4318,34,110,C1,Eckard Specht
2211,0.019956900359615571945406427415,0.040726576957561412510107884622,50.1079817997980380738297428497,0.880592374911572984236646975124,3981,39,118,C1,Eckard Specht
2212,0.019947700994792668091594855208,0.040707421461161593712567891509,50.1310903076524571008046755158,0.880178634250567109228831316073,3955,61,117,C1,Eckard Specht
2213,0.019943643708627837521114445008,0.040698973238838040043238449783,50.1412888542222155055098607476,0.880218369645616574247152291775,3889,51,113,C1,Eckard Specht
2214,0.019939857653066823931387981161,0.040691089845399057994767856115,50.1508093688019030391263475102,0.880281802019192639319204017093,3808,49,119,C1,Eckard Specht
2215,0.019935375104523841989554648073,0.040681756280408444947617899054,50.1620859781602328199156030665,0.880283484936122799405547006544,4273,32,117,C1,Eckard Specht
2216,0.019920450824053235371778849109,0.040650681550905532510753114954,50.1996671075604168293673632326,0.879362784050287464798920906379,4762,46,117,C1,Eckard Specht
2217,0.019917942193242222870622384725,0.040645458274820152301845472762,50.2059896699208660596052957967,0.879538041829972145137217345951,5072,30,119,C1,Eckard Specht
2218,0.019909949798026394912814087074,0.040628817309028737842298246359,50.2261437193139770123463020747,0.879228731929127586985104049864,4250,31,120,C1,Eckard Specht
2219,0.019909866837340427380676679593,0.040628644578010680572979254969,50.2263530022474340774267542027,0.879617807609513780978454084449,4366,11,125,C1,Eckard Specht
2220,0.019907571185659549976968598459,0.040623864852711058357554891131,50.2321448796501887280099868704,0.879811286936867284618025344138,3896,45,119,C1,Eckard Specht
2221,0.019905678306990494864690308896,0.040619923748982723136770514195,50.2369215747256931060736702583,0.880040220101151574070815594591,5521,21,122,C1,Eckard Specht
2222,0.019894344533319795225374203493,0.040596326370236164535943885093,50.2655414620553319357548921046,0.879434146479978172787156032183,3828,29,120,C1,Eckard Specht
2223,0.019888397534139280883539884791,0.040583944693853441505754728906,50.2805717898316059241045964661,0.879303996446053363149747749514,4324,50,124,C1,Eckard Specht
2224,0.019884860430908746051225114418,0.040576580501860521739877966689,50.2895156581342724178047911430,0.879386667769346084400063158921,4310,37,128,C1,Eckard Specht
2225,0.019877789344418247636948122756,0.040561858772943101473465822063,50.3074050475740390620098974677,0.879156483016875470470907781308,4499,72,123,C1,Eckard Specht
2226,0.019871854170122338070559563784,0.040549502133308854342026795267,50.3224304807709672795527916322,0.879026449241062648984343270376,4252,90,118,C1,Eckard Specht
2227,0.019869871914452170555531866592,0.040545375241679921367672250910,50.3274507407699542476297514270,0.879245900640029213434000969402,3909,68,120,C1,Eckard Specht
2228,0.019862306357362048166133431333,0.040529624533762544966520404505,50.3466204784091327357818234972,0.878970984421494371561422928681,4090,60,118,C1,Eckard Specht
2229,0.019855708964207426524286793555,0.040515889641563687985245869478,50.3633489895845003163921118297,0.878781418812543647807015420340,4328,55,123,C1,Eckard Specht
2230,0.019850668588558945332267992092,0.040505396376638763078028567131,50.3761369819229230978817652816,0.878729366810545763581306778590,3980,91,117,C1,Eckard Specht
2231,0.019844436070276930994602241402,0.040492421408526070555812122044,50.3919585549626003959012617923,0.878571465415444424056015666337,5720,56,118,C1,Eckard Specht
2232,0.019844073406437272131860454822,0.040491666413533677182886443769,50.3928795020284152515476247114,0.878933140571678385849855838439,4318,75,119,C1,Eckard Specht
2233,0.019848289240098074216661796488,0.040500442986953299109644451721,50.3821759096381853997984866654,0.879700589998938143183369564036,3993,90,104,C1,Eckard Specht
2234,0.019831096608651067905147536122,0.040464651633073017014600920521,50.4258548951731950681305439080,0.878570525295490314921582163914,4187,40,117,C1,Eckard Specht
2235,0.019819719552187635109525966040,0.040440967743469910265272113327,50.4548007032533064544512015840,0.877955567789669337736161811570,4054,67,124,C1,Eckard Specht
2236,0.019815379926662202652709389062,0.040431933986435347582134629692,50.4658504505618521220375123440,0.877963793742495016466563248341,4028,57,122,C1,Eckard Specht
2237,0.019810205173433198727741182873,0.040421161856594078142349194983,50.4790329653458833029223636077,0.877897740303243057261543975578,4181,55,124,C1,Eckard Specht
2238,0.019809217110566949199311178887,0.040419105048453526963226240514,50.4815508062943091843564959774,0.878202574710148440533542586744,4231,87,134,C1,Eckard Specht
2239,0.019806664591578274894010562796,0.040413791598216365453457868762,50.4880564507159137012703374121,0.878368571462705243283617147823,5611,48,135,C1,Eckard Specht
2240,0.019806481033706455977800374814,0.040413409496104926565724446463,50.4885243521153897323467215542,0.878744587702404776504265555116,4947,56,139,C1,Eckard Specht
2241,0.019800080823667110133478681303,0.040400086627848778919365512847,50.5048443441047112612730309968,0.878568812597823809276434297539,4186,82,136,C1,Eckard Specht
2242,0.019799861435974181979629170180,0.040399629946962861609699489492,50.5054039511160117165199186836,0.878941377885429369434323651565,3979,32,139,C1,Eckard Specht
2243,0.019797973900748975341905059027,0.040395700832277851244131873189,50.5102191271284124361614369624,0.879165765399136433529977030331,5754,63,132,C1,Eckard Specht
2244,0.019796238286951572200314498541,0.040392087972310513891638086125,50.5146475560024316064662346728,0.879403516904093861242886926794,5748,56,137,C1,Eckard Specht
2245,0.019793573330324234534877272364,0.040386540613846762895725442085,50.5214487203265991372584031571,0.879558548935661706170266693997,5848,42,140,C1,Eckard Specht
2246,0.019782067779319699496625831440,0.040362591070953974617369816444,50.5508327620536419461205841764,0.878927641835094516384465950677,4057,41,120,C1,Eckard Specht
2247,0.019779688751806256632263685350,0.040357639042633549099200663393,50.5569128285034940651803010781,0.879107487754889645730493254364,4023,61,123,C1,Eckard Specht
2248,0.019775342416942915099565801808,0.040348592057871788195623880748,50.5680245083003090759685234495,0.879112249006104040402121236501,4096,73,118,C1,Eckard Specht
2249,0.019774636856516207031620876466,0.040347123427006505399484865510,50.5698287789531025507920784781,0.879440555053143561146352092598,3733,125,119,C1,Eckard Specht
2250,0.019770196123340012173040951737,0.040337880046397057890354844082,50.5811876504064855741437977344,0.879436473199489003094031749803,4002,64,120,C1,Eckard Specht
2251,0.019768182594410835997877156808,0.040333688916019714168474281877,50.5863397013914343778964598282,0.879648127986512912012267630169,4264,47,122,C1,Eckard Specht
2252,0.019762804397868239405298875793,0.040322494364700193086644615359,50.6001061320966832187084960052,0.879560121629237305986414198371,4195,62,119,C1,Eckard Specht
2253,0.019754955572734249087326897726,0.040306157496111816634365062121,50.6202100186040426997698386466,0.879251881590626029500520045400,3970,47,123,C1,Eckard Specht
2254,0.019745719745121727941458033886,0.040286933998365395312404214818,50.6438870250376494384408135997,0.878819832362014232790168194970,5664,52,118,C1,Eckard Specht
2255,0.019742782561103849222002745973,0.040280820604790917168410624439,50.6514214450269702937240765334,0.878948179640084225183052149818,4156,53,120,C1,Eckard Specht
2256,0.019741790723553429559102094505,0.040278756223067686749371718728,50.6539661980574728342609153160,0.879249606994141030014464258634,3878,67,119,C1,Eckard Specht
2257,0.019731599700068836986766813934,0.040257545166265873338116112408,50.6801280788455957118416541992,0.878731412315518686227621176498,4246,57,117,C1,Eckard Specht
2258,0.019728404980779007078120074163,0.040250895937451244795404963752,50.6883349654612284973371657779,0.878836096647343360415958241701,2322,617,74,C1,Eckard Specht
2259,0.019726728308586101921342977728,0.040247406265700972875921943776,50.6926432177173443743534015539,0.879075866249584602185172022733,4558,42,114,C1,Eckard Specht
2260,0.019716462348706737395031475754,0.040226039898510022639383284808,50.7190378432971285542367901666,0.878549885858413094016727676488,4396,41,119,C1,Eckard Specht
2261,0.019714316609047300305540389799,0.040221574063700640260107070965,50.7245581894063570630991380229,0.878747325636935392576392389574,4253,60,113,C1,Eckard Specht
2262,0.019712134643942924553486506932,0.040217032854493501259107914570,50.7301729651728249058369192420,0.878941386523754628354130618470,3372,168,122,C1,Eckard Specht
2263,0.019709801025607117047980549625,0.040212176039764681962882046953,50.7361793607552261203350528386,0.879121768389399870592407304277,4149,44,129,C1,Eckard Specht
2264,0.019709557948223501345485424727,0.040211670139251427288842334755,50.7368050885247716057544818215,0.879488551100556764071491780578,3967,61,123,C1,Eckard Specht
2265,0.019704901643420652605058671792,0.040201979335518527355395619940,50.7487942896631482302327851016,0.879461331979637584737130207744,4047,80,130,C1,Eckard Specht
2266,0.019703694921692342205247638543,0.040199467894798153130913095901,50.7519023195528858557872518761,0.879741855023104333239265656001,4429,54,121,C1,Eckard Specht
2267,0.019698022622418704195220569148,0.040187662734524199189464702686,50.7665169833788531001070246174,0.879623419893934273434759230700,4602,57,123,C1,Eckard Specht
2268,0.019689320161628846366441154112,0.040169551483158635992992143878,50.7889552199385128406922439000,0.879234036872717642061835108890,4140,77,123,C1,Eckard Specht
2269,0.019679790747518014885742747986,0.040149719574840417139099327459,50.8135484177400855126176091802,0.878770457812171068694747074290,4199,57,117,C1,Eckard Specht
2270,0.019678218448775248764716554117,0.040146447460622913584912856169,50.8176084437277363752207972377,0.879017278591221126187544954663,4395,44,123,C1,Eckard Specht
2271,0.019675005005948616191122907293,0.040139759990650864113113822824,50.8259082880871531686501118267,0.879117321725898155184514203849,4373,60,119,C1,Eckard Specht
2272,0.019670138676122288715883994402,0.040129632794330931645127233262,50.8384824563492582904514176448,0.879069415782067688105270296754,4146,50,115,C1,Eckard Specht
2273,0.019663225371124701524553587132,0.040115245862461052423945960392,50.8563565298138968682164646420,0.878838247926094620596693084762,4221,57,115,C1,Eckard Specht
2274,0.019661226245459494501722109145,0.040111085620249715639326541747,50.8615275321872177433850743415,0.879046120938480300179565019163,4630,60,116,C1,Eckard Specht
2275,0.019651741067281250823731603301,0.040091346902937579057098101151,50.8860765352200154275521403911,0.878584358869190690113640323938,4060,78,120,C1,Eckard Specht
2276,0.019647410798417996745224729542,0.040082335712336366321797182125,50.8972917734544279618183329561,0.878583229462158829467573267978,5591,52,117,C1,Eckard Specht
2277,0.019632938881693903960465415235,0.040052220561752825015155704947,50.9348094050462059312049949957,0.877674862354311494133084873197,4392,41,121,C1,Eckard Specht
2278,0.019631305970172437890518775960,0.040048822631162391071409465514,50.9390461092801243902102491343,0.877914260587334790558864619348,4038,60,116,C1,Eckard Specht
2279,0.019593058302635459580210933940,0.039969236180058614192109526175,51.0384843730848357348841006056,0.874880600789426409102214975984,5368,55,119,C1,Eckard Specht
2280,0.019625756155309937294933587038,0.040037274089014175609138131279,50.9534507657398143853650103014,0.878188294642323832785322465710,4072,64,118,C1,Eckard Specht
2281,0.019625821128829232458520704775,0.040037409290862661148902914883,50.9532820785294932925632451515,0.878579282211204636209614577219,3924,79,117,C1,Eckard Specht
2282,0.019622844779193811682499318406,0.040031215894201944321810472881,50.9610105595038076513338675578,0.878697876955057804544402641210,3793,75,114,C1,Eckard Specht
2283,0.019619436747651072406475836329,0.040024124269793484242709678766,50.9698628386834049789897922611,0.878777607007670584619252204213,4267,54,116,C1,Eckard Specht
2284,0.019611122530742103679349185389,0.040006823784793602254399248507,50.9914717238860187376675493358,0.878417553875642829353047301517,4211,70,119,C1,Eckard Specht
2285,0.019582244031055704373634400686,0.039946734770633818195554576867,51.0666703169508348119308457511,0.876215882751801301712022053611,4219,47,121,C1,Eckard Specht
2286,0.019580221218578523753449336023,0.039942525930913135790441386995,51.0719459620383981570845950635,0.876418253945928477143667914891,4353,36,122,C1,Eckard Specht
2287,0.019599461235917307970136192231,0.039982559088808491206124260583,51.0218106489291610592048824945,0.878525620248321053505174994914,4237,55,119,C1,Eckard Specht
2288,0.019593597952770473458990298029,0.039970359050810406462785071254,51.0370786626558869521313113912,0.878383976721248228501851033594,4499,49,122,C1,Eckard Specht
2289,0.019567870173711084716886385096,0.039916827648596303002704975960,51.1041820659395784904736180983,0.876461632236499985934724917967,4353,30,126,C1,Eckard Specht
2290,0.019564425547936141000079305459,0.039909660680907287010956887397,51.1131797634349860105823353761,0.876535850677486289601376137121,3798,88,113,C1,Eckard Specht
2291,0.019558907614851357514597543770,0.039898180047247535343367196273,51.1275997459431597963963787036,0.876424036494691349804646443512,4201,42,122,C1,Eckard Specht
2292,0.019585486135951107170332905552,0.039953480612521750433048539688,51.0582169397572711188761022543,0.879191184380073706641303430142,4117,64,128,C1,Eckard Specht
2293,0.019578791282502621023661778557,0.039939550691919262428255112415,51.0756759991455886977922230818,0.878973553116154839446092278070,4043,56,127,C1,Eckard Specht
2294,0.019571137866184279524879090370,0.039923626531331296325595554540,51.0956494628672663806165980786,0.878669529343278801116826837176,4094,70,126,C1,Eckard Specht
2295,0.019566548645779007078116019223,0.039914078041202624981545716965,51.1076336508495564389929099259,0.878640350458025298868159624724,2619,515,52,C1,Eckard Specht
2296,0.019562104347493392503021795355,0.039904831166229676382538620910,51.1192447518119839768033780724,0.878623927249096862080041228770,5301,51,125,C1,Eckard Specht
2297,0.019556158486679991157670264181,0.039892460248401299578247731349,51.1347870636820526811997933890,0.878472339934866998829183419297,5491,45,127,C1,Eckard Specht
2298,0.019555019590917513541554916184,0.039890090686696860439780126777,51.1377651835469425862763943288,0.878752422180283509398922400383,4878,72,120,C1,Eckard Specht
2299,0.019548759097646646451010387751,0.039877065339129041504976329228,51.1541420611389999565292235884,0.878572005210733989096836445426,4648,56,125,C1,Eckard Specht
2300,0.019543946672771540775055302129,0.039867052901449573951816786976,51.1667380567094690680127513161,0.878521458560716891954159247120,4100,58,126,C1,Eckard Specht
2301,0.019531938297329728814679179254,0.039842069436531721856675789465,51.1981957334317949799891753010,0.877823708010250911396945994966,4378,34,129,C1,Eckard Specht
2302,0.019524894542088056476553240342,0.039827415165159816953550239895,51.2166658746550499479913294807,0.877571908836977266135253339327,4324,35,124,C1,Eckard Specht
2303,0.019532759914351375294846535062,0.039843778793965809334877461463,51.1960421560942028170380531547,0.878660618834506551509078350822,4255,46,131,C1,Eckard Specht
2304,0.019525530267205641216285349372,0.039828737759029815273321228378,51.2149983286017604497795531645,0.878391549424658531806817709894,4136,35,133,C1,Eckard Specht
2305,0.019521252283730798247067422581,0.039819837664405665242144856174,51.2262218358506507335051697000,0.878387765121274608301161472646,4275,41,122,C1,Eckard Specht
2306,0.019517017950085819643965693959,0.039811028457181834527098808582,51.2373356707192468455452808122,0.878387660165119638533406744050,4364,51,122,C1,Eckard Specht
2307,0.019512608579070601584277207510,0.039801855178969284891335388207,51.2489140520457598154456951074,0.878371548442965312707774099029,5399,35,125,C1,Eckard Specht
2308,0.019493783620067592266143783878,0.039762692565151518639661992567,51.2984046345197210402395975030,0.877057540398443918068104946326,4128,77,123,C1,Eckard Specht
2309,0.019488637340860619169569755386,0.039751986734773949938176374647,51.3119507798198861414528865822,0.876974329296882072134560803112,4079,88,122,C1,Eckard Specht
2310,0.019482412007186477362836628337,0.039739036292185855630371409051,51.3283467997253110986435434456,0.876793712297034437308230876027,4563,57,123,C1,Eckard Specht
2311,0.019475813818355962226160530525,0.039725310385659429998038663540,51.3457362720062359867423313007,0.876579225503469519480340764208,3829,116,112,C1,Eckard Specht
2312,0.019472501125725497993410631104,0.039718419214313757886816705005,51.3544712897143270354618295574,0.876660229811272378645265166302,4044,55,123,C1,Eckard Specht
2313,0.019474547775391579041706686958,0.039722676716260406048018996586,51.3490742652119314080813263531,0.877223779572549048614485933713,4457,42,123,C1,Eckard Specht
2314,0.019483836032733586363144953748,0.039741998650792329897143448271,51.3245953373843798505726278529,0.878440371197735880274602885003,4084,76,121,C1,Eckard Specht
2315,0.019480233172507528283086445737,0.039734503742921031386427159643,51.3340877978453028424638771206,0.878495006513933197207613992014,4646,43,118,C1,Eckard Specht
2316,0.019477869981143995941332574527,0.039729587706030511127404186468,51.3403160082736565664149244495,0.878661262409443546797373101142,3898,93,113,C1,Eckard Specht
2317,0.019469623977706340603396839148,0.039712434114868610380334360770,51.3620602608991461450047543235,0.878296519399704357741064234966,4560,50,121,C1,Eckard Specht
2318,0.019466214495315911719336017481,0.039705341688550965399640412821,51.3710562595838324185139720128,0.878367868710586477572988300702,3928,95,118,C1,Eckard Specht
2319,0.019463224247908168148189109702,0.039699121398031146115071054816,51.3789486912722655078569924876,0.878476850550391947680088658061,4172,69,119,C1,Eckard Specht
2320,0.019460848164050637609651449271,0.039694178713032287512949099548,51.3852218346405867983670653547,0.878641098133020728342986413115,4239,50,120,C1,Eckard Specht
2321,0.019454927628783742542178311238,0.039681863031011115418701307530,51.4008594162278401959509774845,0.878485059184655408415539758614,4070,67,120,C1,Eckard Specht
2322,0.019457007945477882955644222509,0.039686190413150177093446689885,51.3953637065978507871489290236,0.879051517318084344590877979513,4323,47,120,C1,Eckard Specht
2323,0.019454662484457554196496020439,0.039681311490911417198730589527,51.4015599499043460526210120158,0.879218082008404086938831164919,4294,55,118,C1,Eckard Specht
2324,0.019453226140962901622236743009,0.039678323685473646647971301884,51.4053552225092110127801069880,0.879466688945312104173479473631,4240,51,119,C1,Eckard Specht
2325,0.019445151012231411979631300999,0.039661526394581054617104589680,51.4267026967792028234533907749,0.879114812590726011273036306684,4125,63,111,C1,Eckard Specht
2326,0.019442341650965909038736155743,0.039655682632066734558653072124,51.4341337042762698985631496062,0.879238813278327694537019097318,3948,72,117,C1,Eckard Specht
2327,0.019440158229533375424828269899,0.039651140912385040405031988874,51.4399105291646140267832194572,0.879419262879087654011151221599,3885,69,113,C1,Eckard Specht
2328,0.019441272477761730194504088551,0.039653458649820274101667610957,51.4369623255817769218252553838,0.879898039891052285612156354683,4233,50,117,C1,Eckard Specht
2329,0.019441159318591596363823320469,0.039653223268236665085196313609,51.4372617194541064252052375393,0.880265755590854950966729218827,4115,59,117,C1,Eckard Specht
2330,0.019438179876136741635986047151,0.039647025770759332109793762645,51.4451459124343636969229586894,0.880373809970120424314576061008,3829,72,109,C1,Eckard Specht
2331,0.019440831905722790460856043737,0.039652542219366868323581963484,51.4381280003573495100928678014,0.880991998229892862844702456498,3932,51,112,C1,Eckard Specht
2332,0.019440344115416388066152504008,0.039651527571525145662239952299,51.4394186678511498116495375544,0.881325715787776298768119584973,4017,50,116,C1,Eckard Specht
2333,0.019437074626903507768446078123,0.039644726766531283083970301605,51.4480712347457068392612778004,0.881407096830887044629465544288,3885,77,116,C1,Eckard Specht
2334,0.019439902990338527871510205414,0.039650609992437793927179206984,51.4405859173778689695072507500,0.882041539190985804039634269319,3497,205,91,C1,Eckard Specht
2335,0.019440382716281089020789546602,0.039651607864769192345407471165,51.4393165296335400029169759945,0.882463001163046951012350049023,3267,211,96,C1,Eckard Specht
2336,0.019423793687886971950280257071,0.039617101787404507242489350195,51.4832486417737249180370458329,0.881334866232340400780185338890,4131,64,111,C1,Eckard Specht
2337,0.019412058389093823075162692536,0.039592692435527540084623914367,51.5143721472538356267185699578,0.880647061477010860013332434231,4301,41,117,C1,Eckard Specht
2338,0.019407837923950466045726802442,0.039583914035905371510543430113,51.5255745600564025739726733523,0.880640836198887390048779680150,4408,65,116,C1,Eckard Specht
2339,0.019403567759723139160391533382,0.039575032341069454128143224841,51.5369138492017487220669363799,0.880629855384625177815193965784,3901,121,116,C1,Eckard Specht
2340,0.019395395190562113139602871076,0.039558034085167781611757525560,51.5586297765463688261504016011,0.880264369759507080820277409716,4510,61,113,C1,Eckard Specht
2341,0.019392716973779007078116017963,0.039552463681346031045131844466,51.5657502428414322824997870976,0.880397361074350696515441923649,2271,737,71,C1,Eckard Specht
2342,0.019385510668779007078116017975,0.039537475490495605217031858147,51.5849191226379398301761939937,0.880118971948845302087005204481,2340,627,65,C1,Eckard Specht
2343,0.019381081957697189075569150453,0.039528264448312653758134440568,51.5967066329261557747912246734,0.880092509584835613078476662668,4047,87,119,C1,Eckard Specht
2344,0.019377421128394781964452155600,0.039520650545681356617845504543,51.6064544076324985855230383504,0.880135549832304224052878337308,5507,67,121,C1,Eckard Specht
2345,0.019376247732269942672013450296,0.039518210093242441358144550708,51.6095796161070868464130119234,0.880404399147484345112529161557,3988,93,116,C1,Eckard Specht
2346,0.019375825971187673628696584933,0.039517332907639253205208888874,51.6107030217459849048479632431,0.880741494826251273526681036321,3994,84,113,C1,Eckard Specht
2347,0.019375174013558495744541590933,0.039515976956974133035558819530,51.6124396766817658658601317390,0.881057622826663190021221590889,4575,64,97,C1,Eckard Specht
2348,0.019369550971468307267967293203,0.039504282149625042385403188912,51.6274229316424406343916451090,0.880921477355653170021011548807,4059,81,111,C1,Eckard Specht
2349,0.019369301510251507212074197843,0.039503763323097708977911631256,51.6280878518378313766908007204,0.881273956497328566323245236162,3888,76,110,C1,Eckard Specht
2350,0.019359814724658194172062484458,0.039484033013030955276370940248,51.6533868852743077410880538208,0.880785701506766741965285563459,5073,73,123,C1,Eckard Specht
2351,0.019349883801255880800427814724,0.039463379408470540597662681409,51.6798969064143015529191684863,0.880256725340068232246985206048,4471,79,125,C1,Eckard Specht
2352,0.019347424233663502810747011786,0.039458264245202943167367155114,51.6864667835242109466566956872,0.880407283170726680226959315123,5129,50,123,C1,Eckard Specht
2353,0.019338081329856406597598227045,0.039438834039931722149401999715,51.7114383243430811122812595915,0.879931149540891601494128492366,5452,88,123,C1,Eckard Specht
2354,0.019331657383903268693389667155,0.039425474533689628778045275965,51.7286221321438135626330450995,0.879720348349095647758445683297,5157,60,128,C1,Eckard Specht
2355,0.019340422689194961371407335253,0.039443703272099509638169816727,51.7051781168503854287958529760,0.880892341771292700557266381389,3918,94,127,C1,Eckard Specht
2356,0.019335451491702279737784446606,0.039433364897535451639354610304,51.7184716596426729534108819307,0.880813416418061831003938317811,4731,83,123,C1,Eckard Specht
2357,0.019331478711797810102325823391,0.039425102962220217114523347762,51.7291002363781875955010249496,0.880825205068318854352718902573,4178,64,117,C1,Eckard Specht
2358,0.019314647527591646926860047795,0.039390100971524535553965834852,51.7741780465558669611258430063,0.879665126293410797627303650315,4308,63,125,C1,Eckard Specht
2359,0.019313201952144907519067529676,0.039387094820873628170251860110,51.7780532962811412098410377943,0.879906456590983591460965704955,4443,62,131,C1,Eckard Specht
2360,0.019309372815836102147531674965,0.039379131972085208740388399775,51.7883211193620362803607406747,0.879930433356642567301334868957,4376,73,129,C1,Eckard Specht
2361,0.019307014987643269494990660718,0.039374228800871867413068495370,51.7946456580684522179738280465,0.880088314277806218881339850054,4253,67,126,C1,Eckard Specht
2362,0.019306310365076729115196075627,0.039372763522652560305010480100,51.7965360076726238634623549463,0.880396810233724521550586267771,4272,67,132,C1,Eckard Specht
2363,0.019304623347027546778393824579,0.039369255339843729737359412419,51.8010624721137713897876869635,0.880615624314330264069368497994,4157,59,135,C1,Eckard Specht
2364,0.019305998053770282848289819049,0.039372114065053306409630395847,51.7973739153417789525018843099,0.881113769854558127786530179076,4251,65,132,C1,Eckard Specht
2365,0.019295945752161603059203121373,0.039351210324017346454266464653,51.8243579684595822039010503978,0.880568780642409472292515153007,5152,65,141,C1,Eckard Specht
2366,0.019295044288904932711176862839,0.039349335753920756795451238456,51.8267791992072079657357032618,0.880858804906159567764257845466,5662,56,132,C1,Eckard Specht
2367,0.019294375059637709002586589779,0.039347944110774361313469147964,51.8285768214343515923731092644,0.881169975465642154047129796543,5880,64,137,C1,Eckard Specht
2368,0.019287329121246046926481149299,0.039333292398402283994627806942,51.8475105450679201579165638395,0.880898521046837435100026803158,4761,91,134,C1,Eckard Specht
2369,0.019284432613000897779989098240,0.039327269300684178543123730609,51.8552980047665271359426847723,0.881005849315527770240708647330,4197,68,134,C1,Eckard Specht
2370,0.019281882068942917042711930686,0.039321965642116142796338798117,51.8621572533465143509565312676,0.881144613405875057331836502001,4153,96,133,C1,Eckard Specht
2371,0.019281581986237834291486687131,0.039321341645216784093648820800,51.8629643933649588563954029576,0.881488966627958903682045257515,3643,178,121,C1,Eckard Specht
2372,0.019275207772510307411375093681,0.039308087090836417005973797952,51.8801152133969948006851380404,0.881277781445403870726145055651,4164,65,133,C1,Eckard Specht
2373,0.019271428591282638253102649023,0.039300228734238222475419087873,51.8902890495801863280782834767,0.881303628958753774511180807889,4121,64,133,C1,Eckard Specht
2374,0.019265771459361998259934713916,0.039288465516351040448927758884,51.9055259276451427323659025535,0.881157461120448065563691083905,3927,111,137,C1,Eckard Specht
2375,0.019262057632875990341941347106,0.039280743205233388162348541024,51.9155335872957528269115555159,0.881188802599060975778683147733,4622,83,126,C1,Eckard Specht
2376,0.019261571413413148516104526618,0.039279732193572537975080477973,51.9168440900741701547980442618,0.881515324754098679771474828230,4575,71,127,C1,Eckard Specht
2377,0.019257655105023554567802776354,0.039271588924990845580378858784,51.9274020926431412733822977248,0.881527754902382539258140613885,4130,79,130,C1,Eckard Specht
2378,0.019253868207685489039570187076,0.039263714805581799521232108877,51.9376152996016679325507444284,0.881551806600316578065620877147,4231,62,130,C1,Eckard Specht
2379,0.019250248959922173860062906642,0.039256189337815131384038869051,51.9473801134696007627153444249,0.881590990260164688041281312684,4594,54,131,C1,Eckard Specht
2380,0.019245340148149096098044031239,0.039245982580508410779174850005,51.9606300695170686782462394021,0.881511819454743543710374334654,3748,128,113,C1,Eckard Specht
2381,0.019244590085157760721100759695,0.039244423004159098776755523752,51.9626552488245599354180924206,0.881813463406436435930909555933,3801,109,113,C1,Eckard Specht
2382,0.019244044582834400193698068732,0.039243288764224582548363400143,51.9641282109684691311123377832,0.882133806040373132639687558895,4003,79,126,C1,Eckard Specht
2383,0.019243742568524006468983845847,0.039242660799171171518556674444,51.9649437441367685478222565522,0.882476439627953432206321878303,2824,465,93,C1,Eckard Specht
2384,0.019226950505809503109909566233,0.039207746411313664206194324912,52.0103278831370496541039663753,0.881306691794790365035669294141,4580,51,124,C1,Eckard Specht
2385,0.019218781248106922583619181780,0.039190761161931817449325454838,52.0324357247419853425823005522,0.880927303100268280170946430366,4398,72,123,C1,Eckard Specht
2386,0.019207916178531175631989991198,0.039168171308420848689300326926,52.0618681748365345386114998799,0.880300488796650520570563172204,4350,51,123,C1,Eckard Specht
2387,0.019197161405858788769416960669,0.039145811269012088458964340994,52.0910346513422360035690674700,0.879683511423672324999967553256,5795,46,126,C1,Eckard Specht
2388,0.019190197639262344837432058456,0.039131333298409006170812245299,52.1099375211249343044051468253,0.879413680816272774039479062632,4487,63,139,C1,Eckard Specht
2389,0.019186527410738031019173145523,0.039123702818003250144986764277,52.1199057334541338375692329036,0.879445450624291330918087558615,5218,46,128,C1,Eckard Specht
2390,0.019181991556463419865764588039,0.039114272762800077948690311733,52.1322302252316187427172988988,0.879397632172639099966012801922,5204,21,142,C1,Eckard Specht
2391,0.019168114603662431710761890058,0.039085423076181747378607939257,52.1699718870071363519221000443,0.878493132344796522782111627847,5182,31,126,C1,Eckard Specht
2392,0.019170383512718030842538240561,0.039090140000817574508106237266,52.1637973145701136802706031787,0.879068620827061607287215062854,5794,40,126,C1,Eckard Specht
2393,0.019171044287220303388754717572,0.039091513715127801759855577126,52.1619993683189458053197547684,0.879496751176711417380305408803,5900,40,133,C1,Eckard Specht
2394,0.019160633965487059617527050264,0.039069871436650415896347804161,52.1903399334929152482970154577,0.878908966138747013803340898360,4354,30,138,C1,Eckard Specht
2395,0.019160587693109104479549606602,0.039069775240870980261594135043,52.1904659719617602426886927158,0.879271849185051157577827355663,6221,36,128,C1,Eckard Specht
2396,0.019154640878351800433949950906,0.039057412466129981415028126599,52.2066692009966312415668275830,0.879093040159987495461148419927,4613,59,124,C1,Eckard Specht
2397,0.019146211185227411288344355949,0.039039888316816279359449638155,52.2296547513049061212068125055,0.878686034390137378292105045600,4281,27,126,C1,Eckard Specht
2398,0.019144406919867201961669687986,0.039036137541407004035442477770,52.2345771371086511243473607819,0.878886942519675178462906579778,3862,152,142,C1,Eckard Specht
2399,0.019142460848524794701222649534,0.039032091989800361064512882781,52.2398874373074430895361232380,0.879074703802193742949797569379,4257,55,126,C1,Eckard Specht
2400,0.019136928263183738305949691797,0.039020590772773084439643834714,52.2549902600530408129377126604,0.878932856040577369750278133867,2972,423,80,C1,Eckard Specht
2401,0.019134288080356592691819170538,0.039015102368924795358253546633,52.2622004958003998675454951296,0.879056473801325390745245496567,3339,218,118,C1,Eckard Specht
2402,0.019130450824495019967125915137,0.039007125546053724157514710227,52.2726834393039799887515905008,0.879069905293710098583894596691,4115,61,125,C1,Eckard Specht
2403,0.019128141357345849673010025500,0.039002324694717353699996856685,52.2789946664612222830569454760,0.879223557663211152532154453719,4341,52,124,C1,Eckard Specht
2404,0.019128304902546522311354275904,0.039002664666852374929424100646,52.2785476859934155437066101648,0.879604484461263910287178442562,4208,67,127,C1,Eckard Specht
2405,0.019125209143147947645708137620,0.038996229327987822133395111622,52.2870099100732359495895633568,0.879685567569805398345197939772,4238,55,125,C1,Eckard Specht
2406,0.019121577877910059646536750561,0.038988680853109839919852071256,52.2969394254454425843575620919,0.879717185741596388130258612759,4497,78,129,C1,Eckard Specht
2407,0.019126122026028591751827320103,0.038998126987608747217653019869,52.2845142700181313871734295653,0.880501164817168256330870255053,3643,146,106,C1,Eckard Specht
2408,0.019109493645639733324916754612,0.038963561216762687992058669278,52.3300103364158369615741097808,0.879335975721730792781256281669,6010,50,129,C1,Eckard Specht
2409,0.019100649553470777331688944498,0.038945177290158664006988871956,52.3542404775595753984552030892,0.878887065395088703775773933470,4406,46,126,C1,Eckard Specht
2410,0.019094194611925755121974411133,0.038931759822486825785544812639,52.3719392372498957035681631582,0.878657725586207837168222967241,4182,92,122,C1,Eckard Specht
2411,0.019091286419313027799463138057,0.038925714809123527609724408876,52.3799171012585723343304179643,0.878754570534777227308062069386,4119,177,137,C1,Eckard Specht
2412,0.019104905740425735282849343047,0.038954024446104537568751657825,52.3425770106791386959910222530,0.880373785121531936545752770948,5160,68,121,C1,Eckard Specht
2413,0.019077994579697232033430570385,0.038898086645579421557701379274,52.4164107407912897150460029434,0.878259313642475156906161599697,4750,54,128,C1,Eckard Specht
2414,0.019069326125390124865328447634,0.038880068965664159089222349714,52.4402379729892924689280705529,0.877825026087838054205952552225,4278,67,131,C1,Eckard Specht
2415,0.019084858241547200005635584917,0.038912353228301546576796204698,52.3975597483364118119895977933,0.879619831051384280820190792808,4356,56,118,C1,Eckard Specht
2416,0.019061688179405670239235360998,0.038864193496587374763514499207,52.4612505769769276807479744031,0.877848662297327554281038307289,5542,62,137,C1,Eckard Specht
2417,0.019059396820369574406501570329,0.038859430955534432793928628055,52.4675575740811578080660364252,0.878000887496810558376784327599,5888,59,144,C1,Eckard Specht
2418,0.019077661830238314233583701381,0.038897395008526496741475733219,52.4173249792586456267560420417,0.880048463437797347777620727467,4473,79,120,C1,Eckard Specht
2419,0.019052915109533052523103145655,0.038845958977818891740968921033,52.4854067868939310186768137075,0.878129835919825322903084579559,4413,76,146,C1,Eckard Specht
2420,0.019036632665109315944968668095,0.038812117351188319513030020359,52.5302986926263516656940840416,0.876991987407662981630301023923,6337,43,148,C1,Eckard Specht
2421,0.019064216532573360016020573822,0.038869448650725900016640046976,52.4542930097015751688069229604,0.879898776194041934386535186310,4352,49,115,C1,Eckard Specht
2422,0.019060310010605501831579225232,0.038861328999362996066596915432,52.4650438237144034715968720121,0.879901501670340475541744624661,4234,65,123,C1,Eckard Specht
2423,0.019028701757358471487423078027,0.038795634064824097458703260960,52.5521926167819719507582414937,0.877347681652315154391373464201,5912,49,138,C1,Eckard Specht
2424,0.019021253582432526950075856875,0.038780154314038239987263344316,52.5727705414521537974135739201,0.877022804941618230538275946614,6345,48,129,C1,Eckard Specht
2425,0.019018486575203187986184430822,0.038774403625214018609789044277,52.5804193748953071190672380628,0.877129366657120925004857049844,6327,58,138,C1,Eckard Specht
2426,0.019041473839872594650328859751,0.038822179189182861006168438394,52.5169431951224916060086864827,0.879613563262784060135104213167,4312,59,122,C1,Eckard Specht
2427,0.019013434689349891679476822142,0.038763904342214689021881000352,52.5943900372790588408977487400,0.877386465711343841512939787329,6382,51,134,C1,Eckard Specht
2428,0.019008726696242345772245966210,0.038754119865358711506630668282,52.6074163714332575752868787326,0.877313344806995689715683901624,6394,23,143,C1,Eckard Specht
2429,0.019002994975036620539958676538,0.038742207932740941081846134529,52.6232839251736373691411449778,0.877145463973657665661182896831,6363,52,137,C1,Eckard Specht
2430,0.018998626371492854545167712523,0.038733128988843587230151132036,52.6353842875969473223348460936,0.877103163728708508512428157471,6355,37,138,C1,Eckard Specht
2431,0.019002838461830526236635328315,0.038741882661586371164516242038,52.6237173466805813560349315649,0.877853231013220537202333191086,6666,48,108,C6,Eckard Specht
2432,0.019008555039265615809144627238,0.038753763117733327421656332788,52.6078914433169036813966882477,0.878742800503681856325094247073,4449,36,129,C1,Eckard Specht
2433,0.018982500483204144204788204378,0.038699616454454791539911139457,52.6800987512054769550915690814,0.876695844739259267481763936289,6268,57,144,C1,Eckard Specht
2434,0.018970337846704179905056225726,0.038674341008335123090914455979,52.7138740533150518132312004814,0.875932629656048052053521907865,5989,63,144,C1,Eckard Specht
2435,0.018967382626538320742748104610,0.038668199794049814611368261528,52.7220871582378657120335926451,0.876019505013171314959426655190,4795,50,124,C1,Eckard Specht
2436,0.018964014041001152999827380127,0.038661199614330416376998008468,52.7314522040507700679101825837,0.876068006341195713362865329228,6363,56,140,C1,Eckard Specht
2437,0.018979941680528330373562312149,0.038694298897500145173704313656,52.6872008793318774558779365038,0.877900459760277289739980591647,6540,35,127,C1,Eckard Specht
2438,0.018951173268228915100733767820,0.038634515942212858380074586951,52.7671815273026184715921678420,0.875600308575054626651905549673,4066,71,147,C1,Eckard Specht
2439,0.018952313405930062129676640773,0.038636885168604446703457817263,52.7640071468587132697175387857,0.876064857401858502433786088586,4381,69,139,C1,Eckard Specht
2440,0.018983156648740794943136037329,0.038700980064505900021425210549,52.6782778282732421021372350009,0.879278976695541711081135543311,4042,92,113,C1,Eckard Specht
2441,0.018939197984055787427804519343,0.038609631421698544923505525070,52.8005462977821518155038944191,0.875570150701680500991398556407,4524,54,136,C1,Eckard Specht
2442,0.018937477432467772573128249402,0.038606056182651082953864561289,52.8053434553816612367147694302,0.875769701775762330871523024410,4655,50,124,C1,Eckard Specht
2443,0.018935124346963889557455158529,0.038601166583116966073142588774,52.8119056244984616727501146220,0.875910615847467536520189865748,4564,69,127,C1,Eckard Specht
2444,0.018939456300037483057945799705,0.038610168193309243716824126410,52.7998261490759320824286828310,0.876670144075876116271126697956,3533,187,88,C1,Eckard Specht
2445,0.018931241469263634479249605107,0.038593098199590724594109451223,52.8227375697245724613321771530,0.876268204222701642467471538330,4534,55,126,C1,Eckard Specht
2446,0.018928104555208622238218551755,0.038586579929755572527501685685,52.8314917684042862652525381121,0.876336105461416380414700903269,4744,63,129,C1,Eckard Specht
2447,0.018929279958153259582610443034,0.038589022323173292099780739973,52.8282112267708249823397103255,0.876803264429447110688141193292,4308,61,127,C1,Eckard Specht
2448,0.018928937673483143428575440646,0.038588311082369436784116813657,52.8291664989136411410768374104,0.877129860181299905747834746040,5911,53,125,C1,Eckard Specht
2449,0.018939939858094647094249537817,0.038611173010865575402475571711,52.7984781098771521487743838159,0.878508517157365345457933746015,3907,111,116,C1,Eckard Specht
2450,0.018923614647218154444074971663,0.038577250313518610812423092202,52.8440268226981635970856065684,0.877352818725203215894872451859,5456,46,126,C1,Eckard Specht
2451,0.018916900871859586300830716186,0.038563299864548635347975810388,52.8627816349971228372649278196,0.877088238698212603978720575377,5896,54,128,C1,Eckard Specht
2452,0.018920657035195269901850126038,0.038571104714155682966538094864,52.8522872191937883758672209404,0.877794576001823407749767451975,5194,76,130,C1,Eckard Specht
2453,0.018918554845557967871409420006,0.038566736612942068808311781269,52.8581600531077375190784050903,0.877957442891076075266085127242,4406,75,131,C1,Eckard Specht
2454,0.018919946117844552248853635398,0.038569627509962938235439776672,52.8542731449345493267570080184,0.878444542144654366817266364628,6475,45,134,C1,Eckard Specht
2455,0.018917108166487168897297464274,0.038563730595961410489700633466,52.8622023619636567640592701109,0.878538889294222943351722200682,4997,76,136,C1,Eckard Specht
2456,0.018904391594980442259275826882,0.038537307542765517365421220092,52.8977616114090320030997567707,0.877715508991557817771248667688,4340,91,139,C1,Eckard Specht
2457,0.018912406963542274597713308716,0.038553962149309291520331094915,52.8753427275393727362374897209,0.878817639988956178089133524372,6090,38,136,C1,Eckard Specht
2458,0.018907764867198169871565083485,0.038544316609821689146582649889,52.8883242955297074441380820769,0.878743780647656921991876268182,4295,72,139,C1,Eckard Specht
2459,0.018901205027035036815804674770,0.038530686458657562777413648130,52.9066796836321264676522072389,0.878491401074601770598501551551,4715,105,136,C1,Eckard Specht
2460,0.018897633171308955429562863926,0.038523264870705679506186220328,52.9166796145791851511560512531,0.878516527114297157253508053785,4903,79,133,C1,Eckard Specht
2461,0.018896894458235593557662474692,0.038521729982295270522393010796,52.9187482213080095850899571871,0.878804938227775608989660866679,4442,61,134,C1,Eckard Specht
2462,0.018897479223057462554964041827,0.038522944998841518083831439750,52.9171107001332591235126400812,0.879216443067257434328144964907,5729,68,132,C1,Eckard Specht
2463,0.018892992396526313010663458046,0.038513622367606501389335648410,52.9296777880385498425376420310,0.879155933255280250761973000248,5851,72,137,C1,Eckard Specht
2464,0.018884881594155407915587199033,0.038496770134049763831641993066,52.9524103719816405155890518137,0.878757886961464543277042821938,4315,86,141,C1,Eckard Specht
2465,0.018880899862174652961132510929,0.038488497185555367784259198156,52.9635773347522324985632499700,0.878743855727475733937376646142,4648,52,137,C1,Eckard Specht
2466,0.018879351773059063926527413503,0.038485280698510222594239572226,52.9679202983550184547529626073,0.878956191032660165744622546736,4249,91,130,C1,Eckard Specht
2467,0.018878857861243436077671784040,0.038484254492955294237037927320,52.9693060538851927053684968502,0.879266613315796622022910102895,5502,63,138,C1,Eckard Specht
2468,0.018876944993495915840208994550,0.038480280118115818509674539495,52.9746736214229439970925056272,0.879444781045477248599097715844,4159,100,135,C1,Eckard Specht
2469,0.018867961503668380717352313271,0.038461615283881949475825054411,52.9998961363990594845955309798,0.878963929149358684294129077472,4018,85,123,C1,Eckard Specht
2470,0.018864982283177632106027111718,0.038455425486856876759700078928,53.0082660555543989568509267152,0.879042264665176684533389530301,4252,79,132,C1,Eckard Specht
2471,0.018864168634877373198063159510,0.038453735011655504056629498440,53.0105524052160549671823336319,0.879322296822460498229388262748,4603,101,130,C1,Eckard Specht
2472,0.018860605449203691935961153704,0.038446331997175200723082862653,53.0205672714616224198772484077,0.879345866514835099243016884794,4511,44,130,C1,Eckard Specht
2473,0.018860555458715758304488698041,0.038446228135356852666376065741,53.0207078041216609899130999222,0.879696925618527065112702651648,4244,98,119,C1,Eckard Specht
2474,0.018861324506295112517453120426,0.038447825934094734832632555141,53.0185459492116944246388438955,0.880124416713995442058820702667,4429,92,128,C1,Eckard Specht
2475,0.018857089157200118087483967531,0.038439026463539169039773262629,53.0304540464122729479135775405,0.880084783419420793213560949569,4106,96,127,C1,Eckard Specht
2476,0.018855495064400382393758378112,0.038435714554887141219252746781,53.0349373795028851022465495331,0.880291522650100899152248199364,3892,187,115,C1,Eckard Specht
2477,0.018854894982200449318491021866,0.038434467818821541569148534735,53.0366252871749272417200296965,0.880590999484353628370385328003,3053,387,90,C1,Eckard Specht
2478,0.018854630096911429822766563539,0.038433917491296468680583902810,53.0373703891337354034202026629,0.880921754554385900977602498357,2104,843,83,C1,Eckard Specht
2479,0.018859831122361222867377330543,0.038444723232432030904111230849,53.0227441333950547093303133268,0.881763517080718773938866825842,6715,47,114,C1,Eckard Specht
2480,0.018843863614088653992981745896,0.038411549222940247018058484603,53.0676734070792101867635188022,0.880626165847808285082918774601,4335,98,121,C1,Eckard Specht
2481,0.018832868608236438973242431145,0.038388706685521430815392134197,53.0986553775804587422931157365,0.879953488177456912132506728657,4260,84,125,C1,Eckard Specht
2482,0.018833081549173152984993500446,0.038389149073449953939044752829,53.0980550043815834420906990585,0.880328072303035107473207177671,4571,65,124,C1,Eckard Specht
2483,0.018831215280397184963287691704,0.038385271879147166412900811083,53.1033172904658206887395155369,0.880508222969737778447150722898,4254,80,123,C1,Eckard Specht
2484,0.018824553315895730833180859672,0.038371431693513253113741611133,53.1221104277457267126781587822,0.880239697936814371912002037798,4565,59,123,C1,Eckard Specht
2485,0.018824322651963732199878204849,0.038370952494140334566976870636,53.1227613597922007021766791122,0.880572481413508675709729812057,4629,70,123,C1,Eckard Specht
2486,0.018819449262910331261947876655,0.038360828185541684844952847600,53.1365177604222373089144580784,0.880470773010310939642363101770,4386,86,124,C1,Eckard Specht
2487,0.018817711772550587562374118108,0.038357218629671032427654261231,53.1414239992080686918062213013,0.880662309294360183541578948807,3936,154,117,C1,Eckard Specht
2488,0.018817049453981281975784863492,0.038355842696838093133909162150,53.1432944599304095272413427775,0.880954399182100228207618003113,4252,91,122,C1,Eckard Specht
2489,0.018815944985277689648126336096,0.038353548223926984276364403593,53.1464138943028372713173313663,0.881205026579912628271337590920,3377,223,89,C1,Eckard Specht
2490,0.018815926039183637009293147009,0.038353508864504973597814189434,53.1464674083820330045797228790,0.881557291052951787424091357911,3318,389,91,C1,Eckard Specht
2491,0.018816136625533455397382549108,0.038353946345634753916495123863,53.1458726039968391976316517738,0.881931070799257150996523545709,3324,290,86,C1,Eckard Specht
2492,0.018806721894020071117948599771,0.038334387961407809936107442929,53.1724776723564798904777618169,0.881402428690342616627984166499,4372,70,126,C1,Eckard Specht
2493,0.018803683838369118110297665060,0.038328076713389571450728938371,53.1810685925004385546256136735,0.881471265052106519039789353719,4290,66,123,C1,Eckard Specht
2494,0.018796302164031541941481537473,0.038312742207324601892437028218,53.2019538350257129376414168621,0.881132631753692605594902287904,4464,61,125,C1,Eckard Specht
2495,0.018791061442688193309148207435,0.038301855403635051664893007525,53.2167915607082905153956636714,0.880994455406492797767686217336,4470,63,123,C1,Eckard Specht
2496,0.018790054416644079131592677523,0.038299763473092157125759145696,53.2196436384030926449715914061,0.881253097871192379635546921006,4404,64,125,C1,Eckard Specht
2497,0.018787744269994905017440488402,0.038294964540607262195335324152,53.2261875416867799689948721896,0.881389398882551786943735324307,4429,73,121,C1,Eckard Specht
2498,0.018787413344506590897036105452,0.038294277101650972450507730783,53.2271250790571642707744241680,0.881711316643006130080278660436,4628,78,121,C1,Eckard Specht
2499,0.018786781538024292776620917710,0.038292964637129629590175403692,53.2289151271604530570041966659,0.882004958233068578635025891823,3696,190,113,C1,Eckard Specht
2500,0.018785758032690538343329420171,0.038290838492163696917258108608,53.2318152006335493142551439545,0.882261762156992713709215251007,3567,220,99,C1,Eckard Specht
2501,0.018785633273127974270855814790,0.038290579327314493864355072384,53.2321687249402556790427164370,0.882602943698604572773895856252,4105,90,113,C1,Eckard Specht
2502,0.018784873259784635826933890981,0.038289000541994462867516603084,53.2343224343619961069575503171,0.882884401392201969221575063211,3753,191,111,C1,Eckard Specht
2503,0.018784757384660773754125016503,0.038288759833350582683347624026,53.2346508140998591207587602918,0.883226376331420384344169105648,3884,154,104,C1,Eckard Specht
2504,0.018770983581177456443298375668,0.038260147767919961797767762614,53.2737134245190428572027379602,0.882283960810503453410173160413,4272,65,107,C1,Eckard Specht
2505,0.018766764412625511325157482093,0.038251383528385211910626332280,53.2856904905376715467734161186,0.882239573530063319507804777512,4448,77,122,C1,Eckard Specht
2506,0.018751978542099981615541904611,0.038220670273024395338270575309,53.3277060740499758296690484774,0.881201568303905648868101331092,4300,94,118,C1,Eckard Specht
2507,0.018750218434342549660848914321,0.038217014233471059995902860056,53.3327120162194318246037355009,0.881387723178246849937350715673,5120,59,120,C1,Eckard Specht
2508,0.018749018809615517199361909802,0.038214522418862766275833402270,53.3361244209294610277550090084,0.881626471458877695668565024024,5342,60,117,C1,Eckard Specht
2509,0.018742203404478524758467739214,0.038200365835572848075256369988,53.3555195415842080089743260986,0.881336902833209627461207166452,6386,28,128,C1,Eckard Specht
2510,0.018740147899557774208641126104,0.038196096292828912650845359286,53.3613718183941213655194499330,0.881494789676222137889486474046,4736,44,130,C1,Eckard Specht
2511,0.018734796569580312522244544901,0.038184980990021978248442788030,53.3766137404288610533788014657,0.881342424886434755361306077291,4772,48,125,C1,Eckard Specht
2512,0.018724394524215567795116983043,0.038163375140945846521657999558,53.4062662857662467041568143561,0.880714611149766535925843228054,4322,45,122,C1,Eckard Specht
2513,0.018724994836981436112342693629,0.038164622024323681159049683655,53.4045541110122441281239948688,0.881121709723838356628995336456,4761,40,127,C1,Eckard Specht
2514,0.018721961799798014429696149281,0.038158322251125992263046417339,53.4132058751871129686022892579,0.881186800033603614851524391419,4481,38,127,C1,Eckard Specht
2515,0.018724661402482378208627194364,0.038163929461927571695427364426,53.4055050986090107841674759850,0.881791555763597557274610286641,6515,42,126,C1,Eckard Specht
2516,0.018720016633334274375032340224,0.038154282061492618088274814716,53.4187559544858807571930819892,0.881704581244816741432299495600,5372,45,125,C1,Eckard Specht
2517,0.018716737271712245474919785208,0.038147470730670788870123538856,53.4281154606663958941697613686,0.881746011565427015691437151866,4259,68,123,C1,Eckard Specht
2518,0.018712983738382563879645695810,0.038139674587100746759854673938,53.4388323091886520073702760481,0.881742564669499154870449016085,4470,52,123,C1,Eckard Specht
2519,0.018710271731635605412276274000,0.038134041746575168264728763461,53.4465781332926952385602638365,0.881837081776267297080434078462,4413,64,123,C1,Eckard Specht
2520,0.018705195955355887529953130904,0.038123499438207343512271531945,53.4610812090246219428015869794,0.881708576435220880071318970399,4299,68,125,C1,Eckard Specht
2521,0.018705123133680652688371001604,0.038123348189514352723337725956,53.4612893405330693305618986812,0.882051592875757058485637316815,4475,69,122,C1,Eckard Specht
2522,0.018700693439178980803330805717,0.038114147873434597487088672911,53.4739528912304944904483926774,0.881983588337714781569139964468,3785,234,111,C1,Eckard Specht
2523,0.018699807765911242367729280876,0.038112308371891994716112696276,53.4764855616829898828070273245,0.882249730846172815000852570316,4245,122,121,C1,Eckard Specht
2524,0.018695855288488485626142836985,0.038104099303452514364429647800,53.4877909873278423788662974192,0.882226352539491659270109480198,4067,131,123,C1,Eckard Specht
2525,0.018695496897278696208392450235,0.038103354948778183806634385456,53.4888163440876138855536651664,0.882542050696297325938915050300,3998,129,124,C1,Eckard Specht
2526,0.018691354545405868546516215963,0.038094751599272914361031384864,53.5006704608141475196882961832,0.882500371958455237264441309625,3893,139,116,C1,Eckard Specht
2527,0.018694672579215192100276388386,0.038101642897122265100496408332,53.4911748661382705318523646333,0.883163208246940638263633839291,3846,170,101,C1,Eckard Specht
2528,0.018681707567070417630706332058,0.038074715841185159965874602242,53.5282974754761968764968641037,0.882287667587243267519015346189,4406,80,128,C1,Eckard Specht
2529,0.018659128780606965517357241504,0.038027823619374038499706283842,53.5930702744992177696988691527,0.880504446646874940101168683579,4583,63,124,C1,Eckard Specht
2530,0.018659799062886005572123044590,0.038029215648288229671137065415,53.5911451473762899399741534821,0.880915895700222072882065570453,4626,60,141,C1,Eckard Specht
2531,0.018645693447981436408401719072,0.037999921788681906058118599922,53.6316872735167149970657548837,0.879932228799083700434277203763,4988,78,128,C1,Eckard Specht
2532,0.018643292930458061706364219371,0.037994936593706779319599919785,53.6385929100686084968702068258,0.880053244108476616454743082962,6388,52,141,C1,Eckard Specht
2533,0.018636265914725830069017297770,0.037980343612547758834117549023,53.6588179507478139788160407168,0.879737261549993718095841628162,4890,54,140,C1,Eckard Specht
2534,0.018631668457628316202411487719,0.037970796201148605980511234397,53.6720585316433411676712923660,0.879650402150964183223352556758,6299,55,132,C1,Eckard Specht
2535,0.018630681440658514189122177489,0.037968746502098747390616782569,53.6749019720587480267526579606,0.879904307541259440749063154103,5466,60,148,C1,Eckard Specht
2536,0.018632479244068758672109751733,0.037972479932322330631729774577,53.6697230089939898453056011408,0.880421301131736263116184700323,5681,74,146,C1,Eckard Specht
2537,0.018624497199675621939717935063,0.037955904027624900498903238921,53.6927246560737619201444111525,0.880014000001619536710558806378,4486,67,143,C1,Eckard Specht
2538,0.018620857827919770025775084009,0.037948346419318314666781778621,53.7032186831166545250925631030,0.880016846776411276318564454751,4507,60,144,C1,Eckard Specht
2539,0.018617480221777445766817731340,0.037941332450031230771659827082,53.7129615870502653770969922009,0.880044236743208628514537168652,4595,72,141,C1,Eckard Specht
2540,0.018615880330636015966428282150,0.037938010117603802731019463541,53.7175778012661280811177887397,0.880239541230784693971538317425,4762,79,153,C1,Eckard Specht
2541,0.018614139269570871351645088035,0.037934394644154905469656233962,53.7226022389728207768437403453,0.880421385278077227018373524777,4793,48,147,C1,Eckard Specht
2542,0.018615839064909453128147753116,0.037937924425378448902400637421,53.7176968770096084527641156669,0.880928737718327727805251597990,4784,90,138,C1,Eckard Specht
2543,0.018607536403076965912767720548,0.037920683301108867895163866227,53.7416656529898674114855084248,0.880489365152235058370210408504,4553,53,148,C1,Eckard Specht
2544,0.018606622724088802762421441811,0.037918785993310598715843006787,53.7443046397326069244145884841,0.880749104996093971969643704110,4928,67,137,C1,Eckard Specht
2545,0.018606601669651812487161366218,0.037918742272583779080820987171,53.7443654544958674840429099042,0.881093317388913073189319110791,4647,67,135,C1,Eckard Specht
2546,0.018598853570228137402065453452,0.037902653034161813595677143229,53.7667548284124585554202955217,0.880705583606802077850217146133,5012,62,140,C1,Eckard Specht
2547,0.018594718042654169592061801186,0.037894065549694768284946921266,53.7787127347730504204590036539,0.880659734051554280055102429501,4235,90,137,C1,Eckard Specht
2548,0.018588818994780508106957308652,0.037881816214363358044205953041,53.7957790799289956391315126625,0.880446600249575755463838820861,4393,71,144,C1,Eckard Specht
2549,0.018590545122745403960437496027,0.037885400492846348936563256319,53.7907841538496299967013943164,0.880955729932163130428027972870,4354,101,145,C1,Eckard Specht
2550,0.018586476461129256472774018153,0.037876951999007386470766897604,53.8025591935806380258284741164,0.880915623462285419710688099894,4564,72,146,C1,Eckard Specht
2551,0.018584098340339603776041324498,0.037872013911558316854074299993,53.8094440573072274009207625038,0.881035582075827112845830666213,5330,67,144,C1,Eckard Specht
2552,0.018575387266417285480720617148,0.037853925865337464422519918786,53.8346784192173821640740720713,0.880554870872507210460184475709,4377,83,140,C1,Eckard Specht
2553,0.018567497720316896053735627367,0.037837543951699360339053429598,53.8575534012739738127341190445,0.880151783479413405767575278706,4246,86,141,C1,Eckard Specht
2554,0.018565766237370877430487228939,0.037833948722561508350552345362,53.8625762715415571734362713149,0.880332324454708789734119402177,5378,37,145,C1,Eckard Specht
2555,0.018563721946820142986814924235,0.037829704000027302561213537096,53.8685077736414896170015443801,0.880483078785666450288020931247,4272,81,144,C1,Eckard Specht
2556,0.018560302485245815390128168106,0.037822603940405201613819510374,53.8784322504944267968836736428,0.880503221246809009552069534951,4603,46,139,C1,Eckard Specht
2557,0.018558242952886799413367828294,0.037818327617776157420850799675,53.8844115005212016847006917014,0.880652231491338616053973749331,4493,96,141,C1,Eckard Specht
2558,0.018553462869408018587959539824,0.037808402531332751521368228618,53.8982941911536963828171499482,0.880542858214152184053811536087,6325,48,139,C1,Eckard Specht
2559,0.018554611514537025263489678393,0.037810787502236765464339244221,53.8949575536263661714625305680,0.880996164037342913962770385882,4615,59,138,C1,Eckard Specht
2560,0.018544842438582196119218459516,0.037790503816108768562361163496,53.9233484086938800995594378720,0.880412623543908491371985262518,4628,53,134,C1,Eckard Specht
2561,0.018544787416362580859978974235,0.037790389573751915926284184836,53.9235083987898525906555118477,0.880751308354602693034124684458,4914,39,136,C1,Eckard Specht
2562,0.018543146542019822649009481226,0.037786982640523634192560015119,53.9282800647637247493306891435,0.880939302785141211629929961062,4439,75,134,C1,Eckard Specht
2563,0.018540613471625074040654076069,0.037781723270704176490022722111,53.9356478970029775792916010118,0.881042393678477876848595175093,6728,40,132,C1,Eckard Specht
2564,0.018532503131434910014474787163,0.037764884095630366220640948605,53.9592516406375661271659025488,0.880615215819877127644309742085,5222,50,132,C1,Eckard Specht
2565,0.018526069203312441847988694198,0.037751525785864442472888053249,53.9779911769519377135382768037,0.880347090922989144608801898593,6407,38,136,C1,Eckard Specht
2566,0.018521581056186809415156778577,0.037742207467217099399290399831,53.9910711167914864849097330988,0.880263643730424490178996924729,6400,53,137,C1,Eckard Specht
2567,0.018510740353137235148360473425,0.037719700284437856167465507975,54.0226906608042890110508029591,0.879576154117382667786995356717,4811,63,133,C1,Eckard Specht
2568,0.018501993275408052662251746738,0.037701540193957228373352027359,54.0482306481621762233626675461,0.879087403259212648584910474800,5443,44,136,C1,Eckard Specht
2569,0.018499401013285899388174352546,0.037696158377049167897519404495,54.0558042545172150886202839065,0.879183315437583474489921274941,4763,44,131,C1,Eckard Specht
2570,0.018494786359180858128316709055,0.037686577925706275112979966213,54.0692917765766730849901521890,0.879086804752377818349015635061,6670,45,135,C1,Eckard Specht
2571,0.018483407339905318932165473057,0.037662954407753426940002818756,54.1025786863994141635700062714,0.878347047861558018365091995608,6064,35,133,C1,Eckard Specht
2572,0.018478719381844010474513311815,0.037653222088483355338049606654,54.1163042381895280528270775182,0.878243016021835220648399365947,6007,26,135,C1,Eckard Specht
2573,0.018477652860778614387836567589,0.037651007976811151784654036477,54.1194278047423949087949899530,0.878483064941371409053643211413,5506,39,134,C1,Eckard Specht
2574,0.018470090681533052113419485717,0.037635308931865164649342651753,54.1415858342173622405285658924,0.878105298944155216093466755544,6631,40,131,C1,Eckard Specht
2575,0.018477671454138444721206856963,0.037651046576827980830316996853,54.1193733464738039304872699720,0.879167681595238071624704140944,6782,62,132,C1,Eckard Specht
2576,0.018463481940517497069908717373,0.037621589417824562118876756899,54.1609650455764390497996030483,0.878158825987493395721850367556,6744,37,133,C1,Eckard Specht
2577,0.018453425301216382701237155652,0.037600712542610335145378541009,54.1904813700946694102206860455,0.877542989080695478307551021111,4727,40,137,C1,Eckard Specht
2578,0.018452450825770071948837646122,0.037598689622920475460181576177,54.1933431738744236218858573301,0.877790803128898608994723305364,4888,38,131,C1,Eckard Specht
2579,0.018453322340849360745402415993,0.037600498806349001236859318928,54.1907837260470504272621708997,0.878214246866033247427148648481,4453,46,127,C1,Eckard Specht
2580,0.018447357733534687222299265963,0.037588116906167366942375224803,54.2083053001211895462691857047,0.877986918960425243125853851949,4395,67,132,C1,Eckard Specht
2581,0.018445829365897718719355440005,0.037584944199221056317430834865,54.2127968422379558017834618760,0.878181690790197575143818347242,4734,53,127,C1,Eckard Specht
2582,0.018447264135734616462322403023,0.037587922608135051017244043805,54.2085803424301369706237045823,0.878658612669573536492861051695,4387,121,130,C1,Eckard Specht
2583,0.018443886515158058407825234155,0.037580911089588736447685261591,54.2185075351744707384049886319,0.878677061292147598981477817549,4082,101,135,C1,Eckard Specht
2584,0.018441691385184641529551539291,0.037576354299745546364722372810,54.2249612095429727430284236622,0.878808015282280603571321086258,4341,69,127,C1,Eckard Specht
2585,0.018437602230939488320815125683,0.037567865828693735630868999506,54.2369874062005395468214055356,0.878758280028101299776397589411,4396,50,133,C1,Eckard Specht
2586,0.018436198645682167537492270885,0.037564952212468970858578811736,54.2411165782380010297937529397,0.878964385420895028225368372121,3659,213,103,C1,Eckard Specht
2587,0.018434797275822082976782223714,0.037562043203363849228445142643,54.2452398601386795960581810908,0.879170608803900413540183813106,4591,43,132,C1,Eckard Specht
2588,0.018429727139593029012316436106,0.037551518519171768192633676859,54.2601630738024215890814655717,0.879026732234336590611491550904,4559,68,129,C1,Eckard Specht
2589,0.018420802179429957776240238068,0.037532992183066270272675452447,54.2864523628984310619731656167,0.878514892145327247737025533827,4418,69,131,C1,Eckard Specht
2590,0.018407361155388831692025868414,0.037505092085970232938750161864,54.3260922387696963526897118200,0.877572146785736751812344430643,4641,50,137,C1,Eckard Specht
2591,0.018407464641752751562637075572,0.037505306894035548190764366078,54.3257868186664294612000283214,0.877920849006345761720267780288,4604,64,143,C1,Eckard Specht
2592,0.018396546983726352486409663170,0.037482645211154045947285436611,54.3580271278410765353230154353,0.877218182876177400432938275084,4693,47,146,C1,Eckard Specht
2593,0.018385635494764997830845456468,0.037459996837010317096875207337,54.3902874765864510324306861737,0.876515919472718135141513935393,6507,54,131,C1,Eckard Specht
2594,0.018395499044160342644181359226,0.037480470039099622759120102384,54.3611237509454975173819106150,0.877795034907128383134860937806,4617,51,144,C1,Eckard Specht
2595,0.018375839276536707298380298834,0.037439663797585414104027173296,54.4192831114307561590294013863,0.876257462358898110044055818335,6447,28,152,C1,Eckard Specht
2596,0.018386184286925717340118346768,0.037461135922520469065180267581,54.3886640313451425067649719223,0.877582401754733610858984012193,4424,80,141,C1,Eckard Specht
2597,0.018383013580122810427826987343,0.037454554748830831326952810863,54.3980450017879686960650501299,0.877617683981286197601311529016,6267,60,148,C1,Eckard Specht
2598,0.018377788495792473591883506905,0.037443709566495889938354495137,54.4135111919993140251167582219,0.877456599769821527397785349850,6622,39,153,C1,Eckard Specht
2599,0.018373616919782714784544561146,0.037435051128370590458823743414,54.4258653244973573702538099284,0.877395886860091779366323958491,5375,66,149,C1,Eckard Specht
2600,0.018346127508144809197935808916,0.037377996506191193215728547327,54.5074157778554356289528464947,0.875109025817279931816694637246,6725,22,148,C1,Eckard Specht
2611,0.018341643471889296930139284500,0.037368690135250871984785980353,54.5207413682757693852392113525,0.878381876387486973882871900440,7076,52,122,C1,Eckard Specht
2623,0.018308989186098957544271374440,0.037300920522679184961239360200,54.6179797167200718479997054214,0.879279659998774113370574917213,4832,63,122,C1,Eckard Specht
2635,0.018282005592053975492706967165,0.037244923076060101923175380017,54.6985939242156433775672449788,0.880700604512897609640211248137,3700,305,117,C1,Eckard Specht
2647,0.018253557504270739550360712301,0.037185889786099520651887948423,54.7838414383624935385058614522,0.881960181053869213393756066074,3954,131,100,C1,Eckard Specht
2653,0.018250181471402254631958023322,0.037178884328707698148472616839,54.7939756964600140919170590752,0.883632385279869876833943465078,3917,239,115,C1,Eckard Specht
2665,0.018198297236258015416665269770,0.037071227692985989368501565839,54.9501960000749381255574094061,0.882589429427357665620244089396,5103,61,125,C1,Eckard Specht
2677,0.018171295600462474989697703381,0.037015205440699752051525224031,55.0318492410936920804469016028,0.883934648630958729937465167652,5006,103,119,C1,Eckard Specht
2689,0.018134486432529371962721035585,0.036938839753400155660230097123,55.1435522434324292596258184378,0.884303459483410532985237222720,3890,298,97,C1,Eckard Specht
2713,0.018045105530690268696802312823,0.036753430595083723628302582945,55.4166889353596146216325380716,0.883422886594099745221824717071,4973,51,129,C1,Eckard Specht
2725,0.017971297946613579635947992730,0.036600351718918697663031888054,55.6442836221762677526151249636,0.880086573439234088906272670757,5071,62,120,C1,Eckard Specht
2737,0.017942773701665732437375450919,0.036541197847089588421987209563,55.7327432551392074758205720158,0.881158341634845942100385509062,6755,72,142,C1,Eckard Specht
2749,0.017887938564679779376649829045,0.036427489829495063948684184167,55.9035909243632558692943253349,0.879620473411740977175946109725,7213,40,142,C1,Eckard Specht
2773,0.017791267189411330249878286974,0.036227059677023331927780048870,56.2073510196711045673275171010,0.877735438892531924907978357532,5355,43,135,C1,Eckard Specht
2779,0.017784977720770606189680941404,0.036214020998173242404968840742,56.2272281528993082121653232589,0.879012796996164670091316705630,5250,38,125,C1,Eckard Specht
2791,0.017764945280587386941028749111,0.036172492918534982595598866812,56.2906321525655505858856194751,0.880820846774939025318931801921,4294,167,125,C1,Eckard Specht
2803,0.017721227458553446797132995108,0.036081869941469619259310565889,56.4294997250505509601677809750,0.880259453093721599741032116720,5192,70,133,C1,Eckard Specht
2815,0.017705288834024012977533708171,0.036048832662466392301390326259,56.4802985918147569407123077829,0.882438466339846331188024057253,7567,64,120,C1,Eckard Specht
2839,0.017647096722657784632917387923,0.035928222258585982425134250393,56.6665449686158079594800781089,0.884121444555564271227867870640,6233,69,129,C1,Eckard Specht
2857,0.017581138906849529573267376776,0.035791533740072464815343900994,56.8791365165998814973037239432,0.883088544113357642251068395143,5492,56,139,C1,Eckard Specht
2869,0.017548626794501639349208098364,0.035724163603629084288785184987,56.9845157521568251207034826854,0.883520893507278830128430961927,5311,70,146,C1,Eckard Specht
2893,0.017477396897070405218146148313,0.035576579799537627017626587206,57.2167586448541382933608346401,0.883694050847321979025403682519,4434,227,110,C1,Eckard Specht
2905,0.017425586067497641522437827218,0.035469244507917110688924106531,57.3868790482294833534498206381,0.882106299656705804255630912575,5638,42,139,C1,Eckard Specht
2917,0.017380662300958076777039793664,0.035376186146830037758259662273,57.5352068111280692964201044828,0.881189010032180462967296456869,5459,76,122,C1,Eckard Specht
2929,0.017335319329927965756735826080,0.035282268043066603750465419799,57.6856982538293596937668916196,0.880203444776511760568613528297,7578,63,159,C1,Eckard Specht
2941,0.017281910856580963678439593073,0.035171655121652739286757421048,57.8639716579257382425932763483,0.878372126435999085530608729023,5213,86,153,C1,Eckard Specht
2965,0.017237638325445256538280252182,0.035079972529826212184432048980,58.0125874043809604153325785323,0.881008758990217373709201693580,4910,156,124,C1,Eckard Specht
2989,0.017181540964466310333979904016,0.034963814133745556102737877241,58.2019972520585731103632522231,0.882368790891851755515352726786,4752,168,126,C1,Eckard Specht
3000,0.017165872965539685721496603514,0.034931373450237982360698222511,58.2551206109639611446466425894,0.884001584007138732893284175664,6848,71,129,C1,"Yuri Stoyan, Georgiy Yaskov"
3001,0.017171748239686938454967566805,0.034943538118549512942119539195,58.2351887554945423639084579256,0.884901681759181600060290083116,4051,406,89,C1,Eckard Specht
3013,0.017120968214217371176042606447,0.034838403629611394124837192452,58.4079117190109049716763795421,0.883193315960423819639369241515,5215,98,107,C1,Eckard Specht
3025,0.017094938404909693678563406564,0.034784515967732369926871354939,58.4968472137225366672802423895,0.884016680179660555610278459371,8156,79,121,C1,Eckard Specht
3037,0.017071894972508937356653557338,0.034736813171155506644495282641,58.5758055336159892799900867244,0.885132428981365702399904298807,5608,72,141,C1,Eckard Specht
3049,0.017021287462579655259855293297,0.034632057124902760295570836763,58.7499624924638544492341486420,0.883369167768618873767996010118,6420,73,120,C1,Eckard Specht
3055,0.017015885267959442817950241307,0.034620875379248499974380158134,58.7686144007434717614636318528,0.884545773686957353283791798073,5213,138,123,C1,Eckard Specht
3067,0.016970706892049694409961925285,0.034527367619727837483836450621,58.9250646046142173676583329109,0.883311005039451815464898939743,5988,69,153,C1,Eckard Specht
3079,0.016939255603200424521703366450,0.034462276516990319726823821693,59.0344713737635926687127606379,0.883483273222524935303643045362,7083,71,156,C1,Eckard Specht
3091,0.016911446252803002612311203157,0.034404726183297240695790208848,59.1315482455709023583751045991,0.884016771391225625011089755747,5068,123,131,C1,Eckard Specht
3103,0.016848424735466688039447913243,0.034274317733627876549585917959,59.3527297477820136944764512289,0.880846798054925841414344842427,8170,20,148,C1,Eckard Specht
3115,0.016827385621958849673981754106,0.034230785878030013637126614833,59.4269378776850994939380600342,0.882046224900384619764377603986,5217,82,119,C1,Eckard Specht
3121,0.016803680569820448659388174377,0.034181740182996567609010263736,59.5107718124568728849486261841,0.881257047441483749115261654687,5657,102,106,C1,Eckard Specht
3145,0.016739838819538474825309855576,0.034049663518231667112601156800,59.7377316938569225157927950300,0.881298830649480290344208980945,8388,48,145,C1,Eckard Specht
3169,0.016691644419358158995493604776,0.033949969660334621183365596899,59.9102146484889493200802261581,0.882918238155238191268895328691,5597,83,157,C1,Eckard Specht
3181,0.016673660841413909119344718934,0.033912771736962213454954175119,59.9748315328693610853435592689,0.884352882383163188890643187871,6461,67,144,C1,Eckard Specht
3193,0.016652644654454355953716691278,0.033869302772676214568605221898,60.0505217489591721350836640155,0.885452662742174465197945048989,3287,986,76,C1,Eckard Specht
3205,0.016623839892549221955484172937,0.033809727278181690320268525577,60.1545735800907452259421697795,0.885708329137820522222714442232,5280,182,114,C1,Eckard Specht
3217,0.016584626958192907705477376792,0.033728630673923499297790789228,60.2968039329937325145391377245,0.884835371768561724927280935770,5533,159,106,C1,Eckard Specht
3241,0.016517115053220506894136431667,0.033589023878365345081890997428,60.5432605378031808311770941232,0.884193705657169360727601191688,6899,27,142,C1,Eckard Specht
3253,0.016492945439808450602033452689,0.033539048577915547533907904489,60.6319837562995066808416390612,0.884872111909461184795074767367,8907,62,120,C1,Eckard Specht
3259,0.016484665525282305217737850024,0.033521928835174783003623698308,60.6624379770589659712478483104,0.885614339588724432827171309679,5499,157,134,C1,Eckard Specht
3283,0.016397173995692135165753348671,0.033341046939245619458864948595,60.9861187215992192446069438587,0.882691395292742818488501021248,5331,151,160,C1,Eckard Specht
3295,0.016375070686251108631155007884,0.033295355166883775157927383490,61.0684386748707796055970964103,0.883530987233178565659361997584,6223,92,149,C1,Eckard Specht
3307,0.016314899796158766989004378524,0.033170980820545030464896510842,61.2936648397585162458295981744,0.880243884371225452578452484578,8333,44,146,C1,Eckard Specht
3319,0.016293679989902436488891621381,0.033127122716330997804522399940,61.3734896364555281251664185267,0.881141421268698901574616137155,5863,72,146,C1,Eckard Specht
3331,0.016277871244058194216972140533,0.033094449678882195869741101773,61.4330943528640770699758366139,0.882612046245233226045348551317,6770,80,138,C1,Eckard Specht
3343,0.016239540875490352854438706910,0.033015233992922651685871909808,61.5780955672987894781031211579,0.881624945471591566005022236893,6199,82,150,C1,Eckard Specht
3355,0.016216735731968351379805364521,0.032968106535201443326336636441,61.6646911269992200911878254163,0.882306347220674484539565330891,6381,50,115,C1,Eckard Specht
3367,0.016202871173797473615231588039,0.032939456111504612334462787218,61.7174566947834089704955588761,0.883948726402837864496442810484,9194,38,130,C1,Eckard Specht
3403,0.016141468399450116816036200938,0.032812580022436825861739162835,61.9522323033551576232453460700,0.886641448113790174292830376710,3804,837,88,C1,Eckard Specht
3415,0.016106505015115099956434865000,0.032740342521245222240936013320,62.0867158369586129428825823263,0.885917605483583663332888730535,9070,68,152,C1,Eckard Specht
3427,0.016083274211154609254903028170,0.032692348426661829679540358554,62.1763943629367841034933594432,0.886467947946531278060539592440,9464,84,120,C6,Eckard Specht
3439,0.016044612897138235777123427085,0.032612480418202023912235137153,62.3262154351111165467568636868,0.885300404782391249546685921277,6337,192,150,C1,Eckard Specht
3463,0.015981152661925126475718391171,0.032481395463423587544606936342,62.5737092407912518906285330974,0.884440643518208952736206521941,6206,54,156,C1,Eckard Specht
3481,0.015923006896051041827022324652,0.032361303043631017921317456797,62.8022085607463559396565890967,0.882580219317289525764312356247,7848,76,150,C1,Eckard Specht
3493,0.015890499383827607032212014290,0.032294169244130290910067961205,62.9306842941474675199167335750,0.882010341541317476745703551132,9077,67,168,C1,Eckard Specht
3505,0.015864010568136164150470001405,0.032239468403740357279374901738,63.0357623442688057701982069068,0.882092243727305335346677284702,9164,40,162,C1,Eckard Specht
3511,0.015859938568451436869766195910,0.032231059764768183956574033299,63.0519466190870573985954710024,0.883148694048032531876814196495,5520,163,151,C1,Eckard Specht
3535,0.015792515379115816803313227175,0.032091841661210449309617727891,63.3211351069767002282774851757,0.881641520968619903958600678123,6550,66,150,C1,Eckard Specht
3547,0.015782707488277871085889554791,0.032071591524266776527349993208,63.3604849321778137518889418416,0.883535906027943844135205215107,5986,102,150,C1,Eckard Specht
3559,0.015776598860626854829889163104,0.032058979378794051730550219969,63.3850178250819007914952281402,0.885838913856902830829067104183,4865,330,96,C1,Eckard Specht
3571,0.015750924582799726757361135717,0.032005972829841422919006506913,63.4883364937202947065462885046,0.885935193635782789420985691189,5828,119,115,C1,Eckard Specht
3595,0.015692408426003560179710658424,0.031885171993665083044147692529,63.7250811254008032316248155987,0.885274797539584581365724345023,2028,1910,38,C1,Eckard Specht
3607,0.015673281014228516486306427258,0.031845688452667259025993592711,63.8028501557638183533732286310,0.886065818067770700391377456776,7563,65,163,C1,Eckard Specht
3619,0.015651217772445257961237645321,0.031800146563958710495279336077,63.8927918925611909084704191804,0.886512475675272309168362549493,6336,99,166,C1,Eckard Specht
3631,0.015616137018328311416861346800,0.031727738752294173589198262877,64.0363233766662218166774110929,0.885469223147365159251212422457,5106,413,117,C1,Eckard Specht
3643,0.015600853414432366069491876297,0.031696194513261459608430101275,64.0990574961046001180173299071,0.886657483103101711693620129432,5724,219,143,C1,Eckard Specht
3655,0.015553648175090695497672645587,0.031598772541049592976124335484,64.2935977940859434510707946414,0.884202876031705257184578717154,5877,208,126,C1,Eckard Specht
3667,0.015535142384368707220025713271,0.031560582918103832300932597864,64.3701856898453160506133011085,0.884996159525867356201218575820,6702,145,160,C1,Eckard Specht
3679,0.015497211287834552171948912726,0.031482310594785731089773661345,64.5277386638594027673415371035,0.883561728777515118634393431406,7102,57,157,C1,Eckard Specht
3691,0.015464609313997476437355205036,0.031415039947364569792658260140,64.6637738914535880711783457188,0.882717935296825547979402310174,6631,83,151,C1,Eckard Specht
3697,0.015459193612037870367476315523,0.031403865663534752599613430289,64.6864270605494698319771008648,0.883533708396144822259122684670,6404,160,150,C1,Eckard Specht
3721,0.015404906700468930267592516208,0.031291861609516446933346758888,64.9143821149893547504714970873,0.883034790825017616381611837775,9875,70,165,C1,Eckard Specht
3745,0.015373854475907933099088918864,0.031227800614059078869560258147,65.0454966623419297478150458072,0.885150978416746984193543827524,5226,598,117,C1,Eckard Specht
3757,0.015352064566157839667004474819,0.031182850262908685438525119198,65.1378188054526886081329375463,0.885471875368150970712175379614,6045,149,147,C1,Eckard Specht
3781,0.015307498483917933119554319014,0.031090921196921351761756136991,65.3274603326337471925330043856,0.885962066686701473049718382900,6722,101,148,C1,Eckard Specht
3793,0.015298800047079069209559820983,0.031072979392754904093240036871,65.3646035586252062389235593621,0.887764101965761269287052013011,3213,1346,72,C1,Eckard Specht
3805,0.015251749397957394900814446659,0.030975936009295732783690471940,65.5662490844444345980636372288,0.885103346151246748475770406596,7205,86,158,C1,Eckard Specht
3817,0.015231116571433214465817199043,0.030933383106916679827510069809,65.6550683799212893978710737066,0.885494043152046403905402859011,9499,49,155,C1,Eckard Specht
3829,0.015216456122723403731923031909,0.030903148650947955982826600125,65.7183244202739152655012221517,0.886568715923221162739530821040,10280,38,158,C1,Eckard Specht
3853,0.015165473864003495037505601281,0.030798014207534563814633419196,65.9392518141871323356769545294,0.886157625243685747734063415490,5881,320,142,C1,Eckard Specht
3865,0.015140996411458597688091534127,0.030747541234408550500341043119,66.0458514634616225859971663162,0.886050370062415243350010940286,9885,65,180,C1,Eckard Specht
3877,0.015108812941776206881638389594,0.030681182125113318698624325383,66.1865365501334361154544940118,0.885026937931657938119468655613,10707,37,156,C1,Eckard Specht
3889,0.015083929089729729941503738186,0.030629877073259646791703657143,66.2957240153611560903780202541,0.884844401372955618937368677548,7351,73,146,C1,Eckard Specht
3901,0.015042338455468058672778181976,0.030544132083565632376899995018,66.4790253829509326521578333718,0.882686862160736258966599647638,8702,52,164,C1,Eckard Specht
3919,0.015013592966324829306667930533,0.030484873413713084161946665579,66.6063081797261186715902775251,0.883373849159476799215713971250,7915,63,157,C1,Eckard Specht
3931,0.014991970087460905919096034551,0.030440300245658046131996105030,66.7023742821090169158644510398,0.883528285883160995440868774743,7201,113,131,C1,Eckard Specht
3943,0.014964760698593655185210249288,0.030384213887021472865969804489,66.8236545936866935762716598220,0.883011439487021175109794612501,7951,38,159,C1,Eckard Specht
3949,0.014965462848801963307763269064,0.030385661181146660953413506557,66.8205193586814746585679573200,0.884438094123264640581604305329,6920,108,165,C1,Eckard Specht
3973,0.014936771972611631656530269346,0.030326524323769264986007529432,66.9488696643170493962994178885,0.886404734609216993716352076186,6228,138,171,C1,Eckard Specht
3985,0.014921278634197894231962244471,0.030294591306387546230090411905,67.0183852547403242950970922639,0.887238555976291744986921585284,3992,1141,83,C1,Eckard Specht
4000,0.014885326609723732415968632381,0.030220495160214838030604924041,67.1802524874904122812080003785,0.886291793112597702639805075176,10542,72,152,C1,"Yuri Stoyan, Georgiy Yaskov"
4009,0.014878422806865932108013282571,0.030206267228981834543921368211,67.2114250939643225101803600140,0.887462168066452101636667556868,6071,284,116,C1,Eckard Specht
4021,0.014855279973167574367591386399,0.030158574006797621613366495179,67.3161328366920804052080967710,0.887351638529479501880538090771,7457,53,160,C1,Eckard Specht
4033,0.014827307928945795135569936236,0.030100931640270021316995580613,67.4431262095666796961500698921,0.886651260672968080306864632715,6653,186,136,C1,Eckard Specht
4045,0.014793353028166707432033595841,0.030030964719200974149755861797,67.5979271295688653903889945059,0.885221123485594979457608596878,10954,48,158,C1,Eckard Specht
4057,0.014772761261388513062002416834,0.029988536005768802094050773579,67.6921519481733344430226700483,0.885377266235225450676582293836,9405,63,163,C1,Eckard Specht
4069,0.014754101388967745011010542172,0.029950089434054176938079526559,67.7777638662386835402839999677,0.885754193221679626298197405287,10627,43,177,C1,Eckard Specht
4081,0.014730675313403758845261701191,0.029901824697707768327322174751,67.8855503040025907466215826518,0.885547597165994472750166632056,7606,65,179,C1,Eckard Specht
4093,0.014701557943559931847789208567,0.029841837388631117270737432833,68.0200019507492706428665462689,0.884643853826410591332492265740,3900,1572,104,C1,Eckard Specht
4105,0.014685503530022635284891786650,0.029808763765549863918611466817,68.0943624408674712093189213389,0.885300777183911392660747197938,7229,116,164,C1,Eckard Specht
4117,0.014655529078031067398744501001,0.029747016420192940059319251693,68.2336335096233472534051347055,0.884267920537227249026023432662,6578,241,133,C1,Eckard Specht
4141,0.014601755763187308074373236782,0.029636252852259370712065524803,68.4849148429885446836277639541,0.882907874733951163672211934165,7506,71,164,C1,Eckard Specht
4153,0.014596422226478759387097611060,0.029625267363974410668619693382,68.5099392497664121404189411011,0.884819665152059974514055311637,6809,150,160,C1,Eckard Specht
4177,0.014571036577981725076564764662,0.029572982160747706009234942837,68.6292972121900190560325132847,0.886840201758893528137636109720,7810,63,143,C1,Eckard Specht
4189,0.014545704874381254845809891045,0.029520810749578337866317204475,68.7488168250449256600086201947,0.886298274395695522053893991527,5979,516,136,C1,Eckard Specht
4195,0.014544129293729196275114876636,0.029517565882083585915103769536,68.7562644558692859846241691691,0.887375468548825705923789167455,6904,191,134,C1,Eckard Specht
4219,0.014498140763311835725220537867,0.029422858267444048666581689029,68.9743613560810983557218349104,0.886817285116041335993618281367,6175,336,149,C1,Eckard Specht
4231,0.014487048520058671993470040260,0.029400016505726327103100532020,69.0271726925885962432412078755,0.887979326074142024327207841610,7334,150,156,C1,Eckard Specht
4243,0.014471442843963864684402709412,0.029367881303661988830400595861,69.1016100317258046371742497711,0.888580337835077238480127179685,7152,110,141,C1,Eckard Specht
4255,0.014440219550014709079161935033,0.029303589364049772783257406222,69.2510246493434638392591262721,0.887252347476927915486877398326,7293,100,168,C1,Eckard Specht
4267,0.014422049997852603734148316158,0.029266178282136244410031518357,69.3382702284971098123560571874,0.887516910041770746219561615334,6600,217,118,C1,Eckard Specht
4303,0.014342875056562309945593852991,0.029103173291392544440132545978,69.7210284588283435912382640827,0.885204833213740800457952573040,6901,204,150,C1,Eckard Specht
4315,0.014323541476018172725671907488,0.029063373386166098285472520120,69.8151362687987840948421239997,0.885281971391643465682222648229,7439,126,188,C1,Eckard Specht
4339,0.014278996448020329132467169733,0.028971679403334048877319428727,70.0329328913477079135265700031,0.884677579962022366336751272577,7040,185,162,C1,Eckard Specht
4345,0.014273228279866076598567467525,0.028959806488685914090377569914,70.0612349492516376185197257329,0.885185322824238087698963384999,8889,78,150,C1,Eckard Specht
4357,0.014255170553446144330034824715,0.028922638247972765205639039461,70.1499849651572935449933983468,0.885385479871650396228235859540,7309,155,181,C1,Eckard Specht
4381,0.014226299359063675489740434402,0.028863215461751381425451139555,70.2923490333340243504921528377,0.886660046920640178433810892182,6918,218,130,C1,Eckard Specht
4405,0.014190212052536014904153227050,0.028788945344276178225558661278,70.4711103891702741496972107754,0.887000130212608568350022653342,8435,58,165,C1,Eckard Specht
4417,0.014180428797206355910866296289,0.028768811680021495196129557091,70.5197292903446632657032404282,0.888190505374447778430311413601,5743,559,120,C1,Eckard Specht
4429,0.014160213144296972937030144195,0.028727209701001036261525955982,70.6204059084202476213175489152,0.888066037136917067780992188294,6923,261,133,C1,Eckard Specht
4447,0.014122954608286733925394744264,0.028650539485226244875426708584,70.8067134488447343389289125048,0.886989045020784166217916396580,8322,60,183,C1,Eckard Specht
4459,0.014109163910151592670557911503,0.028622162603945260342015213155,70.8759219446374501516552531598,0.887646469339874317607518901386,7875,87,176,C1,Eckard Specht
4471,0.014087644508730927379132904466,0.028577884089323968502491268534,70.9841875538697908937447342419,0.887322385013368012081482579246,4025,1637,84,C1,Eckard Specht
4483,0.014078899938434832009758053415,0.028559891734857251241581600851,71.0282766674149106170781367947,0.888599743444971599114429718730,8091,89,165,C1,Eckard Specht
4495,0.014048057319852987268907371801,0.028496434180484843506165309242,71.1842197986180331561526382762,0.887078875506128555862397854601,7446,179,147,C1,Eckard Specht
5000,0.013323321560347263143157419877,0.027006458856242533724260274080,75.0563585417160563539572351900,0.887554487002071153222829145671,10081,109,176,C1,"Yuri Stoyan, Georgiy Yaskov"
